height,x_speed,y_speed,z_speed,pitch,roll,yaw,mp_distance_y,mp_distance_z,Target_Label
80.0,0.0,0.0,0.0,0.0,0.0,0.0,-5.0,86.0,Benign
80.0,0.0,0.0,0.0,0.0,0.0,0.0,-6.0,86.0,Benign
80.0,0.0,0.0,0.0,0.0,0.0,0.0,-6.0,85.0,Benign
80.0,0.0,0.0,0.0,-1.0,0.0,0.0,-9.0,84.0,Benign
80.0,0.0,0.0,0.0,-1.0,0.0,0.0,-10.0,84.0,Benign
80.0,0.0,0.0,0.0,-1.0,0.0,0.0,-10.0,85.0,Benign
80.0,0.0,0.0,0.0,-1.0,0.0,0.0,-15.0,84.0,Benign
80.0,1.0,0.0,0.0,-3.0,-1.0,0.0,-11.0,85.0,Benign
80.0,1.0,0.0,0.0,-1.0,0.0,0.0,-6.0,83.0,Benign
80.0,1.0,0.0,0.0,0.0,0.0,0.0,-4.0,82.0,Benign
70.0,1.0,0.0,0.0,-1.0,0.0,0.0,-3.0,82.0,Benign
70.0,0.0,0.0,0.0,-1.0,0.0,0.0,-4.0,81.0,Benign
70.0,1.0,0.0,0.0,-1.0,-2.0,0.0,-4.0,82.0,Benign
70.0,0.0,0.0,0.0,-1.0,0.0,0.0,-4.0,82.0,Benign
70.0,0.0,0.0,0.0,-1.0,0.0,0.0,-5.0,82.0,Benign
80.0,0.0,0.0,0.0,-1.0,-1.0,0.0,-9.0,83.0,Benign
80.0,0.0,0.0,0.0,-1.0,0.0,0.0,-13.0,82.0,Benign
80.0,0.0,0.0,0.0,-1.0,0.0,0.0,-18.0,81.0,Benign
80.0,3.0,0.0,0.0,-8.0,0.0,0.0,-17.0,83.0,Benign
80.0,2.0,0.0,0.0,0.0,0.0,0.0,-16.0,85.0,Benign
80.0,2.0,0.0,0.0,-1.0,0.0,0.0,-19.0,87.0,Benign
80.0,2.0,0.0,0.0,-1.0,0.0,0.0,-22.0,89.0,Benign
80.0,2.0,0.0,0.0,-1.0,0.0,0.0,-27.0,88.0,Benign
80.0,2.0,0.0,0.0,-1.0,0.0,0.0,-23.0,92.0,Benign
80.0,2.0,0.0,0.0,-1.0,0.0,0.0,-15.0,95.0,Benign
80.0,1.0,0.0,0.0,-1.0,1.0,0.0,-11.0,92.0,Benign
80.0,0.0,0.0,0.0,0.0,-3.0,0.0,14.0,82.0,Benign
80.0,0.0,0.0,0.0,-4.0,0.0,0.0,11.0,81.0,Benign
80.0,0.0,0.0,0.0,2.0,0.0,0.0,12.0,83.0,Benign
80.0,0.0,0.0,0.0,-1.0,0.0,0.0,15.0,80.0,Benign
70.0,-2.0,-1.0,0.0,4.0,-4.0,0.0,21.0,80.0,Benign
70.0,-3.0,-3.0,0.0,-1.0,0.0,0.0,-20.0,87.0,Benign
70.0,-2.0,-2.0,0.0,-2.0,0.0,0.0,-10.0,84.0,Benign
70.0,0.0,-1.0,0.0,-1.0,0.0,0.0,-7.0,82.0,Benign
70.0,0.0,0.0,0.0,-3.0,0.0,0.0,-5.0,81.0,Benign
70.0,0.0,0.0,0.0,0.0,0.0,0.0,-2.0,81.0,Benign
70.0,0.0,0.0,0.0,0.0,0.0,0.0,-4.0,82.0,Benign
80.0,0.0,0.0,0.0,0.0,0.0,0.0,-4.0,83.0,Benign
80.0,4.0,0.0,0.0,0.0,0.0,0.0,-12.0,84.0,Benign
70.0,2.0,0.0,0.0,-1.0,-1.0,0.0,-21.0,82.0,Benign
80.0,2.0,0.0,0.0,-1.0,-1.0,0.0,-22.0,85.0,Benign
80.0,2.0,0.0,0.0,-1.0,-1.0,0.0,-17.0,85.0,Benign
70.0,2.0,-1.0,0.0,-1.0,-1.0,0.0,11.0,80.0,Benign
80.0,1.0,-1.0,0.0,2.0,-1.0,0.0,8.0,78.0,Benign
80.0,0.0,0.0,0.0,0.0,0.0,0.0,4.0,79.0,Benign
80.0,2.0,0.0,0.0,-1.0,0.0,0.0,7.0,79.0,Benign
80.0,1.0,0.0,0.0,0.0,0.0,0.0,9.0,81.0,Benign
80.0,1.0,0.0,0.0,0.0,0.0,0.0,7.0,83.0,Benign
80.0,0.0,0.0,0.0,0.0,-1.0,0.0,8.0,82.0,Benign
70.0,0.0,0.0,0.0,0.0,0.0,0.0,7.0,81.0,Benign
70.0,0.0,0.0,0.0,0.0,0.0,0.0,6.0,81.0,Benign
70.0,0.0,0.0,0.0,0.0,-1.0,0.0,8.0,81.0,Benign
70.0,0.0,0.0,0.0,-1.0,-1.0,0.0,14.0,80.0,Benign
70.0,4.0,0.0,0.0,0.0,0.0,0.0,17.0,79.0,Benign
70.0,2.0,0.0,0.0,-1.0,-1.0,0.0,25.0,77.0,Benign
70.0,2.0,0.0,0.0,-1.0,0.0,0.0,27.0,79.0,Benign
70.0,2.0,0.0,0.0,-2.0,0.0,0.0,27.0,79.0,Benign
70.0,2.0,0.0,0.0,-2.0,-1.0,0.0,40.0,69.0,Benign
70.0,2.0,-1.0,0.0,-1.0,-1.0,0.0,-22.0,82.0,Benign
70.0,0.0,0.0,0.0,1.0,0.0,0.0,-26.0,78.0,Benign
80.0,0.0,0.0,0.0,-4.0,-5.0,0.0,-29.0,79.0,Benign
80.0,1.0,-2.0,0.0,-1.0,0.0,0.0,-24.0,79.0,Benign
70.0,1.0,-1.0,0.0,-1.0,0.0,0.0,-14.0,80.0,Benign
70.0,1.0,-1.0,0.0,-1.0,0.0,0.0,-6.0,80.0,Benign
70.0,0.0,0.0,0.0,0.0,1.0,0.0,-3.0,79.0,Benign
70.0,0.0,0.0,0.0,0.0,0.0,19.0,-4.0,79.0,Benign
70.0,0.0,0.0,0.0,0.0,-1.0,55.0,-8.0,78.0,Benign
70.0,0.0,0.0,0.0,0.0,0.0,85.0,-10.0,78.0,Benign
70.0,0.0,0.0,0.0,0.0,0.0,121.0,-14.0,78.0,Benign
70.0,0.0,0.0,0.0,0.0,0.0,151.0,-15.0,80.0,Benign
70.0,0.0,0.0,0.0,0.0,0.0,172.0,-19.0,78.0,Benign
70.0,0.0,0.0,0.0,0.0,0.0,178.0,-17.0,77.0,Benign
70.0,0.0,0.0,0.0,0.0,0.0,178.0,-13.0,77.0,Benign
70.0,0.0,0.0,0.0,0.0,0.0,178.0,-12.0,78.0,Benign
70.0,-4.0,0.0,0.0,-4.0,0.0,178.0,-13.0,78.0,Benign
70.0,-2.0,0.0,0.0,0.0,0.0,178.0,-9.0,79.0,Benign
70.0,-2.0,0.0,0.0,0.0,0.0,178.0,-8.0,82.0,Benign
70.0,-2.0,0.0,0.0,-1.0,0.0,178.0,26.0,75.0,Benign
70.0,-2.0,0.0,0.0,0.0,0.0,178.0,22.0,77.0,Benign
70.0,0.0,0.0,0.0,0.0,0.0,178.0,12.0,80.0,Benign
70.0,0.0,-1.0,0.0,0.0,0.0,178.0,9.0,80.0,Benign
80.0,0.0,0.0,0.0,0.0,-1.0,178.0,5.0,81.0,Benign
80.0,0.0,0.0,0.0,0.0,0.0,178.0,3.0,82.0,Benign
80.0,0.0,0.0,0.0,0.0,0.0,178.0,3.0,82.0,Benign
80.0,-4.0,0.0,0.0,1.0,0.0,178.0,0.0,82.0,Benign
80.0,-2.0,0.0,0.0,-1.0,0.0,178.0,-1.0,79.0,Benign
80.0,-2.0,0.0,0.0,-1.0,0.0,178.0,-6.0,77.0,Benign
80.0,-2.0,0.0,0.0,0.0,0.0,178.0,0.0,85.0,Benign
80.0,-1.0,0.0,0.0,0.0,-3.0,178.0,-5.0,82.0,Benign
80.0,0.0,0.0,0.0,0.0,0.0,178.0,-6.0,83.0,Benign
80.0,-1.0,0.0,0.0,-1.0,0.0,178.0,-8.0,82.0,Benign
80.0,0.0,0.0,0.0,0.0,0.0,178.0,0.0,83.0,Benign
70.0,0.0,0.0,0.0,0.0,0.0,178.0,0.0,82.0,Benign
70.0,0.0,0.0,0.0,0.0,0.0,178.0,0.0,82.0,Benign
70.0,-4.0,0.0,0.0,-3.0,0.0,178.0,-1.0,81.0,Benign
80.0,-2.0,0.0,0.0,0.0,0.0,178.0,-3.0,81.0,Benign
80.0,-2.0,0.0,0.0,-1.0,0.0,178.0,-2.0,81.0,Benign
70.0,-2.0,0.0,0.0,-1.0,0.0,178.0,-2.0,76.0,Benign
70.0,-2.0,0.0,0.0,0.0,0.0,178.0,4.0,78.0,Benign
70.0,-1.0,0.0,0.0,0.0,0.0,178.0,-4.0,74.0,Benign
70.0,0.0,1.0,0.0,0.0,2.0,178.0,-4.0,74.0,Benign
70.0,0.0,0.0,0.0,6.0,0.0,178.0,-4.0,74.0,Benign
80.0,4.0,0.0,0.0,0.0,-1.0,178.0,-4.0,74.0,Benign
80.0,3.0,0.0,0.0,-1.0,0.0,178.0,2.0,79.0,Benign
80.0,1.0,0.0,0.0,-1.0,0.0,178.0,1.0,80.0,Benign
80.0,0.0,0.0,0.0,-2.0,0.0,178.0,3.0,81.0,Benign
80.0,0.0,0.0,0.0,0.0,0.0,-146.0,3.0,82.0,Benign
80.0,0.0,0.0,0.0,0.0,0.0,-115.0,3.0,82.0,Benign
80.0,0.0,0.0,0.0,0.0,0.0,-84.0,5.0,83.0,Benign
80.0,0.0,0.0,0.0,0.0,0.0,-46.0,8.0,84.0,Benign
80.0,0.0,0.0,0.0,0.0,0.0,-17.0,8.0,85.0,Benign
80.0,0.0,0.0,0.0,0.0,0.0,-5.0,9.0,84.0,Benign
80.0,0.0,0.0,0.0,0.0,0.0,-3.0,-200.0,-200.0,Benign
80.0,0.0,0.0,0.0,0.0,0.0,-3.0,-200.0,-200.0,Benign
70.0,0.0,0.0,2.0,0.0,0.0,-3.0,-200.0,-200.0,Benign
50.0,0.0,0.0,4.0,0.0,0.0,-3.0,-200.0,-200.0,Benign
20.0,0.0,0.0,4.0,0.0,0.0,-3.0,-200.0,-200.0,Benign
0.0,0.0,0.0,3.0,0.0,0.0,-3.0,-200.0,-200.0,Benign
0.0,-1.0,0.0,0.0,-1.0,0.0,-4.0,-200.0,-200.0,Benign
0.0,-1.0,0.0,0.0,-1.0,0.0,-4.0,-200.0,-200.0,Benign
70.0,0.0,0.0,0.0,0.0,0.0,0.0,-4.0,86.0,Benign
70.0,0.0,0.0,0.0,0.0,0.0,0.0,-5.0,86.0,Benign
70.0,0.0,0.0,0.0,0.0,0.0,0.0,-6.0,86.0,Benign
70.0,0.0,0.0,0.0,0.0,0.0,0.0,-8.0,86.0,Benign
70.0,0.0,0.0,0.0,0.0,0.0,0.0,-9.0,86.0,Benign
70.0,0.0,-1.0,0.0,0.0,-1.0,0.0,-10.0,86.0,Benign
70.0,0.0,-1.0,0.0,0.0,0.0,0.0,-7.0,85.0,Benign
70.0,0.0,0.0,0.0,0.0,2.0,0.0,-5.0,84.0,Benign
70.0,0.0,0.0,0.0,0.0,0.0,0.0,-7.0,83.0,Benign
70.0,0.0,0.0,0.0,0.0,0.0,0.0,-10.0,85.0,Benign
70.0,0.0,0.0,0.0,0.0,0.0,0.0,-11.0,86.0,Benign
70.0,0.0,0.0,0.0,0.0,0.0,0.0,-15.0,86.0,Benign
70.0,0.0,0.0,0.0,0.0,0.0,0.0,-15.0,87.0,Benign
70.0,0.0,0.0,0.0,-9.0,0.0,0.0,-15.0,87.0,Benign
70.0,3.0,0.0,0.0,1.0,0.0,0.0,-16.0,88.0,Benign
70.0,2.0,0.0,0.0,-1.0,0.0,0.0,-15.0,91.0,Benign
70.0,2.0,0.0,0.0,-1.0,-1.0,0.0,9.0,82.0,Benign
70.0,2.0,0.0,0.0,0.0,-1.0,0.0,15.0,80.0,Benign
70.0,0.0,0.0,0.0,2.0,2.0,0.0,13.0,82.0,Benign
70.0,0.0,0.0,0.0,-2.0,-2.0,0.0,11.0,83.0,Benign
70.0,1.0,0.0,0.0,0.0,-1.0,0.0,11.0,83.0,Benign
70.0,0.0,-1.0,0.0,0.0,-1.0,0.0,9.0,81.0,Benign
70.0,0.0,-1.0,0.0,0.0,0.0,0.0,6.0,79.0,Benign
60.0,0.0,0.0,0.0,0.0,0.0,0.0,5.0,79.0,Benign
60.0,0.0,0.0,0.0,0.0,0.0,0.0,7.0,79.0,Benign
70.0,2.0,0.0,0.0,-8.0,0.0,0.0,12.0,79.0,Benign
70.0,3.0,0.0,0.0,0.0,0.0,0.0,22.0,75.0,Benign
70.0,2.0,0.0,0.0,0.0,-1.0,0.0,24.0,77.0,Benign
70.0,2.0,0.0,0.0,-1.0,-1.0,0.0,-35.0,76.0,Benign
70.0,2.0,-1.0,0.0,0.0,-1.0,0.0,-23.0,82.0,Benign
70.0,1.0,-1.0,0.0,0.0,-1.0,0.0,-25.0,78.0,Benign
70.0,0.0,0.0,0.0,0.0,2.0,0.0,-20.0,78.0,Benign
70.0,0.0,0.0,0.0,-2.0,-2.0,0.0,-18.0,79.0,Benign
70.0,0.0,-1.0,0.0,0.0,0.0,0.0,-19.0,79.0,Benign
70.0,0.0,-1.0,0.0,0.0,0.0,0.0,-9.0,80.0,Benign
70.0,0.0,-1.0,0.0,0.0,0.0,0.0,-6.0,79.0,Benign
60.0,0.0,0.0,0.0,0.0,0.0,0.0,-4.0,78.0,Benign
60.0,0.0,0.0,0.0,0.0,0.0,0.0,-8.0,78.0,Benign
60.0,2.0,0.0,0.0,-8.0,0.0,0.0,-10.0,78.0,Benign
70.0,3.0,0.0,0.0,0.0,0.0,0.0,-16.0,78.0,Benign
70.0,2.0,0.0,0.0,-1.0,-1.0,0.0,-21.0,77.0,Benign
60.0,2.0,0.0,0.0,-1.0,-1.0,0.0,-24.0,78.0,Benign
60.0,2.0,0.0,0.0,-1.0,0.0,0.0,-3.0,81.0,Benign
70.0,2.0,-1.0,0.0,-1.0,-1.0,0.0,-9.0,81.0,Benign
70.0,0.0,0.0,0.0,0.0,0.0,0.0,-4.0,83.0,Benign
70.0,0.0,0.0,0.0,-1.0,0.0,0.0,-2.0,83.0,Benign
70.0,0.0,0.0,0.0,0.0,0.0,0.0,-8.0,81.0,Benign
60.0,0.0,0.0,0.0,0.0,0.0,0.0,-9.0,80.0,Benign
70.0,0.0,0.0,0.0,0.0,0.0,3.0,-5.0,81.0,Benign
70.0,0.0,0.0,0.0,0.0,0.0,33.0,-4.0,81.0,Benign
70.0,0.0,0.0,0.0,0.0,0.0,68.0,-7.0,81.0,Benign
70.0,0.0,0.0,0.0,0.0,0.0,99.0,-11.0,80.0,Benign
60.0,0.0,0.0,0.0,0.0,0.0,135.0,-13.0,79.0,Benign
60.0,0.0,0.0,0.0,0.0,0.0,164.0,-15.0,78.0,Benign
60.0,0.0,0.0,0.0,0.0,0.0,176.0,-16.0,78.0,Benign
60.0,0.0,0.0,0.0,0.0,0.0,178.0,-15.0,79.0,Benign
70.0,0.0,0.0,0.0,0.0,0.0,178.0,-13.0,80.0,Benign
70.0,0.0,0.0,0.0,-5.0,0.0,178.0,-12.0,81.0,Benign
70.0,-4.0,0.0,0.0,-1.0,0.0,178.0,-13.0,80.0,Benign
70.0,-2.0,0.0,0.0,0.0,0.0,178.0,-5.0,86.0,Benign
70.0,-2.0,0.0,0.0,0.0,0.0,178.0,-5.0,86.0,Benign
70.0,-2.0,0.0,0.0,0.0,0.0,178.0,-30.0,76.0,Benign
70.0,-1.0,0.0,0.0,5.0,0.0,178.0,-29.0,76.0,Benign
60.0,0.0,0.0,0.0,0.0,2.0,178.0,-29.0,75.0,Benign
70.0,0.0,-2.0,0.0,0.0,0.0,178.0,-17.0,78.0,Benign
70.0,0.0,-1.0,0.0,0.0,0.0,178.0,-7.0,78.0,Benign
70.0,0.0,0.0,0.0,0.0,-1.0,178.0,-3.0,79.0,Benign
70.0,0.0,0.0,0.0,0.0,0.0,178.0,-1.0,79.0,Benign
70.0,0.0,0.0,0.0,0.0,0.0,178.0,1.0,78.0,Benign
70.0,-2.0,0.0,0.0,-1.0,0.0,178.0,0.0,79.0,Benign
70.0,-2.0,0.0,0.0,-1.0,0.0,178.0,0.0,78.0,Benign
70.0,-2.0,0.0,0.0,4.0,0.0,178.0,-3.0,70.0,Benign
60.0,0.0,0.0,0.0,6.0,0.0,178.0,6.0,77.0,Benign
70.0,2.0,0.0,0.0,0.0,0.0,179.0,8.0,60.0,Benign
70.0,2.0,0.0,0.0,0.0,0.0,178.0,0.0,78.0,Benign
70.0,2.0,0.0,0.0,-5.0,0.0,178.0,0.0,80.0,Benign
70.0,0.0,0.0,0.0,2.0,0.0,178.0,-2.0,81.0,Benign
70.0,1.0,0.0,0.0,0.0,0.0,178.0,-2.0,81.0,Benign
70.0,0.0,0.0,0.0,-5.0,0.0,178.0,0.0,80.0,Benign
70.0,-4.0,0.0,0.0,0.0,0.0,179.0,-5.0,80.0,Benign
70.0,-2.0,0.0,0.0,0.0,0.0,178.0,0.0,80.0,Benign
70.0,-2.0,0.0,0.0,0.0,0.0,178.0,-7.0,76.0,Benign
70.0,-2.0,0.0,0.0,0.0,0.0,178.0,5.0,80.0,Benign
70.0,-1.0,0.0,0.0,2.0,0.0,178.0,3.0,82.0,Benign
70.0,0.0,0.0,0.0,0.0,0.0,178.0,2.0,82.0,Benign
70.0,0.0,0.0,0.0,0.0,0.0,178.0,2.0,83.0,Benign
70.0,0.0,0.0,0.0,0.0,0.0,178.0,2.0,84.0,Benign
70.0,-4.0,0.0,0.0,-2.0,0.0,178.0,2.0,82.0,Benign
70.0,-2.0,0.0,0.0,0.0,0.0,178.0,0.0,81.0,Benign
70.0,-2.0,0.0,0.0,0.0,0.0,178.0,-1.0,78.0,Benign
70.0,-2.0,0.0,0.0,-1.0,0.0,178.0,-2.0,79.0,Benign
70.0,-2.0,0.0,0.0,0.0,0.0,178.0,-3.0,83.0,Benign
70.0,0.0,0.0,0.0,0.0,0.0,178.0,-9.0,81.0,Benign
70.0,0.0,0.0,0.0,-2.0,0.0,178.0,-8.0,80.0,Benign
70.0,-1.0,0.0,0.0,0.0,0.0,178.0,-7.0,81.0,Benign
70.0,-1.0,0.0,0.0,-1.0,0.0,178.0,-5.0,81.0,Benign
70.0,0.0,0.0,0.0,1.0,0.0,178.0,-2.0,80.0,Benign
70.0,0.0,0.0,0.0,0.0,0.0,-155.0,-3.0,80.0,Benign
70.0,0.0,0.0,0.0,0.0,0.0,-131.0,-5.0,79.0,Benign
70.0,0.0,0.0,0.0,0.0,0.0,-95.0,0.0,80.0,Benign
70.0,0.0,0.0,0.0,0.0,0.0,-65.0,0.0,80.0,Benign
70.0,0.0,0.0,0.0,0.0,0.0,-30.0,2.0,82.0,Benign
70.0,0.0,0.0,0.0,0.0,0.0,-8.0,2.0,84.0,Benign
70.0,0.0,0.0,0.0,0.0,0.0,-3.0,3.0,84.0,Benign
70.0,0.0,0.0,0.0,0.0,0.0,-2.0,-200.0,-200.0,Benign
70.0,0.0,0.0,1.0,0.0,0.0,-3.0,-200.0,-200.0,Benign
50.0,0.0,0.0,4.0,0.0,0.0,-3.0,-200.0,-200.0,Benign
30.0,0.0,0.0,4.0,0.0,0.0,-2.0,-200.0,-200.0,Benign
0.0,0.0,0.0,4.0,0.0,0.0,-2.0,-200.0,-200.0,Benign
0.0,0.0,0.0,0.0,-1.0,0.0,0.0,-200.0,-200.0,Benign
0.0,0.0,0.0,0.0,-1.0,0.0,0.0,-200.0,-200.0,Benign
70.0,0.0,0.0,0.0,0.0,0.0,0.0,-4.0,84.0,Benign
70.0,0.0,0.0,0.0,0.0,0.0,0.0,-5.0,83.0,Benign
70.0,0.0,0.0,0.0,0.0,0.0,0.0,-7.0,84.0,Benign
70.0,0.0,0.0,0.0,0.0,-1.0,0.0,-6.0,84.0,Benign
70.0,0.0,0.0,0.0,0.0,-1.0,0.0,-7.0,85.0,Benign
70.0,0.0,0.0,0.0,0.0,0.0,0.0,-8.0,85.0,Benign
70.0,0.0,0.0,0.0,0.0,-1.0,0.0,-7.0,86.0,Benign
70.0,1.0,0.0,0.0,0.0,-1.0,0.0,-7.0,85.0,Benign
70.0,0.0,0.0,0.0,0.0,-1.0,0.0,-5.0,84.0,Benign
60.0,0.0,0.0,0.0,0.0,0.0,0.0,-7.0,83.0,Benign
70.0,0.0,0.0,0.0,0.0,0.0,0.0,-10.0,84.0,Benign
70.0,0.0,0.0,0.0,0.0,-1.0,0.0,-14.0,85.0,Benign
70.0,0.0,0.0,0.0,0.0,-1.0,0.0,-18.0,85.0,Benign
70.0,2.0,0.0,0.0,-8.0,0.0,0.0,-22.0,86.0,Benign
70.0,3.0,0.0,0.0,0.0,0.0,0.0,-22.0,88.0,Benign
70.0,2.0,0.0,0.0,-1.0,-1.0,0.0,-22.0,95.0,Benign
70.0,2.0,0.0,0.0,-1.0,-1.0,0.0,-22.0,95.0,Benign
70.0,2.0,0.0,0.0,-1.0,-1.0,0.0,19.0,81.0,Benign
70.0,1.0,-1.0,0.0,0.0,-1.0,0.0,20.0,79.0,Benign
70.0,0.0,0.0,0.0,0.0,0.0,0.0,17.0,78.0,Benign
60.0,1.0,-1.0,0.0,-4.0,-3.0,0.0,15.0,79.0,Benign
60.0,1.0,-1.0,0.0,0.0,0.0,0.0,12.0,80.0,Benign
60.0,1.0,0.0,0.0,0.0,-1.0,0.0,8.0,80.0,Benign
60.0,0.0,0.0,0.0,1.0,-1.0,0.0,5.0,80.0,Benign
60.0,0.0,0.0,0.0,0.0,-1.0,0.0,5.0,80.0,Benign
60.0,0.0,0.0,0.0,0.0,0.0,0.0,6.0,81.0,Benign
70.0,0.0,0.0,0.0,0.0,0.0,0.0,7.0,82.0,Benign
70.0,0.0,0.0,0.0,-9.0,0.0,0.0,13.0,82.0,Benign
70.0,3.0,0.0,0.0,0.0,0.0,0.0,15.0,83.0,Benign
70.0,2.0,0.0,0.0,-1.0,-1.0,0.0,25.0,80.0,Benign
60.0,2.0,0.0,0.0,-1.0,0.0,0.0,29.0,78.0,Benign
60.0,2.0,0.0,0.0,-1.0,0.0,0.0,-32.0,74.0,Benign
70.0,2.0,-1.0,0.0,-1.0,0.0,0.0,-30.0,81.0,Benign
70.0,1.0,-1.0,0.0,3.0,-1.0,0.0,-25.0,82.0,Benign
70.0,0.0,0.0,0.0,0.0,0.0,0.0,-27.0,80.0,Benign
60.0,1.0,-2.0,0.0,0.0,0.0,0.0,-26.0,80.0,Benign
60.0,0.0,-1.0,0.0,0.0,0.0,0.0,-16.0,81.0,Benign
70.0,0.0,-1.0,0.0,-1.0,-1.0,0.0,-11.0,83.0,Benign
60.0,0.0,-1.0,0.0,0.0,0.0,0.0,-8.0,82.0,Benign
60.0,0.0,0.0,0.0,-1.0,-1.0,0.0,-6.0,82.0,Benign
60.0,0.0,0.0,0.0,-1.0,1.0,0.0,-4.0,82.0,Benign
60.0,0.0,0.0,0.0,0.0,0.0,0.0,-8.0,82.0,Benign
70.0,0.0,0.0,0.0,0.0,-1.0,0.0,-10.0,82.0,Benign
60.0,4.0,0.0,0.0,-1.0,0.0,0.0,-14.0,82.0,Benign
70.0,2.0,0.0,0.0,-1.0,0.0,0.0,-25.0,79.0,Benign
60.0,2.0,0.0,0.0,-1.0,-1.0,0.0,-26.0,80.0,Benign
60.0,2.0,0.0,0.0,-1.0,-1.0,0.0,-8.0,78.0,Benign
60.0,1.0,0.0,0.0,-2.0,-1.0,0.0,-12.0,82.0,Benign
60.0,1.0,-1.0,0.0,-1.0,0.0,0.0,-14.0,83.0,Benign
60.0,0.0,0.0,0.0,0.0,0.0,0.0,-11.0,82.0,Benign
60.0,0.0,0.0,0.0,-1.0,0.0,0.0,-12.0,83.0,Benign
60.0,0.0,-1.0,0.0,0.0,0.0,0.0,-9.0,82.0,Benign
60.0,0.0,0.0,0.0,0.0,1.0,0.0,-4.0,81.0,Benign
60.0,0.0,0.0,0.0,0.0,0.0,27.0,-4.0,81.0,Benign
60.0,0.0,0.0,0.0,0.0,0.0,57.0,-4.0,82.0,Benign
60.0,0.0,0.0,0.0,0.0,0.0,88.0,-9.0,81.0,Benign
60.0,0.0,0.0,0.0,0.0,0.0,125.0,-12.0,79.0,Benign
60.0,0.0,0.0,0.0,0.0,0.0,156.0,-15.0,78.0,Benign
60.0,0.0,0.0,0.0,0.0,0.0,174.0,-16.0,79.0,Benign
60.0,0.0,0.0,0.0,0.0,0.0,178.0,-13.0,81.0,Benign
60.0,0.0,0.0,0.0,0.0,0.0,178.0,-11.0,81.0,Benign
60.0,0.0,0.0,0.0,-9.0,0.0,178.0,-10.0,81.0,Benign
60.0,-3.0,0.0,0.0,1.0,0.0,177.0,-10.0,80.0,Benign
60.0,-2.0,0.0,0.0,0.0,0.0,177.0,-5.0,83.0,Benign
60.0,-2.0,0.0,0.0,0.0,0.0,178.0,-2.0,76.0,Benign
60.0,-2.0,0.0,0.0,0.0,0.0,178.0,-2.0,76.0,Benign
60.0,-1.0,0.0,0.0,0.0,0.0,178.0,-17.0,80.0,Benign
60.0,0.0,0.0,0.0,0.0,0.0,178.0,-14.0,80.0,Benign
60.0,0.0,-1.0,0.0,0.0,0.0,178.0,-12.0,79.0,Benign
60.0,0.0,0.0,0.0,0.0,-2.0,178.0,-6.0,80.0,Benign
60.0,0.0,0.0,0.0,0.0,0.0,178.0,-4.0,80.0,Benign
60.0,0.0,0.0,0.0,0.0,0.0,178.0,-2.0,79.0,Benign
60.0,0.0,0.0,0.0,0.0,0.0,-156.0,-3.0,79.0,Benign
60.0,0.0,0.0,0.0,0.0,0.0,-145.0,-5.0,79.0,Benign
60.0,0.0,0.0,0.0,0.0,0.0,-144.0,-3.0,79.0,Benign
60.0,0.0,0.0,0.0,0.0,0.0,-167.0,-3.0,80.0,Benign
60.0,0.0,0.0,0.0,0.0,0.0,178.0,-3.0,81.0,Benign
70.0,0.0,0.0,0.0,0.0,0.0,176.0,-3.0,82.0,Benign
70.0,-4.0,0.0,0.0,-2.0,0.0,174.0,-4.0,82.0,Benign
70.0,-2.0,0.0,0.0,0.0,0.0,174.0,2.0,81.0,Benign
70.0,-2.0,0.0,0.0,0.0,0.0,174.0,2.0,81.0,Benign
70.0,-2.0,0.0,0.0,0.0,0.0,174.0,1.0,80.0,Benign
70.0,-2.0,1.0,0.0,0.0,1.0,174.0,-2.0,82.0,Benign
70.0,0.0,0.0,0.0,-1.0,0.0,174.0,1.0,82.0,Benign
60.0,-1.0,0.0,0.0,0.0,0.0,174.0,0.0,81.0,Benign
60.0,0.0,0.0,0.0,0.0,0.0,174.0,-1.0,81.0,Benign
60.0,0.0,0.0,0.0,0.0,0.0,174.0,-3.0,81.0,Benign
60.0,-2.0,0.0,0.0,-8.0,0.0,174.0,-4.0,81.0,Benign
60.0,-3.0,0.0,0.0,0.0,0.0,174.0,-5.0,81.0,Benign
70.0,-2.0,0.0,0.0,-1.0,0.0,174.0,-8.0,78.0,Benign
60.0,-2.0,0.0,0.0,-1.0,0.0,174.0,-8.0,76.0,Benign
60.0,-2.0,0.0,0.0,-1.0,0.0,174.0,-11.0,81.0,Benign
60.0,-1.0,0.0,0.0,3.0,0.0,174.0,-5.0,77.0,Benign
60.0,0.0,0.0,0.0,0.0,0.0,174.0,-5.0,77.0,Benign
60.0,-1.0,0.0,0.0,0.0,0.0,174.0,-4.0,81.0,Benign
60.0,-1.0,0.0,0.0,0.0,0.0,174.0,-3.0,82.0,Benign
60.0,0.0,0.0,0.0,0.0,0.0,174.0,-3.0,82.0,Benign
60.0,0.0,0.0,0.0,0.0,0.0,-168.0,-3.0,82.0,Benign
60.0,0.0,0.0,0.0,0.0,0.0,-138.0,-4.0,82.0,Benign
60.0,0.0,0.0,0.0,0.0,0.0,-109.0,-2.0,83.0,Benign
70.0,0.0,0.0,0.0,0.0,0.0,-67.0,-2.0,84.0,Benign
70.0,0.0,0.0,0.0,0.0,0.0,-37.0,-1.0,84.0,Benign
70.0,0.0,0.0,0.0,0.0,0.0,-14.0,0.0,84.0,Benign
60.0,0.0,0.0,0.0,0.0,0.0,-7.0,0.0,83.0,Benign
60.0,0.0,0.0,0.0,0.0,0.0,-7.0,-200.0,-200.0,Benign
60.0,0.0,0.0,0.0,0.0,0.0,-7.0,-200.0,-200.0,Benign
60.0,0.0,0.0,3.0,0.0,0.0,-7.0,-200.0,-200.0,Benign
30.0,0.0,0.0,4.0,0.0,0.0,-6.0,-200.0,-200.0,Benign
10.0,0.0,0.0,4.0,0.0,0.0,-7.0,-200.0,-200.0,Benign
0.0,0.0,0.0,1.0,0.0,1.0,-7.0,-200.0,-200.0,Benign
0.0,0.0,0.0,0.0,0.0,1.0,-8.0,-200.0,-200.0,Benign
80.0,0.0,0.0,0.0,0.0,0.0,0.0,-5.0,85.0,Benign
80.0,0.0,0.0,0.0,0.0,0.0,0.0,-3.0,86.0,Benign
80.0,0.0,0.0,0.0,0.0,0.0,0.0,-3.0,87.0,Benign
80.0,0.0,0.0,0.0,0.0,0.0,0.0,-5.0,87.0,Benign
80.0,0.0,0.0,0.0,0.0,0.0,0.0,-5.0,87.0,Benign
80.0,0.0,0.0,0.0,0.0,0.0,0.0,-6.0,87.0,Benign
80.0,0.0,0.0,0.0,0.0,0.0,0.0,-7.0,86.0,Benign
80.0,1.0,0.0,0.0,0.0,0.0,0.0,-9.0,85.0,Benign
80.0,0.0,0.0,0.0,0.0,0.0,0.0,-5.0,84.0,Benign
70.0,0.0,0.0,0.0,0.0,0.0,0.0,-7.0,83.0,Benign
80.0,0.0,0.0,0.0,0.0,0.0,0.0,-8.0,84.0,Benign
80.0,0.0,0.0,0.0,0.0,0.0,0.0,-15.0,85.0,Benign
80.0,0.0,0.0,0.0,0.0,0.0,0.0,-17.0,86.0,Benign
80.0,0.0,0.0,0.0,0.0,0.0,1.0,-20.0,85.0,Benign
80.0,0.0,0.0,0.0,0.0,0.0,1.0,-20.0,85.0,Benign
80.0,4.0,0.0,0.0,-4.0,0.0,0.0,-21.0,86.0,Benign
80.0,2.0,0.0,0.0,-1.0,0.0,0.0,-21.0,89.0,Benign
80.0,2.0,0.0,0.0,-1.0,-1.0,0.0,-22.0,92.0,Benign
80.0,2.0,0.0,0.0,-1.0,0.0,0.0,-19.0,96.0,Benign
80.0,2.0,0.0,0.0,-1.0,-1.0,0.0,14.0,83.0,Benign
80.0,1.0,-1.0,0.0,-1.0,-1.0,0.0,18.0,81.0,Benign
80.0,0.0,0.0,0.0,0.0,0.0,0.0,16.0,83.0,Benign
80.0,1.0,-1.0,0.0,-3.0,-2.0,1.0,11.0,84.0,Benign
80.0,1.0,-1.0,0.0,-1.0,0.0,1.0,16.0,83.0,Benign
80.0,1.0,0.0,0.0,0.0,0.0,1.0,9.0,83.0,Benign
80.0,0.0,0.0,0.0,0.0,-1.0,0.0,7.0,82.0,Benign
80.0,0.0,-1.0,0.0,0.0,-1.0,0.0,5.0,82.0,Benign
80.0,0.0,0.0,0.0,-2.0,-1.0,0.0,6.0,82.0,Benign
80.0,0.0,0.0,0.0,0.0,0.0,0.0,6.0,83.0,Benign
80.0,0.0,0.0,0.0,0.0,-1.0,0.0,9.0,85.0,Benign
80.0,3.0,0.0,0.0,-8.0,0.0,0.0,16.0,84.0,Benign
80.0,3.0,0.0,0.0,0.0,0.0,0.0,18.0,85.0,Benign
80.0,2.0,0.0,0.0,-1.0,-1.0,0.0,28.0,81.0,Benign
80.0,2.0,0.0,0.0,-1.0,-1.0,0.0,27.0,82.0,Benign
80.0,2.0,-1.0,0.0,-1.0,-1.0,0.0,-24.0,85.0,Benign
80.0,2.0,-1.0,0.0,-1.0,-1.0,0.0,-21.0,83.0,Benign
80.0,0.0,0.0,0.0,1.0,1.0,0.0,-17.0,82.0,Benign
80.0,0.0,0.0,0.0,-3.0,-3.0,1.0,-16.0,82.0,Benign
80.0,0.0,-1.0,0.0,-1.0,-1.0,0.0,-15.0,81.0,Benign
80.0,0.0,-1.0,0.0,-1.0,0.0,0.0,-12.0,80.0,Benign
80.0,0.0,-1.0,0.0,0.0,-1.0,0.0,-7.0,81.0,Benign
80.0,0.0,0.0,0.0,0.0,1.0,0.0,-7.0,81.0,Benign
80.0,0.0,0.0,0.0,-1.0,0.0,1.0,-5.0,82.0,Benign
80.0,0.0,0.0,0.0,-1.0,0.0,0.0,-9.0,82.0,Benign
80.0,2.0,0.0,0.0,-8.0,0.0,0.0,-13.0,82.0,Benign
80.0,3.0,0.0,0.0,0.0,0.0,0.0,-16.0,82.0,Benign
80.0,2.0,0.0,0.0,-1.0,-1.0,0.0,-29.0,81.0,Benign
80.0,2.0,0.0,0.0,-1.0,-1.0,0.0,-40.0,79.0,Benign
80.0,2.0,-1.0,0.0,-1.0,-1.0,0.0,-13.0,84.0,Benign
80.0,1.0,-1.0,0.0,0.0,-1.0,0.0,-14.0,81.0,Benign
70.0,0.0,0.0,0.0,0.0,0.0,0.0,-8.0,81.0,Benign
70.0,1.0,-1.0,0.0,-1.0,-1.0,0.0,-13.0,80.0,Benign
70.0,0.0,-1.0,0.0,1.0,0.0,0.0,-9.0,81.0,Benign
70.0,0.0,0.0,0.0,0.0,-1.0,0.0,-6.0,81.0,Benign
80.0,0.0,0.0,0.0,0.0,0.0,11.0,-5.0,82.0,Benign
80.0,0.0,0.0,0.0,0.0,-1.0,43.0,-6.0,82.0,Benign
80.0,0.0,0.0,0.0,0.0,-1.0,81.0,-12.0,82.0,Benign
80.0,0.0,0.0,0.0,0.0,0.0,105.0,-18.0,82.0,Benign
80.0,0.0,0.0,0.0,1.0,0.0,140.0,-20.0,82.0,Benign
80.0,0.0,0.0,0.0,0.0,0.0,167.0,-23.0,81.0,Benign
80.0,0.0,0.0,0.0,1.0,0.0,176.0,-20.0,83.0,Benign
80.0,0.0,0.0,0.0,0.0,0.0,178.0,-19.0,82.0,Benign
80.0,0.0,0.0,0.0,0.0,0.0,178.0,-12.0,84.0,Benign
80.0,0.0,0.0,0.0,0.0,0.0,178.0,-10.0,84.0,Benign
80.0,-4.0,0.0,0.0,-6.0,0.0,178.0,-9.0,83.0,Benign
80.0,-2.0,0.0,0.0,-1.0,0.0,178.0,-3.0,84.0,Benign
80.0,-2.0,0.0,0.0,0.0,0.0,178.0,-23.0,82.0,Benign
80.0,-2.0,0.0,0.0,0.0,-1.0,179.0,-21.0,80.0,Benign
80.0,-2.0,0.0,0.0,0.0,1.0,179.0,-18.0,79.0,Benign
70.0,0.0,1.0,0.0,0.0,-3.0,179.0,-15.0,80.0,Benign
70.0,0.0,0.0,0.0,0.0,0.0,179.0,-15.0,80.0,Benign
80.0,0.0,-1.0,0.0,0.0,0.0,179.0,-12.0,80.0,Benign
80.0,0.0,0.0,0.0,0.0,0.0,178.0,-5.0,81.0,Benign
80.0,0.0,0.0,0.0,0.0,0.0,178.0,0.0,81.0,Benign
80.0,0.0,0.0,0.0,-2.0,0.0,178.0,1.0,81.0,Benign
80.0,-3.0,0.0,0.0,0.0,0.0,178.0,6.0,80.0,Benign
80.0,-2.0,0.0,0.0,0.0,0.0,179.0,13.0,78.0,Benign
80.0,-2.0,0.0,0.0,0.0,0.0,179.0,12.0,80.0,Benign
70.0,-2.0,0.0,0.0,0.0,0.0,179.0,-10.0,79.0,Benign
70.0,-1.0,1.0,0.0,0.0,-1.0,179.0,-13.0,77.0,Benign
70.0,0.0,0.0,0.0,0.0,0.0,179.0,-6.0,78.0,Benign
70.0,0.0,0.0,0.0,-2.0,-2.0,179.0,-9.0,78.0,Benign
70.0,0.0,0.0,0.0,0.0,0.0,178.0,-7.0,80.0,Benign
80.0,0.0,0.0,0.0,0.0,0.0,179.0,-4.0,81.0,Benign
80.0,0.0,0.0,0.0,0.0,0.0,178.0,-5.0,82.0,Benign
80.0,0.0,0.0,0.0,0.0,0.0,179.0,-7.0,83.0,Benign
80.0,-4.0,0.0,0.0,-3.0,0.0,178.0,-12.0,82.0,Benign
80.0,-2.0,0.0,0.0,0.0,-1.0,178.0,-17.0,81.0,Benign
80.0,-2.0,0.0,0.0,-1.0,0.0,178.0,-20.0,77.0,Benign
80.0,-2.0,0.0,0.0,-1.0,0.0,178.0,-15.0,79.0,Benign
80.0,-2.0,0.0,0.0,-1.0,0.0,179.0,-13.0,73.0,Benign
80.0,-1.0,0.0,0.0,1.0,0.0,178.0,3.0,81.0,Benign
70.0,0.0,0.0,0.0,-1.0,0.0,178.0,1.0,80.0,Benign
80.0,-2.0,0.0,0.0,0.0,0.0,178.0,3.0,81.0,Benign
80.0,-1.0,0.0,0.0,0.0,0.0,178.0,4.0,83.0,Benign
80.0,-1.0,0.0,0.0,0.0,0.0,178.0,4.0,83.0,Benign
80.0,0.0,0.0,0.0,0.0,-1.0,178.0,3.0,84.0,Benign
80.0,0.0,0.0,0.0,0.0,0.0,-172.0,3.0,84.0,Benign
80.0,0.0,0.0,0.0,0.0,0.0,-136.0,2.0,85.0,Benign
80.0,0.0,0.0,0.0,0.0,0.0,-106.0,4.0,85.0,Benign
80.0,0.0,0.0,0.0,0.0,0.0,-76.0,5.0,84.0,Benign
80.0,0.0,0.0,0.0,0.0,0.0,-40.0,4.0,84.0,Benign
80.0,0.0,0.0,0.0,0.0,0.0,-13.0,9.0,82.0,Benign
80.0,0.0,0.0,0.0,0.0,0.0,-3.0,11.0,82.0,Benign
80.0,0.0,0.0,0.0,0.0,0.0,-2.0,-200.0,-200.0,Benign
80.0,0.0,0.0,0.0,0.0,0.0,-2.0,-200.0,-200.0,Benign
70.0,0.0,0.0,3.0,0.0,0.0,-2.0,-200.0,-200.0,Benign
50.0,0.0,0.0,4.0,0.0,0.0,-2.0,-200.0,-200.0,Benign
30.0,0.0,0.0,4.0,0.0,0.0,-2.0,-200.0,-200.0,Benign
10.0,0.0,0.0,3.0,0.0,0.0,-2.0,-200.0,-200.0,Benign
0.0,0.0,0.0,0.0,-1.0,0.0,-2.0,-200.0,-200.0,Benign
10.0,0.0,0.0,0.0,-1.0,0.0,-2.0,-200.0,-200.0,Benign
80.0,0.0,0.0,0.0,0.0,0.0,0.0,-4.0,85.0,Benign
80.0,0.0,0.0,0.0,0.0,0.0,0.0,-4.0,85.0,Benign
80.0,0.0,0.0,0.0,0.0,0.0,0.0,-2.0,85.0,Benign
80.0,0.0,0.0,0.0,-3.0,0.0,0.0,-4.0,85.0,Benign
80.0,0.0,0.0,0.0,0.0,0.0,0.0,-3.0,85.0,Benign
80.0,0.0,0.0,0.0,0.0,0.0,0.0,-4.0,84.0,Benign
80.0,0.0,0.0,0.0,0.0,0.0,0.0,-6.0,84.0,Benign
80.0,0.0,0.0,0.0,0.0,0.0,0.0,-11.0,84.0,Benign
80.0,0.0,0.0,0.0,0.0,0.0,0.0,-10.0,86.0,Benign
80.0,0.0,0.0,0.0,-1.0,0.0,0.0,-14.0,86.0,Benign
80.0,0.0,0.0,0.0,0.0,0.0,0.0,-16.0,86.0,Benign
80.0,3.0,0.0,0.0,-8.0,0.0,0.0,-18.0,85.0,Benign
80.0,2.0,0.0,0.0,0.0,0.0,0.0,-18.0,87.0,Benign
80.0,2.0,0.0,0.0,-1.0,0.0,0.0,-19.0,89.0,Benign
80.0,2.0,0.0,0.0,-1.0,0.0,0.0,-20.0,89.0,Benign
80.0,2.0,0.0,0.0,-1.0,-1.0,0.0,-14.0,93.0,Benign
80.0,2.0,-1.0,0.0,-1.0,-1.0,0.0,12.0,83.0,Benign
80.0,0.0,0.0,0.0,2.0,1.0,0.0,10.0,82.0,Benign
80.0,0.0,0.0,0.0,-7.0,-2.0,0.0,13.0,80.0,Benign
80.0,2.0,0.0,0.0,-1.0,0.0,0.0,13.0,80.0,Benign
80.0,1.0,0.0,0.0,0.0,0.0,0.0,9.0,82.0,Benign
80.0,1.0,0.0,0.0,-1.0,-1.0,0.0,7.0,81.0,Benign
80.0,0.0,0.0,0.0,0.0,0.0,0.0,5.0,82.0,Benign
80.0,0.0,0.0,0.0,0.0,0.0,0.0,5.0,81.0,Benign
80.0,0.0,0.0,0.0,0.0,0.0,0.0,8.0,81.0,Benign
80.0,0.0,0.0,0.0,-3.0,0.0,0.0,14.0,82.0,Benign
80.0,3.0,0.0,0.0,0.0,0.0,0.0,16.0,83.0,Benign
80.0,2.0,0.0,0.0,-1.0,-1.0,0.0,21.0,81.0,Benign
80.0,2.0,0.0,0.0,-1.0,0.0,0.0,28.0,78.0,Benign
80.0,2.0,0.0,0.0,-1.0,-1.0,0.0,29.0,80.0,Benign
80.0,2.0,-1.0,0.0,-1.0,-1.0,0.0,-28.0,81.0,Benign
80.0,2.0,-1.0,0.0,-1.0,-1.0,0.0,-20.0,84.0,Benign
80.0,1.0,-1.0,0.0,0.0,2.0,0.0,-20.0,81.0,Benign
80.0,0.0,0.0,0.0,-3.0,-3.0,0.0,-19.0,81.0,Benign
80.0,1.0,-1.0,0.0,-1.0,0.0,0.0,-17.0,82.0,Benign
80.0,1.0,-1.0,0.0,-1.0,0.0,0.0,-12.0,82.0,Benign
80.0,0.0,-1.0,0.0,-1.0,0.0,0.0,-7.0,81.0,Benign
80.0,0.0,0.0,0.0,0.0,0.0,0.0,-6.0,81.0,Benign
80.0,0.0,0.0,0.0,0.0,0.0,0.0,-6.0,82.0,Benign
80.0,0.0,0.0,0.0,-1.0,0.0,0.0,-7.0,82.0,Benign
80.0,0.0,0.0,0.0,-7.0,0.0,0.0,-12.0,83.0,Benign
80.0,3.0,0.0,0.0,0.0,0.0,0.0,-13.0,84.0,Benign
80.0,2.0,0.0,0.0,-1.0,0.0,0.0,-21.0,82.0,Benign
80.0,2.0,0.0,0.0,-1.0,0.0,0.0,-28.0,81.0,Benign
80.0,2.0,0.0,0.0,-1.0,-1.0,0.0,-29.0,81.0,Benign
80.0,2.0,0.0,0.0,-1.0,-1.0,0.0,-6.0,83.0,Benign
80.0,1.0,-1.0,0.0,-1.0,0.0,0.0,-12.0,84.0,Benign
80.0,0.0,0.0,0.0,0.0,0.0,0.0,-6.0,84.0,Benign
80.0,1.0,0.0,0.0,-4.0,-1.0,0.0,-9.0,84.0,Benign
80.0,1.0,0.0,0.0,-1.0,0.0,0.0,-11.0,84.0,Benign
80.0,1.0,0.0,0.0,-1.0,-1.0,0.0,-9.0,84.0,Benign
80.0,1.0,0.0,0.0,0.0,0.0,0.0,-8.0,83.0,Benign
80.0,0.0,0.0,0.0,0.0,0.0,8.0,-6.0,83.0,Benign
80.0,0.0,0.0,0.0,0.0,0.0,43.0,-6.0,83.0,Benign
80.0,0.0,0.0,0.0,0.0,0.0,73.0,-11.0,84.0,Benign
80.0,0.0,0.0,0.0,0.0,0.0,102.0,-14.0,84.0,Benign
80.0,0.0,0.0,0.0,0.0,0.0,132.0,-16.0,84.0,Benign
80.0,0.0,0.0,0.0,0.0,0.0,161.0,-20.0,84.0,Benign
80.0,0.0,0.0,0.0,0.0,0.0,177.0,-20.0,84.0,Benign
80.0,0.0,0.0,0.0,0.0,0.0,178.0,-14.0,85.0,Benign
80.0,0.0,0.0,0.0,0.0,0.0,178.0,-12.0,85.0,Benign
80.0,0.0,0.0,0.0,-5.0,0.0,178.0,-7.0,85.0,Benign
80.0,-4.0,0.0,0.0,1.0,0.0,178.0,-7.0,85.0,Benign
80.0,-2.0,0.0,0.0,0.0,0.0,178.0,-1.0,84.0,Benign
80.0,-2.0,0.0,0.0,-1.0,0.0,178.0,2.0,79.0,Benign
80.0,-2.0,0.0,0.0,0.0,-1.0,178.0,-17.0,82.0,Benign
80.0,0.0,0.0,0.0,2.0,0.0,178.0,-16.0,82.0,Benign
80.0,0.0,0.0,0.0,1.0,3.0,178.0,-13.0,82.0,Benign
80.0,0.0,-1.0,0.0,-1.0,-2.0,178.0,-7.0,82.0,Benign
80.0,0.0,0.0,0.0,0.0,0.0,178.0,0.0,82.0,Benign
80.0,0.0,0.0,0.0,0.0,0.0,178.0,3.0,84.0,Benign
80.0,-3.0,0.0,0.0,-8.0,0.0,178.0,3.0,83.0,Benign
80.0,-2.0,0.0,0.0,0.0,0.0,178.0,17.0,80.0,Benign
80.0,-2.0,0.0,0.0,-1.0,0.0,178.0,19.0,81.0,Benign
80.0,-2.0,0.0,0.0,-1.0,-1.0,178.0,-16.0,87.0,Benign
80.0,-1.0,1.0,0.0,-1.0,-1.0,178.0,-17.0,86.0,Benign
80.0,-1.0,1.0,0.0,-1.0,-1.0,178.0,-19.0,84.0,Benign
80.0,0.0,0.0,0.0,0.0,2.0,178.0,-8.0,85.0,Benign
80.0,0.0,0.0,0.0,-3.0,-3.0,178.0,-12.0,84.0,Benign
80.0,0.0,1.0,0.0,-1.0,-1.0,178.0,-9.0,84.0,Benign
80.0,0.0,1.0,0.0,1.0,0.0,178.0,-12.0,82.0,Benign
80.0,0.0,0.0,0.0,0.0,0.0,178.0,-6.0,82.0,Benign
80.0,0.0,0.0,0.0,-1.0,0.0,178.0,-11.0,83.0,Benign
80.0,-1.0,0.0,0.0,-8.0,0.0,178.0,-17.0,83.0,Benign
80.0,-3.0,0.0,0.0,0.0,-1.0,178.0,-19.0,84.0,Benign
80.0,-2.0,0.0,0.0,-1.0,0.0,178.0,-23.0,83.0,Benign
80.0,-2.0,0.0,0.0,-1.0,0.0,178.0,-29.0,79.0,Benign
80.0,-2.0,0.0,0.0,-1.0,-1.0,178.0,-26.0,83.0,Benign
80.0,-2.0,0.0,0.0,-1.0,-1.0,178.0,-32.0,71.0,Benign
80.0,-1.0,1.0,0.0,-1.0,-1.0,178.0,-27.0,61.0,Benign
80.0,-1.0,1.0,0.0,3.0,3.0,178.0,10.0,84.0,Benign
80.0,0.0,0.0,0.0,-7.0,-2.0,178.0,11.0,85.0,Benign
80.0,-2.0,0.0,0.0,0.0,-1.0,178.0,9.0,85.0,Benign
80.0,-1.0,0.0,0.0,0.0,-1.0,178.0,13.0,81.0,Benign
80.0,-1.0,1.0,0.0,0.0,-1.0,178.0,8.0,82.0,Benign
80.0,0.0,1.0,0.0,1.0,-1.0,178.0,6.0,82.0,Benign
80.0,0.0,0.0,0.0,-3.0,0.0,178.0,2.0,82.0,Benign
80.0,0.0,0.0,0.0,0.0,-2.0,178.0,3.0,82.0,Benign
80.0,0.0,0.0,0.0,0.0,0.0,-168.0,4.0,82.0,Benign
80.0,0.0,0.0,0.0,0.0,-1.0,-133.0,6.0,83.0,Benign
80.0,0.0,0.0,0.0,0.0,-1.0,-104.0,10.0,85.0,Benign
80.0,0.0,0.0,0.0,1.0,0.0,-67.0,20.0,83.0,Benign
80.0,0.0,0.0,0.0,0.0,0.0,-42.0,15.0,85.0,Benign
80.0,0.0,0.0,0.0,0.0,1.0,-14.0,20.0,83.0,Benign
80.0,0.0,0.0,0.0,0.0,1.0,-4.0,18.0,83.0,Benign
80.0,0.0,0.0,0.0,0.0,0.0,-3.0,-200.0,-200.0,Benign
80.0,0.0,0.0,0.0,0.0,0.0,-3.0,-200.0,-200.0,Benign
70.0,0.0,0.0,2.0,0.0,0.0,-3.0,-200.0,-200.0,Benign
50.0,0.0,0.0,4.0,0.0,0.0,-3.0,-200.0,-200.0,Benign
30.0,0.0,0.0,4.0,0.0,0.0,-3.0,-200.0,-200.0,Benign
10.0,0.0,0.0,3.0,0.0,0.0,-3.0,-200.0,-200.0,Benign
0.0,0.0,0.0,1.0,0.0,0.0,1.0,-200.0,-200.0,Benign
0.0,-1.0,-1.0,0.0,0.0,0.0,1.0,-200.0,-200.0,Benign
80.0,0.0,0.0,0.0,0.0,0.0,0.0,-1.0,86.0,Benign
80.0,0.0,0.0,0.0,0.0,0.0,0.0,-1.0,86.0,Benign
80.0,0.0,0.0,0.0,0.0,0.0,0.0,-2.0,87.0,Benign
80.0,0.0,0.0,0.0,0.0,0.0,0.0,-2.0,87.0,Benign
80.0,0.0,0.0,0.0,0.0,0.0,0.0,-2.0,86.0,Benign
80.0,0.0,0.0,0.0,0.0,0.0,0.0,-2.0,86.0,Benign
80.0,0.0,0.0,0.0,0.0,0.0,0.0,-4.0,86.0,Benign
80.0,1.0,0.0,0.0,-1.0,0.0,0.0,-4.0,86.0,Benign
80.0,0.0,0.0,0.0,0.0,0.0,0.0,-2.0,85.0,Benign
80.0,0.0,0.0,0.0,0.0,0.0,0.0,-5.0,84.0,Benign
80.0,0.0,0.0,0.0,0.0,0.0,0.0,-8.0,85.0,Benign
80.0,0.0,0.0,0.0,0.0,0.0,0.0,-11.0,86.0,Benign
80.0,0.0,0.0,0.0,0.0,0.0,0.0,-13.0,86.0,Benign
80.0,0.0,0.0,0.0,0.0,0.0,0.0,-13.0,86.0,Benign
80.0,0.0,0.0,0.0,-1.0,0.0,0.0,-14.0,86.0,Benign
80.0,3.0,0.0,0.0,-8.0,0.0,0.0,-14.0,86.0,Benign
80.0,3.0,0.0,0.0,0.0,0.0,0.0,-20.0,89.0,Benign
80.0,2.0,0.0,0.0,-1.0,0.0,0.0,-18.0,94.0,Benign
80.0,2.0,0.0,0.0,-1.0,-1.0,0.0,-15.0,87.0,Benign
80.0,2.0,0.0,0.0,-1.0,-1.0,0.0,16.0,83.0,Benign
80.0,1.0,-1.0,0.0,0.0,1.0,0.0,18.0,83.0,Benign
80.0,0.0,0.0,0.0,-4.0,-3.0,0.0,20.0,80.0,Benign
80.0,2.0,-1.0,0.0,0.0,0.0,0.0,16.0,81.0,Benign
80.0,1.0,-1.0,0.0,0.0,0.0,0.0,9.0,81.0,Benign
80.0,1.0,0.0,0.0,-1.0,0.0,0.0,4.0,81.0,Benign
80.0,0.0,0.0,0.0,-1.0,0.0,0.0,4.0,81.0,Benign
80.0,0.0,0.0,0.0,0.0,0.0,0.0,5.0,81.0,Benign
80.0,0.0,0.0,0.0,-1.0,0.0,0.0,6.0,82.0,Benign
80.0,2.0,0.0,0.0,-8.0,0.0,0.0,11.0,82.0,Benign
80.0,2.0,0.0,0.0,0.0,0.0,0.0,15.0,84.0,Benign
80.0,2.0,0.0,0.0,-1.0,0.0,0.0,20.0,84.0,Benign
80.0,2.0,0.0,0.0,-1.0,0.0,0.0,28.0,80.0,Benign
80.0,2.0,0.0,0.0,-1.0,0.0,0.0,29.0,80.0,Benign
80.0,2.0,0.0,0.0,-1.0,0.0,0.0,-30.0,81.0,Benign
80.0,1.0,-1.0,0.0,-1.0,0.0,0.0,-36.0,82.0,Benign
80.0,0.0,0.0,0.0,1.0,0.0,0.0,-20.0,81.0,Benign
80.0,1.0,0.0,0.0,-4.0,-4.0,0.0,-24.0,81.0,Benign
80.0,1.0,-1.0,0.0,-1.0,0.0,0.0,-21.0,82.0,Benign
80.0,1.0,-1.0,0.0,0.0,0.0,0.0,-14.0,82.0,Benign
80.0,0.0,-1.0,0.0,-1.0,0.0,0.0,-11.0,81.0,Benign
80.0,0.0,0.0,0.0,-1.0,0.0,0.0,-5.0,81.0,Benign
80.0,0.0,0.0,0.0,0.0,0.0,0.0,-5.0,81.0,Benign
80.0,0.0,0.0,0.0,0.0,0.0,0.0,-6.0,81.0,Benign
80.0,0.0,0.0,0.0,-1.0,0.0,0.0,-9.0,82.0,Benign
80.0,4.0,0.0,0.0,-5.0,0.0,0.0,-15.0,82.0,Benign
80.0,2.0,0.0,0.0,-1.0,0.0,0.0,-20.0,82.0,Benign
80.0,2.0,0.0,0.0,-1.0,-1.0,0.0,-27.0,81.0,Benign
80.0,2.0,0.0,0.0,-1.0,-1.0,0.0,-35.0,83.0,Benign
80.0,2.0,0.0,0.0,-1.0,-1.0,0.0,-9.0,90.0,Benign
80.0,1.0,-1.0,0.0,-1.0,-1.0,0.0,-12.0,89.0,Benign
80.0,1.0,-1.0,0.0,-1.0,-1.0,0.0,-12.0,85.0,Benign
80.0,0.0,0.0,0.0,0.0,0.0,0.0,-16.0,83.0,Benign
80.0,1.0,0.0,0.0,-1.0,0.0,0.0,-17.0,83.0,Benign
80.0,0.0,0.0,0.0,-1.0,0.0,0.0,-14.0,83.0,Benign
80.0,0.0,-1.0,0.0,0.0,-1.0,0.0,-10.0,82.0,Benign
80.0,0.0,0.0,0.0,0.0,0.0,0.0,-8.0,82.0,Benign
80.0,0.0,0.0,0.0,-1.0,0.0,7.0,-5.0,83.0,Benign
80.0,0.0,0.0,0.0,0.0,-1.0,36.0,-10.0,84.0,Benign
80.0,0.0,0.0,0.0,0.0,-1.0,65.0,-13.0,83.0,Benign
80.0,0.0,0.0,0.0,0.0,0.0,100.0,-16.0,83.0,Benign
80.0,0.0,0.0,0.0,0.0,0.0,130.0,-18.0,83.0,Benign
80.0,0.0,0.0,0.0,0.0,0.0,159.0,-30.0,78.0,Benign
80.0,0.0,0.0,0.0,0.0,0.0,175.0,-23.0,81.0,Benign
80.0,0.0,0.0,0.0,0.0,0.0,178.0,-17.0,83.0,Benign
80.0,0.0,0.0,0.0,0.0,0.0,178.0,-16.0,82.0,Benign
80.0,0.0,0.0,0.0,-8.0,0.0,178.0,-13.0,82.0,Benign
80.0,-4.0,0.0,0.0,0.0,0.0,178.0,-8.0,83.0,Benign
80.0,-2.0,0.0,0.0,0.0,0.0,178.0,5.0,76.0,Benign
80.0,-2.0,0.0,0.0,0.0,0.0,178.0,3.0,81.0,Benign
80.0,-2.0,0.0,0.0,-1.0,-1.0,178.0,-18.0,77.0,Benign
80.0,-2.0,0.0,0.0,0.0,2.0,178.0,-12.0,79.0,Benign
80.0,0.0,0.0,0.0,0.0,-4.0,178.0,-10.0,79.0,Benign
80.0,0.0,-1.0,0.0,1.0,2.0,178.0,-12.0,79.0,Benign
80.0,0.0,0.0,0.0,-2.0,-2.0,178.0,-5.0,80.0,Benign
80.0,0.0,0.0,0.0,0.0,0.0,178.0,0.0,80.0,Benign
80.0,0.0,0.0,0.0,-4.0,0.0,178.0,3.0,79.0,Benign
80.0,-4.0,0.0,0.0,1.0,-1.0,177.0,3.0,79.0,Benign
80.0,-2.0,0.0,0.0,0.0,0.0,178.0,14.0,78.0,Benign
80.0,-2.0,0.0,0.0,0.0,0.0,178.0,-9.0,82.0,Benign
80.0,-2.0,0.0,0.0,-1.0,0.0,178.0,-15.0,79.0,Benign
80.0,-1.0,1.0,0.0,0.0,-2.0,178.0,-17.0,79.0,Benign
80.0,0.0,0.0,0.0,0.0,2.0,178.0,-10.0,80.0,Benign
80.0,0.0,0.0,0.0,0.0,-3.0,178.0,-14.0,79.0,Benign
80.0,0.0,1.0,0.0,-1.0,0.0,178.0,-10.0,80.0,Benign
80.0,0.0,0.0,0.0,0.0,2.0,178.0,-5.0,80.0,Benign
80.0,0.0,0.0,0.0,0.0,0.0,178.0,-7.0,81.0,Benign
80.0,0.0,0.0,0.0,0.0,-1.0,178.0,-11.0,81.0,Benign
80.0,-3.0,0.0,0.0,-8.0,0.0,178.0,-17.0,80.0,Benign
80.0,-2.0,0.0,0.0,-1.0,0.0,178.0,-23.0,79.0,Benign
80.0,-2.0,0.0,0.0,-1.0,0.0,178.0,-27.0,78.0,Benign
80.0,-2.0,0.0,0.0,-1.0,0.0,178.0,-27.0,79.0,Benign
80.0,-2.0,0.0,0.0,-1.0,0.0,178.0,-33.0,72.0,Benign
80.0,-2.0,1.0,0.0,0.0,2.0,178.0,9.0,73.0,Benign
70.0,0.0,0.0,0.0,0.0,0.0,178.0,12.0,77.0,Benign
80.0,-2.0,1.0,0.0,-1.0,-1.0,178.0,10.0,75.0,Benign
80.0,-1.0,0.0,0.0,0.0,0.0,178.0,12.0,80.0,Benign
80.0,-1.0,0.0,0.0,0.0,-1.0,178.0,8.0,82.0,Benign
80.0,0.0,0.0,0.0,0.0,-1.0,178.0,5.0,82.0,Benign
80.0,0.0,0.0,0.0,0.0,0.0,-174.0,4.0,80.0,Benign
80.0,0.0,0.0,0.0,0.0,0.0,-145.0,4.0,80.0,Benign
80.0,0.0,0.0,0.0,0.0,0.0,-121.0,3.0,81.0,Benign
80.0,0.0,0.0,0.0,0.0,0.0,-91.0,5.0,83.0,Benign
80.0,0.0,0.0,0.0,0.0,0.0,-54.0,3.0,82.0,Benign
80.0,0.0,0.0,0.0,0.0,0.0,-36.0,4.0,82.0,Benign
80.0,0.0,0.0,0.0,0.0,0.0,-7.0,9.0,83.0,Benign
80.0,0.0,0.0,0.0,0.0,0.0,-3.0,9.0,84.0,Benign
80.0,0.0,0.0,0.0,0.0,0.0,-3.0,-200.0,-200.0,Benign
80.0,0.0,0.0,1.0,0.0,0.0,-3.0,-200.0,-200.0,Benign
60.0,0.0,0.0,4.0,0.0,0.0,-3.0,-200.0,-200.0,Benign
30.0,0.0,0.0,4.0,0.0,0.0,-3.0,-200.0,-200.0,Benign
10.0,0.0,0.0,3.0,0.0,0.0,-3.0,-200.0,-200.0,Benign
0.0,0.0,0.0,0.0,-1.0,0.0,-3.0,-200.0,-200.0,Benign
0.0,0.0,0.0,0.0,0.0,0.0,-3.0,-200.0,-200.0,Benign
70.0,0.0,0.0,0.0,0.0,0.0,0.0,-1.0,88.0,Benign
70.0,0.0,0.0,0.0,0.0,0.0,0.0,0.0,88.0,Benign
70.0,0.0,0.0,0.0,0.0,0.0,0.0,0.0,87.0,Benign
70.0,0.0,0.0,0.0,0.0,0.0,0.0,0.0,86.0,Benign
70.0,0.0,0.0,0.0,0.0,0.0,0.0,-1.0,85.0,Benign
70.0,0.0,0.0,0.0,0.0,0.0,0.0,-2.0,85.0,Benign
70.0,0.0,0.0,0.0,0.0,0.0,0.0,-2.0,85.0,Benign
70.0,0.0,0.0,0.0,0.0,0.0,0.0,-2.0,85.0,Benign
70.0,0.0,0.0,0.0,0.0,0.0,0.0,-1.0,85.0,Benign
70.0,0.0,0.0,0.0,0.0,0.0,0.0,-4.0,84.0,Benign
70.0,0.0,0.0,0.0,0.0,0.0,0.0,-2.0,85.0,Benign
70.0,0.0,0.0,0.0,0.0,0.0,0.0,-2.0,86.0,Benign
70.0,0.0,0.0,0.0,0.0,0.0,0.0,-3.0,86.0,Benign
70.0,0.0,0.0,0.0,0.0,0.0,0.0,-3.0,86.0,Benign
70.0,0.0,0.0,0.0,0.0,0.0,0.0,-4.0,86.0,Benign
70.0,3.0,0.0,0.0,-8.0,0.0,0.0,-8.0,86.0,Benign
70.0,2.0,0.0,0.0,0.0,0.0,0.0,-11.0,87.0,Benign
70.0,2.0,0.0,0.0,-1.0,-1.0,0.0,-14.0,88.0,Benign
70.0,2.0,0.0,0.0,-1.0,0.0,0.0,-11.0,92.0,Benign
70.0,2.0,0.0,0.0,-1.0,-1.0,0.0,7.0,82.0,Benign
70.0,1.0,-1.0,0.0,0.0,-1.0,0.0,6.0,80.0,Benign
70.0,0.0,0.0,0.0,0.0,0.0,0.0,3.0,80.0,Benign
70.0,0.0,0.0,0.0,0.0,0.0,0.0,7.0,80.0,Benign
70.0,0.0,0.0,0.0,0.0,-1.0,0.0,14.0,80.0,Benign
70.0,4.0,0.0,0.0,0.0,0.0,0.0,14.0,83.0,Benign
70.0,2.0,0.0,0.0,-1.0,-1.0,0.0,17.0,85.0,Benign
70.0,2.0,0.0,0.0,-1.0,-1.0,0.0,16.0,87.0,Benign
70.0,2.0,0.0,0.0,-1.0,-1.0,0.0,27.0,82.0,Benign
70.0,2.0,0.0,0.0,-1.0,-1.0,0.0,26.0,82.0,Benign
70.0,2.0,-1.0,0.0,-1.0,-1.0,0.0,32.0,80.0,Benign
70.0,0.0,0.0,0.0,0.0,0.0,0.0,-13.0,83.0,Benign
70.0,0.0,0.0,0.0,-1.0,0.0,0.0,-13.0,89.0,Benign
70.0,-1.0,0.0,0.0,7.0,-5.0,0.0,-20.0,83.0,Benign
70.0,-2.0,-2.0,0.0,-1.0,0.0,0.0,13.0,79.0,Benign
70.0,-1.0,-1.0,0.0,-1.0,0.0,0.0,9.0,82.0,Benign
70.0,0.0,-1.0,0.0,-1.0,0.0,0.0,3.0,83.0,Benign
70.0,0.0,0.0,0.0,0.0,1.0,0.0,2.0,83.0,Benign
70.0,0.0,0.0,0.0,0.0,0.0,0.0,3.0,83.0,Benign
70.0,0.0,0.0,0.0,0.0,-1.0,0.0,8.0,83.0,Benign
70.0,4.0,0.0,0.0,-3.0,0.0,0.0,11.0,83.0,Benign
70.0,2.0,0.0,0.0,0.0,-1.0,0.0,22.0,78.0,Benign
70.0,2.0,0.0,0.0,-1.0,-1.0,0.0,25.0,80.0,Benign
70.0,2.0,0.0,0.0,-1.0,-1.0,0.0,-21.0,85.0,Benign
70.0,2.0,-1.0,0.0,-1.0,-1.0,0.0,-21.0,82.0,Benign
70.0,1.0,-1.0,0.0,0.0,-1.0,0.0,-19.0,81.0,Benign
70.0,0.0,0.0,0.0,0.0,0.0,0.0,-12.0,83.0,Benign
70.0,0.0,-1.0,0.0,-1.0,-1.0,0.0,-14.0,82.0,Benign
70.0,0.0,-1.0,0.0,0.0,-1.0,0.0,-9.0,84.0,Benign
70.0,0.0,0.0,0.0,0.0,1.0,0.0,-6.0,83.0,Benign
70.0,0.0,0.0,0.0,0.0,0.0,16.0,-7.0,83.0,Benign
70.0,0.0,0.0,0.0,0.0,-1.0,54.0,-12.0,83.0,Benign
70.0,0.0,0.0,0.0,0.0,0.0,84.0,-15.0,83.0,Benign
70.0,0.0,0.0,0.0,0.0,0.0,114.0,-18.0,83.0,Benign
70.0,0.0,0.0,0.0,0.0,0.0,142.0,-18.0,83.0,Benign
70.0,0.0,0.0,0.0,0.0,0.0,172.0,-19.0,83.0,Benign
70.0,0.0,0.0,0.0,0.0,0.0,177.0,-16.0,83.0,Benign
70.0,0.0,0.0,0.0,0.0,0.0,178.0,-15.0,83.0,Benign
70.0,0.0,0.0,0.0,0.0,0.0,178.0,-13.0,84.0,Benign
70.0,0.0,0.0,0.0,-7.0,0.0,178.0,-9.0,84.0,Benign
70.0,-4.0,0.0,0.0,2.0,0.0,178.0,-12.0,83.0,Benign
70.0,-2.0,0.0,0.0,0.0,0.0,178.0,28.0,80.0,Benign
70.0,-2.0,0.0,0.0,0.0,0.0,178.0,19.0,80.0,Benign
70.0,-2.0,0.0,0.0,0.0,-2.0,178.0,10.0,83.0,Benign
70.0,-1.0,0.0,0.0,4.0,1.0,179.0,7.0,84.0,Benign
70.0,0.0,0.0,0.0,0.0,0.0,178.0,7.0,83.0,Benign
70.0,1.0,0.0,0.0,0.0,0.0,178.0,4.0,82.0,Benign
70.0,0.0,0.0,0.0,0.0,0.0,178.0,2.0,82.0,Benign
70.0,0.0,0.0,0.0,0.0,-1.0,178.0,-1.0,82.0,Benign
70.0,-2.0,0.0,0.0,-8.0,0.0,178.0,-6.0,83.0,Benign
70.0,-2.0,0.0,0.0,0.0,-1.0,178.0,-18.0,79.0,Benign
70.0,-2.0,0.0,0.0,-1.0,0.0,178.0,-20.0,80.0,Benign
70.0,-2.0,0.0,0.0,0.0,-1.0,178.0,-19.0,81.0,Benign
70.0,-1.0,0.0,0.0,0.0,-1.0,178.0,11.0,84.0,Benign
70.0,-1.0,1.0,0.0,0.0,-2.0,178.0,18.0,79.0,Benign
70.0,0.0,1.0,0.0,1.0,-1.0,178.0,1.0,82.0,Benign
70.0,0.0,0.0,0.0,0.0,0.0,178.0,2.0,80.0,Benign
70.0,-1.0,0.0,0.0,0.0,-1.0,178.0,5.0,81.0,Benign
70.0,-1.0,0.0,0.0,-1.0,-3.0,178.0,10.0,82.0,Benign
70.0,0.0,0.0,0.0,0.0,-2.0,178.0,7.0,82.0,Benign
70.0,0.0,0.0,0.0,0.0,-1.0,178.0,4.0,82.0,Benign
70.0,0.0,0.0,0.0,0.0,0.0,178.0,5.0,82.0,Benign
70.0,0.0,0.0,0.0,0.0,-1.0,178.0,6.0,82.0,Benign
70.0,0.0,0.0,0.0,0.0,-1.0,178.0,8.0,83.0,Benign
70.0,-4.0,0.0,0.0,0.0,-1.0,178.0,8.0,83.0,Benign
70.0,-2.0,0.0,0.0,0.0,-1.0,178.0,10.0,83.0,Benign
70.0,-2.0,0.0,0.0,-1.0,-1.0,178.0,11.0,81.0,Benign
70.0,-2.0,0.0,0.0,-1.0,-1.0,178.0,12.0,82.0,Benign
70.0,-2.0,1.0,0.0,-1.0,-2.0,178.0,7.0,73.0,Benign
70.0,-2.0,0.0,0.0,1.0,1.0,178.0,7.0,73.0,Benign
70.0,0.0,0.0,0.0,7.0,-1.0,178.0,7.0,73.0,Benign
70.0,4.0,0.0,0.0,1.0,-2.0,178.0,7.0,73.0,Benign
70.0,3.0,0.0,0.0,-1.0,-1.0,178.0,8.0,77.0,Benign
70.0,1.0,0.0,0.0,-1.0,-1.0,179.0,9.0,80.0,Benign
70.0,0.0,0.0,0.0,-1.0,0.0,178.0,9.0,78.0,Benign
60.0,0.0,0.0,0.0,0.0,0.0,-170.0,8.0,78.0,Benign
60.0,0.0,0.0,0.0,0.0,0.0,-139.0,6.0,78.0,Benign
60.0,0.0,0.0,0.0,0.0,0.0,-104.0,5.0,78.0,Benign
60.0,0.0,0.0,0.0,0.0,0.0,-74.0,9.0,79.0,Benign
70.0,0.0,0.0,0.0,0.0,1.0,-37.0,12.0,82.0,Benign
70.0,0.0,0.0,0.0,0.0,1.0,-11.0,13.0,82.0,Benign
70.0,0.0,0.0,0.0,0.0,0.0,-3.0,15.0,82.0,Benign
70.0,0.0,0.0,0.0,0.0,0.0,-2.0,-200.0,-200.0,Benign
60.0,0.0,0.0,1.0,0.0,0.0,-2.0,-200.0,-200.0,Benign
50.0,0.0,0.0,4.0,0.0,0.0,-2.0,-200.0,-200.0,Benign
30.0,0.0,0.0,4.0,0.0,0.0,-2.0,-200.0,-200.0,Benign
0.0,0.0,0.0,4.0,0.0,0.0,-2.0,-200.0,-200.0,Benign
0.0,-1.0,0.0,0.0,-1.0,0.0,-4.0,-200.0,-200.0,Benign
0.0,-1.0,0.0,0.0,-1.0,0.0,-4.0,-200.0,-200.0,Benign
70.0,0.0,0.0,0.0,0.0,0.0,0.0,0.0,76.0,Benign
80.0,0.0,0.0,0.0,0.0,0.0,0.0,-1.0,80.0,Benign
80.0,0.0,0.0,0.0,0.0,0.0,0.0,0.0,83.0,Benign
80.0,0.0,0.0,0.0,-1.0,0.0,0.0,-1.0,85.0,Benign
80.0,0.0,0.0,0.0,0.0,0.0,0.0,0.0,85.0,Benign
80.0,0.0,0.0,0.0,0.0,0.0,0.0,1.0,86.0,Benign
80.0,0.0,0.0,0.0,0.0,0.0,0.0,0.0,86.0,Benign
80.0,0.0,0.0,0.0,0.0,0.0,0.0,0.0,86.0,Benign
80.0,0.0,0.0,0.0,0.0,0.0,0.0,-1.0,86.0,Benign
80.0,0.0,0.0,0.0,-11.0,0.0,0.0,-1.0,87.0,Benign
80.0,4.0,0.0,0.0,2.0,0.0,0.0,-3.0,88.0,Benign
80.0,2.0,0.0,0.0,-1.0,0.0,0.0,-2.0,88.0,Benign
80.0,2.0,0.0,0.0,-1.0,0.0,0.0,-18.0,64.0,Benign
80.0,2.0,0.0,0.0,-1.0,0.0,0.0,-8.0,82.0,Benign
80.0,1.0,0.0,0.0,3.0,0.0,0.0,-7.0,83.0,Benign
80.0,0.0,0.0,0.0,0.0,0.0,0.0,-7.0,83.0,Benign
80.0,0.0,0.0,0.0,0.0,0.0,0.0,-3.0,83.0,Benign
80.0,1.0,0.0,0.0,-8.0,0.0,0.0,-1.0,84.0,Benign
80.0,3.0,0.0,0.0,1.0,0.0,0.0,2.0,85.0,Benign
80.0,2.0,0.0,0.0,-1.0,0.0,0.0,3.0,85.0,Benign
80.0,2.0,0.0,0.0,-1.0,0.0,0.0,10.0,83.0,Benign
80.0,2.0,0.0,0.0,-1.0,0.0,0.0,11.0,81.0,Benign
80.0,2.0,-1.0,0.0,-1.0,-1.0,0.0,0.0,83.0,Benign
80.0,0.0,0.0,0.0,0.0,0.0,0.0,-1.0,81.0,Benign
80.0,2.0,0.0,0.0,-2.0,0.0,0.0,-4.0,83.0,Benign
80.0,1.0,0.0,0.0,0.0,-1.0,0.0,-8.0,82.0,Benign
80.0,1.0,0.0,0.0,0.0,-1.0,0.0,-8.0,82.0,Benign
80.0,0.0,0.0,0.0,0.0,0.0,0.0,-8.0,81.0,Benign
80.0,0.0,0.0,0.0,0.0,2.0,0.0,-5.0,82.0,Benign
80.0,0.0,0.0,0.0,0.0,0.0,0.0,-7.0,82.0,Benign
80.0,0.0,0.0,0.0,-7.0,0.0,0.0,-11.0,83.0,Benign
80.0,4.0,0.0,0.0,1.0,0.0,0.0,-15.0,83.0,Benign
80.0,2.0,0.0,0.0,-1.0,0.0,0.0,-25.0,81.0,Benign
80.0,2.0,0.0,0.0,-1.0,0.0,0.0,-25.0,84.0,Benign
80.0,2.0,0.0,0.0,-1.0,0.0,0.0,-8.0,83.0,Benign
80.0,2.0,-1.0,0.0,-1.0,0.0,0.0,-10.0,85.0,Benign
80.0,1.0,-1.0,0.0,-1.0,0.0,0.0,-7.0,84.0,Benign
80.0,0.0,0.0,0.0,0.0,0.0,0.0,-5.0,84.0,Benign
80.0,0.0,0.0,0.0,-1.0,0.0,0.0,-11.0,82.0,Benign
80.0,0.0,0.0,0.0,-1.0,0.0,0.0,-7.0,83.0,Benign
80.0,0.0,0.0,0.0,0.0,1.0,0.0,-6.0,82.0,Benign
80.0,0.0,0.0,0.0,0.0,0.0,25.0,-8.0,83.0,Benign
80.0,0.0,0.0,0.0,0.0,-1.0,49.0,-9.0,84.0,Benign
80.0,0.0,0.0,0.0,0.0,0.0,85.0,-15.0,84.0,Benign
80.0,0.0,0.0,0.0,0.0,0.0,116.0,-17.0,83.0,Benign
80.0,0.0,0.0,0.0,0.0,0.0,146.0,-20.0,83.0,Benign
80.0,0.0,0.0,0.0,0.0,0.0,170.0,-23.0,82.0,Benign
80.0,0.0,0.0,0.0,0.0,0.0,178.0,-18.0,85.0,Benign
80.0,0.0,0.0,0.0,0.0,0.0,178.0,-15.0,85.0,Benign
80.0,0.0,0.0,0.0,0.0,0.0,178.0,-14.0,85.0,Benign
80.0,-2.0,0.0,0.0,-8.0,0.0,178.0,-10.0,84.0,Benign
80.0,-2.0,0.0,0.0,0.0,0.0,178.0,-7.0,85.0,Benign
80.0,-2.0,0.0,0.0,0.0,0.0,178.0,1.0,88.0,Benign
80.0,-2.0,0.0,0.0,0.0,0.0,178.0,-19.0,79.0,Benign
80.0,-2.0,0.0,0.0,0.0,0.0,178.0,-18.0,81.0,Benign
80.0,0.0,0.0,0.0,0.0,-1.0,178.0,-19.0,82.0,Benign
80.0,0.0,0.0,0.0,0.0,1.0,178.0,-20.0,83.0,Benign
80.0,0.0,-1.0,0.0,-1.0,0.0,178.0,-13.0,83.0,Benign
80.0,0.0,-1.0,0.0,0.0,-1.0,178.0,-4.0,84.0,Benign
80.0,0.0,0.0,0.0,0.0,0.0,178.0,1.0,83.0,Benign
80.0,0.0,0.0,0.0,0.0,-1.0,178.0,6.0,83.0,Benign
80.0,-4.0,0.0,0.0,-4.0,0.0,178.0,9.0,82.0,Benign
80.0,-2.0,0.0,0.0,0.0,-1.0,178.0,23.0,78.0,Benign
80.0,-2.0,0.0,0.0,0.0,-1.0,178.0,24.0,81.0,Benign
80.0,-2.0,0.0,0.0,0.0,0.0,178.0,33.0,74.0,Benign
80.0,-2.0,1.0,0.0,0.0,-1.0,178.0,-22.0,83.0,Benign
80.0,-1.0,1.0,0.0,-1.0,-1.0,178.0,-24.0,82.0,Benign
80.0,0.0,1.0,0.0,1.0,3.0,178.0,-16.0,84.0,Benign
80.0,0.0,0.0,0.0,0.0,0.0,178.0,-19.0,83.0,Benign
80.0,0.0,1.0,0.0,-1.0,-1.0,178.0,-22.0,83.0,Benign
80.0,0.0,1.0,0.0,-1.0,-1.0,178.0,-19.0,82.0,Benign
80.0,0.0,1.0,0.0,0.0,-1.0,178.0,-14.0,82.0,Benign
80.0,0.0,1.0,0.0,-1.0,-1.0,178.0,-12.0,82.0,Benign
80.0,0.0,1.0,0.0,0.0,-1.0,178.0,-10.0,82.0,Benign
80.0,0.0,1.0,0.0,0.0,-1.0,178.0,-12.0,81.0,Benign
80.0,0.0,1.0,0.0,0.0,-1.0,178.0,-4.0,82.0,Benign
80.0,0.0,0.0,0.0,0.0,0.0,178.0,-5.0,83.0,Benign
80.0,0.0,0.0,0.0,-1.0,-1.0,178.0,-11.0,85.0,Benign
80.0,-3.0,0.0,0.0,-8.0,0.0,178.0,-18.0,84.0,Benign
80.0,-2.0,0.0,0.0,0.0,-1.0,178.0,-22.0,84.0,Benign
80.0,-2.0,0.0,0.0,-1.0,-1.0,178.0,-26.0,81.0,Benign
80.0,-2.0,0.0,0.0,-1.0,-1.0,178.0,-24.0,83.0,Benign
80.0,-2.0,0.0,0.0,-1.0,-1.0,178.0,-28.0,81.0,Benign
80.0,-2.0,1.0,0.0,-1.0,-1.0,178.0,14.0,87.0,Benign
80.0,-1.0,1.0,0.0,2.0,-1.0,178.0,14.0,81.0,Benign
80.0,0.0,0.0,0.0,0.0,0.0,178.0,5.0,83.0,Benign
80.0,-2.0,0.0,0.0,-1.0,0.0,178.0,8.0,82.0,Benign
80.0,-1.0,0.0,0.0,0.0,-1.0,178.0,12.0,83.0,Benign
80.0,-1.0,0.0,0.0,0.0,-1.0,178.0,11.0,83.0,Benign
80.0,0.0,0.0,0.0,0.0,-1.0,178.0,7.0,83.0,Benign
80.0,0.0,0.0,0.0,0.0,1.0,178.0,5.0,83.0,Benign
80.0,0.0,0.0,0.0,0.0,0.0,-152.0,6.0,83.0,Benign
80.0,0.0,0.0,0.0,0.0,-1.0,-121.0,6.0,84.0,Benign
80.0,0.0,0.0,0.0,0.0,0.0,-92.0,9.0,84.0,Benign
80.0,0.0,0.0,0.0,0.0,0.0,-62.0,10.0,85.0,Benign
80.0,0.0,0.0,0.0,0.0,0.0,-32.0,9.0,86.0,Benign
80.0,0.0,0.0,0.0,0.0,0.0,-7.0,13.0,85.0,Benign
80.0,0.0,0.0,0.0,0.0,0.0,-3.0,13.0,85.0,Benign
80.0,0.0,0.0,0.0,0.0,0.0,-3.0,-200.0,-200.0,Benign
80.0,0.0,0.0,2.0,0.0,0.0,-3.0,-200.0,-200.0,Benign
50.0,0.0,0.0,4.0,0.0,0.0,-3.0,-200.0,-200.0,Benign
30.0,0.0,0.0,4.0,0.0,0.0,-3.0,-200.0,-200.0,Benign
0.0,0.0,0.0,3.0,0.0,0.0,-3.0,-200.0,-200.0,Benign
0.0,0.0,-1.0,0.0,-1.0,0.0,-2.0,-200.0,-200.0,Benign
0.0,0.0,-1.0,0.0,-1.0,0.0,-2.0,-200.0,-200.0,Benign
70.0,0.0,0.0,0.0,0.0,0.0,0.0,-1.0,78.0,Benign
80.0,0.0,0.0,0.0,0.0,0.0,0.0,-2.0,80.0,Benign
80.0,0.0,0.0,0.0,0.0,0.0,0.0,0.0,82.0,Benign
80.0,0.0,0.0,0.0,-2.0,0.0,0.0,0.0,83.0,Benign
80.0,0.0,0.0,0.0,0.0,0.0,0.0,0.0,83.0,Benign
80.0,0.0,0.0,0.0,0.0,0.0,0.0,0.0,84.0,Benign
80.0,0.0,0.0,0.0,0.0,0.0,0.0,0.0,85.0,Benign
80.0,0.0,0.0,0.0,0.0,0.0,0.0,-1.0,85.0,Benign
80.0,0.0,0.0,0.0,0.0,0.0,0.0,-2.0,86.0,Benign
80.0,0.0,0.0,0.0,0.0,0.0,0.0,-3.0,87.0,Benign
80.0,4.0,0.0,0.0,-7.0,0.0,0.0,-5.0,87.0,Benign
80.0,3.0,0.0,0.0,0.0,0.0,0.0,-6.0,88.0,Benign
80.0,2.0,0.0,0.0,-1.0,0.0,0.0,1.0,88.0,Benign
80.0,2.0,0.0,0.0,-1.0,0.0,0.0,-14.0,96.0,Benign
80.0,2.0,0.0,0.0,0.0,-2.0,0.0,-4.0,81.0,Benign
80.0,1.0,0.0,0.0,3.0,1.0,0.0,-6.0,83.0,Benign
80.0,0.0,0.0,0.0,0.0,0.0,0.0,-7.0,83.0,Benign
80.0,0.0,0.0,0.0,0.0,0.0,0.0,-2.0,83.0,Benign
80.0,2.0,0.0,0.0,-8.0,0.0,0.0,0.0,83.0,Benign
80.0,2.0,0.0,0.0,0.0,0.0,0.0,2.0,85.0,Benign
80.0,2.0,0.0,0.0,-1.0,-1.0,0.0,7.0,85.0,Benign
80.0,2.0,0.0,0.0,-1.0,-1.0,0.0,14.0,81.0,Benign
80.0,2.0,0.0,0.0,-1.0,-1.0,0.0,14.0,80.0,Benign
80.0,2.0,-1.0,0.0,0.0,-1.0,0.0,-5.0,81.0,Benign
80.0,0.0,0.0,0.0,0.0,0.0,0.0,-2.0,82.0,Benign
80.0,2.0,0.0,0.0,0.0,0.0,0.0,-5.0,83.0,Benign
80.0,1.0,0.0,0.0,0.0,-1.0,0.0,-7.0,83.0,Benign
80.0,1.0,0.0,0.0,0.0,0.0,0.0,-7.0,83.0,Benign
80.0,0.0,0.0,0.0,0.0,1.0,0.0,-8.0,81.0,Benign
80.0,0.0,0.0,0.0,0.0,0.0,0.0,-8.0,82.0,Benign
80.0,0.0,0.0,0.0,-1.0,0.0,0.0,-14.0,82.0,Benign
80.0,4.0,0.0,0.0,-2.0,0.0,0.0,-18.0,82.0,Benign
80.0,2.0,0.0,0.0,-1.0,0.0,0.0,-21.0,82.0,Benign
80.0,2.0,0.0,0.0,-1.0,0.0,0.0,-30.0,80.0,Benign
80.0,2.0,0.0,0.0,-1.0,0.0,0.0,-42.0,84.0,Benign
80.0,2.0,0.0,0.0,-1.0,0.0,0.0,-10.0,85.0,Benign
80.0,1.0,-1.0,0.0,-1.0,-1.0,0.0,-13.0,83.0,Benign
80.0,0.0,0.0,0.0,1.0,1.0,0.0,-7.0,85.0,Benign
80.0,0.0,0.0,0.0,-4.0,-1.0,0.0,-12.0,84.0,Benign
80.0,1.0,0.0,0.0,-1.0,0.0,0.0,-10.0,85.0,Benign
80.0,1.0,0.0,0.0,-1.0,0.0,0.0,-11.0,83.0,Benign
80.0,0.0,0.0,0.0,-1.0,0.0,0.0,-7.0,82.0,Benign
80.0,0.0,0.0,0.0,0.0,1.0,0.0,-8.0,82.0,Benign
80.0,0.0,0.0,0.0,0.0,0.0,25.0,-7.0,83.0,Benign
80.0,0.0,0.0,0.0,0.0,-1.0,61.0,-13.0,84.0,Benign
80.0,0.0,0.0,0.0,0.0,-1.0,90.0,-13.0,85.0,Benign
80.0,0.0,0.0,0.0,0.0,0.0,120.0,-19.0,85.0,Benign
80.0,0.0,0.0,0.0,0.0,0.0,150.0,-21.0,84.0,Benign
80.0,0.0,0.0,0.0,0.0,0.0,172.0,-24.0,82.0,Benign
80.0,0.0,0.0,0.0,1.0,0.0,178.0,-24.0,82.0,Benign
80.0,0.0,0.0,0.0,0.0,0.0,178.0,-21.0,81.0,Benign
80.0,0.0,0.0,0.0,0.0,0.0,178.0,-17.0,82.0,Benign
80.0,-2.0,0.0,0.0,-8.0,0.0,178.0,-11.0,83.0,Benign
80.0,-2.0,0.0,0.0,0.0,0.0,178.0,-8.0,80.0,Benign
80.0,-2.0,0.0,0.0,0.0,0.0,178.0,-48.0,61.0,Benign
80.0,-2.0,0.0,0.0,0.0,0.0,178.0,-22.0,80.0,Benign
80.0,-2.0,0.0,0.0,0.0,0.0,178.0,-22.0,80.0,Benign
80.0,0.0,0.0,0.0,0.0,1.0,178.0,-23.0,80.0,Benign
80.0,1.0,-1.0,0.0,0.0,0.0,178.0,-18.0,81.0,Benign
80.0,0.0,-1.0,0.0,0.0,-1.0,178.0,-7.0,82.0,Benign
80.0,0.0,0.0,0.0,0.0,0.0,178.0,0.0,82.0,Benign
80.0,0.0,0.0,0.0,0.0,-1.0,178.0,5.0,82.0,Benign
80.0,0.0,0.0,0.0,-9.0,0.0,178.0,7.0,82.0,Benign
80.0,-3.0,0.0,0.0,1.0,0.0,178.0,15.0,82.0,Benign
80.0,-2.0,0.0,0.0,0.0,0.0,178.0,19.0,81.0,Benign
80.0,-2.0,0.0,0.0,-1.0,0.0,178.0,20.0,84.0,Benign
80.0,-2.0,0.0,0.0,-1.0,-1.0,178.0,-14.0,85.0,Benign
80.0,-2.0,0.0,0.0,0.0,-1.0,178.0,-20.0,83.0,Benign
80.0,-1.0,1.0,0.0,-1.0,-1.0,178.0,-17.0,83.0,Benign
80.0,0.0,0.0,0.0,0.0,0.0,178.0,-11.0,85.0,Benign
80.0,0.0,0.0,0.0,-2.0,-3.0,178.0,-19.0,84.0,Benign
80.0,0.0,1.0,0.0,-1.0,0.0,178.0,-13.0,85.0,Benign
80.0,0.0,1.0,0.0,-1.0,-1.0,178.0,-9.0,83.0,Benign
80.0,0.0,1.0,0.0,0.0,0.0,178.0,-6.0,82.0,Benign
80.0,0.0,0.0,0.0,0.0,1.0,178.0,-4.0,82.0,Benign
80.0,0.0,0.0,0.0,0.0,0.0,178.0,-7.0,82.0,Benign
80.0,0.0,0.0,0.0,0.0,0.0,178.0,-10.0,83.0,Benign
80.0,-3.0,0.0,0.0,-8.0,0.0,178.0,-18.0,81.0,Benign
80.0,-2.0,0.0,0.0,-1.0,0.0,178.0,-21.0,81.0,Benign
80.0,-2.0,0.0,0.0,-1.0,-1.0,178.0,-27.0,78.0,Benign
80.0,-2.0,0.0,0.0,-1.0,-1.0,178.0,-31.0,76.0,Benign
80.0,-2.0,1.0,0.0,-1.0,-1.0,178.0,-34.0,72.0,Benign
80.0,-2.0,1.0,0.0,0.0,-1.0,178.0,6.0,82.0,Benign
80.0,-1.0,1.0,0.0,3.0,3.0,178.0,8.0,82.0,Benign
80.0,0.0,0.0,0.0,-2.0,0.0,178.0,8.0,80.0,Benign
80.0,-2.0,0.0,0.0,0.0,0.0,178.0,10.0,82.0,Benign
80.0,-1.0,0.0,0.0,0.0,0.0,178.0,9.0,82.0,Benign
80.0,-1.0,0.0,0.0,0.0,-1.0,178.0,10.0,81.0,Benign
80.0,0.0,0.0,0.0,0.0,-1.0,178.0,4.0,81.0,Benign
80.0,0.0,0.0,0.0,0.0,0.0,178.0,4.0,82.0,Benign
80.0,0.0,0.0,0.0,0.0,0.0,-162.0,5.0,82.0,Benign
80.0,0.0,0.0,0.0,0.0,-1.0,-127.0,6.0,84.0,Benign
80.0,0.0,0.0,0.0,0.0,0.0,-96.0,12.0,85.0,Benign
80.0,0.0,0.0,0.0,1.0,0.0,-65.0,12.0,85.0,Benign
80.0,0.0,0.0,0.0,0.0,0.0,-30.0,10.0,86.0,Benign
80.0,0.0,0.0,0.0,0.0,0.0,-9.0,15.0,86.0,Benign
80.0,0.0,0.0,0.0,0.0,0.0,-3.0,20.0,84.0,Benign
80.0,0.0,0.0,0.0,0.0,0.0,-3.0,-200.0,-200.0,Benign
70.0,0.0,0.0,1.0,0.0,0.0,-3.0,-200.0,-200.0,Benign
60.0,0.0,0.0,4.0,0.0,0.0,-2.0,-200.0,-200.0,Benign
30.0,0.0,0.0,4.0,0.0,0.0,-2.0,-200.0,-200.0,Benign
10.0,0.0,0.0,4.0,0.0,0.0,-2.0,-200.0,-200.0,Benign
80.0,0.0,0.0,0.0,0.0,0.0,1.0,-3.0,85.0,Benign
80.0,0.0,0.0,0.0,0.0,0.0,1.0,-3.0,85.0,Benign
80.0,0.0,0.0,0.0,0.0,0.0,1.0,-5.0,86.0,Benign
80.0,0.0,0.0,0.0,0.0,0.0,1.0,-5.0,86.0,Benign
80.0,0.0,0.0,0.0,0.0,0.0,1.0,-7.0,86.0,Benign
80.0,0.0,0.0,0.0,0.0,0.0,1.0,-7.0,86.0,Benign
80.0,0.0,0.0,0.0,0.0,0.0,1.0,-7.0,87.0,Benign
80.0,0.0,0.0,0.0,-2.0,-1.0,1.0,-10.0,87.0,Benign
80.0,0.0,0.0,0.0,1.0,-1.0,1.0,-9.0,86.0,Benign
80.0,0.0,0.0,0.0,0.0,-1.0,1.0,-6.0,84.0,Benign
80.0,0.0,0.0,0.0,0.0,0.0,1.0,-6.0,83.0,Benign
80.0,0.0,0.0,0.0,0.0,-1.0,1.0,-10.0,84.0,Benign
80.0,0.0,0.0,0.0,-1.0,-1.0,1.0,-15.0,85.0,Benign
80.0,0.0,0.0,0.0,0.0,-1.0,1.0,-20.0,86.0,Benign
80.0,0.0,0.0,0.0,0.0,0.0,1.0,-20.0,88.0,Benign
80.0,0.0,0.0,0.0,0.0,-1.0,1.0,-23.0,89.0,Benign
80.0,0.0,0.0,0.0,0.0,-1.0,1.0,-23.0,89.0,Benign
80.0,0.0,0.0,0.0,0.0,-1.0,1.0,-23.0,88.0,Benign
80.0,0.0,-1.0,0.0,0.0,-4.0,1.0,-26.0,85.0,Benign
80.0,0.0,-2.0,0.0,0.0,0.0,1.0,-10.0,86.0,Benign
80.0,0.0,-2.0,0.0,0.0,-1.0,1.0,-2.0,84.0,Benign
80.0,0.0,-2.0,0.0,0.0,1.0,1.0,2.0,84.0,Benign
80.0,0.0,0.0,0.0,0.0,0.0,1.0,3.0,84.0,Benign
80.0,0.0,2.0,0.0,0.0,1.0,1.0,3.0,84.0,Benign
80.0,0.0,2.0,0.0,0.0,0.0,1.0,-9.0,84.0,Benign
80.0,0.0,0.0,0.0,-5.0,-1.0,1.0,-22.0,85.0,Benign
80.0,0.0,0.0,0.0,0.0,0.0,1.0,-26.0,80.0,Benign
80.0,2.0,-1.0,0.0,-6.0,-5.0,1.0,-26.0,80.0,Benign
80.0,2.0,-2.0,0.0,-1.0,0.0,1.0,-26.0,80.0,Benign
80.0,1.0,-1.0,0.0,0.0,0.0,1.0,-22.0,86.0,Benign
80.0,0.0,-1.0,0.0,0.0,-1.0,1.0,-21.0,84.0,Benign
70.0,0.0,-1.0,0.0,0.0,-1.0,1.0,-18.0,82.0,Benign
80.0,0.0,-1.0,0.0,0.0,-1.0,1.0,-12.0,84.0,Benign
80.0,0.0,-1.0,0.0,-1.0,-1.0,1.0,-8.0,83.0,Benign
80.0,0.0,-1.0,0.0,-1.0,0.0,1.0,-8.0,83.0,Benign
80.0,4.0,0.0,0.0,-4.0,0.0,1.0,-7.0,85.0,Benign
80.0,2.0,0.0,0.0,-1.0,-1.0,1.0,-15.0,86.0,Benign
80.0,2.0,0.0,0.0,-1.0,-2.0,0.0,-16.0,90.0,Benign
80.0,2.0,0.0,0.0,-1.0,-2.0,0.0,-8.0,95.0,Benign
80.0,2.0,-1.0,0.0,-1.0,-1.0,0.0,15.0,78.0,Benign
80.0,1.0,-1.0,0.0,-1.0,-1.0,0.0,16.0,83.0,Benign
80.0,1.0,-1.0,0.0,-1.0,-1.0,1.0,14.0,81.0,Benign
80.0,0.0,0.0,0.0,1.0,1.0,1.0,9.0,82.0,Benign
80.0,0.0,0.0,0.0,-6.0,-2.0,1.0,9.0,79.0,Benign
80.0,1.0,0.0,0.0,-1.0,-1.0,1.0,12.0,80.0,Benign
80.0,1.0,0.0,0.0,0.0,-1.0,1.0,10.0,81.0,Benign
80.0,0.0,-1.0,0.0,0.0,0.0,1.0,10.0,81.0,Benign
80.0,0.0,-1.0,0.0,0.0,-1.0,1.0,6.0,81.0,Benign
80.0,0.0,0.0,0.0,-3.0,0.0,1.0,5.0,82.0,Benign
80.0,0.0,0.0,0.0,0.0,0.0,1.0,6.0,82.0,Benign
80.0,0.0,0.0,0.0,0.0,0.0,1.0,9.0,83.0,Benign
80.0,0.0,0.0,0.0,-7.0,0.0,1.0,11.0,83.0,Benign
80.0,3.0,0.0,0.0,1.0,0.0,1.0,17.0,84.0,Benign
80.0,2.0,0.0,0.0,-1.0,-1.0,1.0,29.0,81.0,Benign
80.0,2.0,0.0,0.0,-1.0,-1.0,1.0,30.0,82.0,Benign
80.0,2.0,0.0,0.0,-1.0,-1.0,1.0,-37.0,82.0,Benign
80.0,2.0,-1.0,0.0,-1.0,-1.0,1.0,-26.0,87.0,Benign
80.0,0.0,0.0,0.0,0.0,2.0,1.0,-23.0,84.0,Benign
80.0,0.0,0.0,0.0,-2.0,-4.0,1.0,-27.0,83.0,Benign
80.0,1.0,-2.0,0.0,-1.0,0.0,1.0,-25.0,81.0,Benign
80.0,1.0,-1.0,0.0,0.0,-1.0,1.0,-13.0,81.0,Benign
80.0,0.0,-1.0,0.0,0.0,-1.0,1.0,-8.0,81.0,Benign
80.0,0.0,-1.0,0.0,0.0,0.0,1.0,-6.0,81.0,Benign
80.0,0.0,0.0,0.0,-3.0,0.0,1.0,-5.0,81.0,Benign
80.0,0.0,-1.0,0.0,0.0,-1.0,1.0,-5.0,82.0,Benign
80.0,0.0,0.0,0.0,0.0,0.0,1.0,-6.0,82.0,Benign
80.0,0.0,0.0,0.0,0.0,-1.0,1.0,-7.0,82.0,Benign
80.0,3.0,0.0,0.0,-7.0,0.0,1.0,-14.0,81.0,Benign
80.0,2.0,0.0,0.0,0.0,0.0,1.0,-16.0,82.0,Benign
80.0,2.0,0.0,0.0,-1.0,-1.0,1.0,-35.0,72.0,Benign
80.0,2.0,0.0,0.0,-1.0,-1.0,1.0,-34.0,81.0,Benign
80.0,2.0,0.0,0.0,-1.0,-1.0,1.0,-9.0,83.0,Benign
70.0,2.0,-1.0,0.0,-1.0,-1.0,1.0,-16.0,83.0,Benign
70.0,0.0,0.0,0.0,0.0,0.0,1.0,-14.0,82.0,Benign
80.0,0.0,0.0,0.0,-4.0,-4.0,1.0,-17.0,81.0,Benign
80.0,1.0,-1.0,0.0,-1.0,0.0,1.0,-12.0,81.0,Benign
80.0,1.0,-1.0,0.0,-1.0,0.0,1.0,-5.0,82.0,Benign
80.0,0.0,0.0,0.0,0.0,1.0,1.0,-1.0,82.0,Benign
80.0,0.0,0.0,0.0,0.0,0.0,23.0,-2.0,81.0,Benign
80.0,0.0,0.0,0.0,0.0,-1.0,53.0,-3.0,81.0,Benign
80.0,0.0,0.0,0.0,0.0,0.0,89.0,-7.0,81.0,Benign
80.0,0.0,0.0,0.0,0.0,0.0,124.0,-9.0,81.0,Benign
80.0,0.0,0.0,0.0,0.0,0.0,154.0,-14.0,80.0,Benign
80.0,0.0,0.0,0.0,0.0,1.0,173.0,-15.0,81.0,Benign
80.0,0.0,0.0,0.0,0.0,0.0,179.0,-16.0,81.0,Benign
80.0,0.0,0.0,0.0,0.0,0.0,179.0,-15.0,81.0,Benign
80.0,0.0,0.0,0.0,0.0,0.0,179.0,-13.0,82.0,Benign
80.0,-3.0,0.0,0.0,-6.0,0.0,179.0,-9.0,82.0,Benign
80.0,-2.0,0.0,0.0,0.0,0.0,179.0,-8.0,84.0,Benign
80.0,-2.0,0.0,0.0,0.0,0.0,179.0,-2.0,85.0,Benign
80.0,-2.0,0.0,0.0,-1.0,0.0,179.0,-25.0,76.0,Benign
80.0,-2.0,0.0,0.0,0.0,0.0,179.0,-20.0,81.0,Benign
80.0,0.0,0.0,0.0,0.0,0.0,179.0,-14.0,81.0,Benign
80.0,0.0,-1.0,0.0,0.0,0.0,179.0,-11.0,80.0,Benign
80.0,0.0,0.0,0.0,0.0,-2.0,179.0,-7.0,78.0,Benign
80.0,0.0,0.0,0.0,0.0,0.0,179.0,-4.0,80.0,Benign
80.0,0.0,0.0,0.0,0.0,0.0,179.0,-2.0,81.0,Benign
80.0,0.0,0.0,0.0,0.0,0.0,-158.0,0.0,80.0,Benign
80.0,0.0,0.0,0.0,0.0,0.0,-147.0,-3.0,80.0,Benign
80.0,0.0,0.0,0.0,0.0,0.0,-145.0,-3.0,81.0,Benign
80.0,0.0,0.0,0.0,0.0,0.0,-169.0,-5.0,81.0,Benign
80.0,0.0,0.0,0.0,0.0,0.0,179.0,-2.0,81.0,Benign
80.0,0.0,0.0,0.0,0.0,0.0,178.0,-5.0,81.0,Benign
80.0,1.0,0.0,0.0,0.0,0.0,178.0,-1.0,81.0,Benign
80.0,0.0,0.0,0.0,-3.0,0.0,178.0,-3.0,81.0,Benign
80.0,-4.0,0.0,0.0,0.0,0.0,178.0,-4.0,80.0,Benign
80.0,-2.0,0.0,0.0,-1.0,0.0,178.0,5.0,80.0,Benign
80.0,-2.0,0.0,0.0,-1.0,0.0,178.0,4.0,80.0,Benign
80.0,-2.0,0.0,0.0,-1.0,0.0,178.0,1.0,80.0,Benign
80.0,-2.0,0.0,0.0,0.0,0.0,178.0,-4.0,79.0,Benign
80.0,0.0,0.0,0.0,0.0,0.0,178.0,-4.0,81.0,Benign
80.0,-1.0,0.0,0.0,-2.0,-1.0,178.0,-6.0,80.0,Benign
80.0,-1.0,0.0,0.0,-1.0,0.0,178.0,-4.0,81.0,Benign
80.0,-1.0,0.0,0.0,-1.0,0.0,178.0,-3.0,80.0,Benign
80.0,0.0,0.0,0.0,0.0,0.0,178.0,-3.0,80.0,Benign
80.0,0.0,0.0,0.0,0.0,0.0,178.0,-4.0,80.0,Benign
80.0,-4.0,0.0,0.0,-6.0,0.0,178.0,-5.0,81.0,Benign
80.0,-2.0,0.0,0.0,0.0,0.0,178.0,-7.0,81.0,Benign
80.0,-2.0,0.0,0.0,-1.0,0.0,178.0,-10.0,78.0,Benign
80.0,-2.0,0.0,0.0,-1.0,0.0,178.0,-9.0,78.0,Benign
80.0,-2.0,0.0,0.0,0.0,0.0,178.0,-9.0,76.0,Benign
80.0,-1.0,0.0,0.0,0.0,-2.0,178.0,6.0,80.0,Benign
80.0,0.0,0.0,0.0,0.0,0.0,178.0,3.0,80.0,Benign
70.0,-1.0,0.0,0.0,-3.0,0.0,178.0,5.0,78.0,Benign
80.0,-1.0,0.0,0.0,0.0,0.0,178.0,3.0,81.0,Benign
80.0,-1.0,0.0,0.0,0.0,0.0,178.0,3.0,81.0,Benign
80.0,0.0,0.0,0.0,0.0,0.0,178.0,1.0,81.0,Benign
80.0,0.0,0.0,0.0,0.0,0.0,-166.0,0.0,81.0,Benign
80.0,0.0,0.0,0.0,0.0,0.0,-130.0,2.0,81.0,Benign
80.0,0.0,0.0,0.0,0.0,0.0,-100.0,2.0,81.0,Benign
80.0,0.0,0.0,0.0,0.0,0.0,-66.0,3.0,81.0,Benign
80.0,0.0,0.0,0.0,0.0,0.0,-37.0,1.0,82.0,Benign
80.0,0.0,0.0,0.0,0.0,0.0,-12.0,5.0,83.0,Benign
80.0,0.0,0.0,0.0,0.0,0.0,-3.0,5.0,84.0,Benign
80.0,0.0,0.0,0.0,0.0,0.0,-3.0,-200.0,-200.0,Benign
80.0,0.0,0.0,1.0,0.0,0.0,-3.0,-200.0,-200.0,Benign
60.0,0.0,0.0,4.0,0.0,0.0,-3.0,-200.0,-200.0,Benign
30.0,0.0,0.0,4.0,0.0,0.0,-3.0,-200.0,-200.0,Benign
10.0,0.0,0.0,4.0,0.0,0.0,-3.0,-200.0,-200.0,Benign
0.0,0.0,0.0,0.0,0.0,0.0,-2.0,-200.0,-200.0,Benign
10.0,-1.0,0.0,0.0,0.0,0.0,-2.0,-200.0,-200.0,Benign
70.0,0.0,0.0,-1.0,0.0,0.0,0.0,0.0,74.0,Benign
80.0,0.0,0.0,0.0,0.0,0.0,0.0,0.0,78.0,Benign
80.0,0.0,0.0,0.0,0.0,0.0,0.0,0.0,81.0,Benign
80.0,0.0,0.0,0.0,-2.0,0.0,0.0,0.0,83.0,Benign
80.0,0.0,0.0,0.0,0.0,0.0,0.0,0.0,84.0,Benign
80.0,0.0,0.0,0.0,0.0,0.0,0.0,-1.0,84.0,Benign
80.0,0.0,0.0,0.0,0.0,0.0,0.0,-2.0,85.0,Benign
80.0,0.0,0.0,0.0,0.0,0.0,0.0,-2.0,85.0,Benign
80.0,5.0,0.0,0.0,-2.0,0.0,0.0,-6.0,85.0,Benign
80.0,2.0,0.0,0.0,0.0,0.0,0.0,-6.0,87.0,Benign
80.0,2.0,0.0,0.0,-1.0,0.0,0.0,-10.0,85.0,Benign
80.0,2.0,0.0,0.0,-1.0,0.0,0.0,0.0,90.0,Benign
80.0,2.0,0.0,0.0,-1.0,-1.0,0.0,0.0,83.0,Benign
80.0,0.0,0.0,0.0,1.0,0.0,0.0,-2.0,84.0,Benign
80.0,0.0,0.0,0.0,0.0,0.0,0.0,-1.0,82.0,Benign
80.0,0.0,0.0,0.0,0.0,0.0,0.0,2.0,82.0,Benign
80.0,1.0,0.0,0.0,-8.0,0.0,0.0,4.0,82.0,Benign
80.0,3.0,0.0,0.0,0.0,0.0,0.0,4.0,86.0,Benign
80.0,2.0,0.0,0.0,-1.0,0.0,0.0,9.0,86.0,Benign
80.0,2.0,0.0,0.0,-1.0,0.0,0.0,15.0,84.0,Benign
80.0,2.0,0.0,0.0,-1.0,-1.0,0.0,21.0,79.0,Benign
80.0,2.0,0.0,0.0,-1.0,-1.0,0.0,30.0,77.0,Benign
80.0,0.0,0.0,0.0,1.0,0.0,0.0,-11.0,81.0,Benign
80.0,1.0,0.0,0.0,-7.0,-2.0,0.0,-6.0,85.0,Benign
80.0,2.0,0.0,0.0,-1.0,0.0,0.0,-13.0,84.0,Benign
80.0,1.0,0.0,0.0,0.0,0.0,0.0,-12.0,84.0,Benign
80.0,1.0,0.0,0.0,0.0,0.0,0.0,-8.0,83.0,Benign
80.0,0.0,0.0,0.0,0.0,0.0,0.0,-9.0,83.0,Benign
80.0,0.0,0.0,0.0,-1.0,0.0,0.0,-6.0,83.0,Benign
80.0,0.0,0.0,0.0,0.0,0.0,0.0,-8.0,82.0,Benign
80.0,0.0,0.0,0.0,-1.0,0.0,0.0,-13.0,83.0,Benign
80.0,2.0,0.0,0.0,-8.0,0.0,0.0,-17.0,82.0,Benign
80.0,3.0,0.0,0.0,0.0,0.0,0.0,-20.0,82.0,Benign
80.0,2.0,0.0,0.0,-1.0,0.0,0.0,-35.0,77.0,Benign
80.0,2.0,0.0,0.0,-1.0,0.0,0.0,-44.0,74.0,Benign
80.0,2.0,0.0,0.0,-1.0,0.0,0.0,-36.0,84.0,Benign
80.0,2.0,-1.0,0.0,-1.0,0.0,0.0,-10.0,89.0,Benign
80.0,2.0,-1.0,0.0,-1.0,1.0,0.0,-12.0,87.0,Benign
80.0,0.0,0.0,0.0,0.0,0.0,0.0,-16.0,84.0,Benign
80.0,1.0,-1.0,0.0,-1.0,-1.0,0.0,-18.0,85.0,Benign
80.0,1.0,-1.0,0.0,0.0,0.0,0.0,-16.0,84.0,Benign
80.0,0.0,-1.0,0.0,-1.0,0.0,0.0,-10.0,83.0,Benign
80.0,0.0,-1.0,0.0,0.0,0.0,0.0,-7.0,82.0,Benign
80.0,0.0,0.0,0.0,-2.0,0.0,0.0,-5.0,82.0,Benign
80.0,0.0,0.0,0.0,1.0,-2.0,0.0,-4.0,82.0,Benign
80.0,0.0,0.0,0.0,0.0,0.0,2.0,-4.0,82.0,Benign
80.0,0.0,0.0,0.0,0.0,0.0,31.0,-8.0,83.0,Benign
80.0,0.0,0.0,0.0,0.0,-1.0,68.0,-13.0,83.0,Benign
80.0,0.0,0.0,0.0,0.0,0.0,97.0,-15.0,83.0,Benign
80.0,0.0,0.0,0.0,0.0,0.0,126.0,-19.0,82.0,Benign
80.0,0.0,0.0,0.0,0.0,0.0,156.0,-23.0,80.0,Benign
80.0,0.0,0.0,0.0,0.0,0.0,174.0,-20.0,81.0,Benign
80.0,0.0,0.0,0.0,0.0,0.0,177.0,-19.0,81.0,Benign
80.0,0.0,0.0,0.0,0.0,0.0,178.0,-14.0,82.0,Benign
80.0,0.0,0.0,0.0,0.0,0.0,178.0,-9.0,83.0,Benign
80.0,-3.0,0.0,0.0,-7.0,0.0,177.0,-9.0,84.0,Benign
80.0,-2.0,0.0,0.0,0.0,0.0,178.0,0.0,79.0,Benign
80.0,-2.0,0.0,0.0,0.0,0.0,178.0,7.0,76.0,Benign
80.0,-2.0,0.0,0.0,0.0,0.0,178.0,-11.0,84.0,Benign
80.0,-2.0,0.0,0.0,0.0,-1.0,178.0,-14.0,81.0,Benign
80.0,0.0,0.0,0.0,0.0,0.0,178.0,-12.0,82.0,Benign
80.0,1.0,-1.0,0.0,0.0,-2.0,178.0,-5.0,83.0,Benign
80.0,0.0,0.0,0.0,0.0,0.0,178.0,1.0,82.0,Benign
80.0,0.0,0.0,0.0,0.0,0.0,178.0,2.0,82.0,Benign
80.0,0.0,0.0,0.0,0.0,0.0,178.0,4.0,83.0,Benign
80.0,-3.0,0.0,0.0,1.0,0.0,178.0,7.0,82.0,Benign
80.0,-2.0,0.0,0.0,0.0,0.0,178.0,17.0,82.0,Benign
80.0,-2.0,0.0,0.0,0.0,-1.0,178.0,20.0,80.0,Benign
80.0,-2.0,0.0,0.0,0.0,-1.0,178.0,-19.0,82.0,Benign
80.0,-1.0,1.0,0.0,0.0,-1.0,178.0,-20.0,81.0,Benign
80.0,0.0,0.0,0.0,0.0,1.0,178.0,-17.0,81.0,Benign
80.0,0.0,0.0,0.0,0.0,-4.0,178.0,-17.0,82.0,Benign
80.0,0.0,1.0,0.0,-1.0,-1.0,178.0,-13.0,84.0,Benign
80.0,0.0,1.0,0.0,0.0,0.0,178.0,-8.0,83.0,Benign
80.0,0.0,0.0,0.0,0.0,0.0,178.0,-5.0,83.0,Benign
80.0,0.0,0.0,0.0,0.0,0.0,178.0,-9.0,83.0,Benign
80.0,0.0,0.0,0.0,-3.0,0.0,178.0,-16.0,83.0,Benign
80.0,-3.0,0.0,0.0,1.0,-1.0,178.0,-21.0,83.0,Benign
80.0,-2.0,0.0,0.0,-1.0,-1.0,177.0,-29.0,80.0,Benign
80.0,-2.0,0.0,0.0,-1.0,-1.0,177.0,-20.0,75.0,Benign
80.0,-2.0,0.0,0.0,-1.0,-1.0,177.0,3.0,78.0,Benign
80.0,-2.0,1.0,0.0,-1.0,-1.0,177.0,-36.0,71.0,Benign
80.0,-1.0,1.0,0.0,-1.0,-1.0,177.0,-15.0,73.0,Benign
80.0,0.0,0.0,0.0,0.0,1.0,177.0,10.0,81.0,Benign
80.0,-1.0,0.0,0.0,-8.0,-3.0,178.0,14.0,82.0,Benign
80.0,-2.0,0.0,0.0,0.0,-1.0,178.0,13.0,82.0,Benign
80.0,-1.0,0.0,0.0,0.0,-1.0,178.0,12.0,82.0,Benign
80.0,-1.0,0.0,0.0,0.0,-1.0,178.0,7.0,81.0,Benign
80.0,0.0,0.0,0.0,-1.0,-1.0,178.0,3.0,80.0,Benign
80.0,0.0,0.0,0.0,0.0,1.0,178.0,2.0,81.0,Benign
80.0,0.0,0.0,0.0,0.0,0.0,-152.0,4.0,80.0,Benign
80.0,0.0,0.0,0.0,0.0,-1.0,-122.0,4.0,80.0,Benign
80.0,0.0,0.0,0.0,0.0,0.0,-91.0,6.0,81.0,Benign
80.0,0.0,0.0,0.0,0.0,0.0,-61.0,8.0,82.0,Benign
80.0,0.0,0.0,0.0,0.0,0.0,-26.0,7.0,81.0,Benign
80.0,0.0,0.0,0.0,0.0,1.0,-8.0,18.0,80.0,Benign
80.0,0.0,0.0,0.0,0.0,0.0,-3.0,21.0,79.0,Benign
80.0,0.0,0.0,0.0,0.0,0.0,-3.0,-200.0,-200.0,Benign
70.0,0.0,0.0,2.0,0.0,0.0,-3.0,-200.0,-200.0,Benign
50.0,0.0,0.0,4.0,0.0,0.0,-3.0,-200.0,-200.0,Benign
30.0,0.0,0.0,4.0,0.0,0.0,-3.0,-200.0,-200.0,Benign
10.0,0.0,0.0,3.0,0.0,0.0,-3.0,-200.0,-200.0,Benign
0.0,-1.0,0.0,0.0,0.0,0.0,-2.0,-200.0,-200.0,Benign
10.0,-1.0,0.0,0.0,0.0,0.0,-2.0,-200.0,-200.0,Benign
80.0,0.0,0.0,0.0,0.0,0.0,0.0,-2.0,83.0,Benign
80.0,0.0,0.0,0.0,0.0,0.0,0.0,-2.0,83.0,Benign
80.0,0.0,0.0,0.0,0.0,0.0,0.0,-2.0,82.0,Benign
80.0,0.0,0.0,0.0,-1.0,0.0,0.0,-4.0,83.0,Benign
80.0,0.0,0.0,0.0,0.0,0.0,0.0,-3.0,83.0,Benign
80.0,0.0,0.0,0.0,0.0,0.0,0.0,-5.0,84.0,Benign
80.0,0.0,0.0,0.0,0.0,0.0,0.0,-8.0,85.0,Benign
80.0,0.0,0.0,0.0,0.0,0.0,0.0,-10.0,86.0,Benign
80.0,0.0,0.0,0.0,-7.0,0.0,0.0,-11.0,86.0,Benign
80.0,3.0,0.0,0.0,0.0,0.0,0.0,-19.0,85.0,Benign
80.0,2.0,0.0,0.0,-1.0,-1.0,0.0,-16.0,89.0,Benign
80.0,2.0,0.0,0.0,-1.0,-1.0,0.0,-13.0,86.0,Benign
80.0,2.0,0.0,0.0,-1.0,-1.0,0.0,12.0,84.0,Benign
80.0,1.0,-1.0,0.0,0.0,-1.0,0.0,12.0,81.0,Benign
80.0,0.0,0.0,0.0,0.0,0.0,0.0,11.0,83.0,Benign
80.0,1.0,-1.0,0.0,-1.0,-1.0,0.0,14.0,81.0,Benign
80.0,1.0,0.0,0.0,0.0,0.0,0.0,8.0,83.0,Benign
80.0,0.0,0.0,0.0,0.0,0.0,0.0,6.0,82.0,Benign
80.0,0.0,0.0,0.0,0.0,0.0,0.0,5.0,82.0,Benign
80.0,0.0,0.0,0.0,0.0,0.0,0.0,6.0,81.0,Benign
80.0,0.0,0.0,0.0,0.0,0.0,0.0,8.0,81.0,Benign
80.0,0.0,0.0,-1.0,-1.0,0.0,0.0,13.0,82.0,Benign
90.0,0.0,0.0,-2.0,0.0,-1.0,0.0,16.0,91.0,Benign
100.0,0.0,0.0,-1.0,0.0,0.0,0.0,16.0,101.0,Benign
110.0,0.0,0.0,-1.0,0.0,0.0,0.0,17.0,111.0,Benign
110.0,0.0,0.0,0.0,0.0,0.0,0.0,15.0,117.0,Benign
110.0,0.0,0.0,1.0,0.0,0.0,0.0,20.0,116.0,Benign
100.0,0.0,0.0,2.0,0.0,0.0,0.0,16.0,107.0,Benign
90.0,0.0,0.0,1.0,0.0,0.0,0.0,17.0,98.0,Benign
80.0,0.0,0.0,1.0,0.0,0.0,0.0,20.0,87.0,Benign
80.0,0.0,0.0,0.0,0.0,0.0,0.0,19.0,84.0,Benign
80.0,0.0,-1.0,0.0,-1.0,-2.0,0.0,22.0,81.0,Benign
80.0,0.0,-1.0,0.0,0.0,0.0,0.0,15.0,83.0,Benign
80.0,0.0,-1.0,0.0,0.0,-1.0,0.0,10.0,84.0,Benign
80.0,0.0,-1.0,0.0,0.0,0.0,0.0,6.0,83.0,Benign
80.0,0.0,-1.0,0.0,0.0,0.0,0.0,4.0,83.0,Benign
80.0,0.0,0.0,0.0,0.0,0.0,0.0,5.0,83.0,Benign
80.0,4.0,0.0,0.0,0.0,0.0,0.0,8.0,83.0,Benign
80.0,2.0,0.0,0.0,-1.0,0.0,0.0,17.0,81.0,Benign
80.0,2.0,0.0,0.0,-1.0,-1.0,0.0,27.0,77.0,Benign
80.0,2.0,0.0,0.0,-1.0,-1.0,0.0,26.0,80.0,Benign
80.0,2.0,0.0,0.0,-1.0,-1.0,0.0,-28.0,80.0,Benign
80.0,1.0,-1.0,0.0,-1.0,-1.0,0.0,-19.0,84.0,Benign
80.0,0.0,0.0,0.0,0.0,3.0,0.0,-14.0,84.0,Benign
80.0,0.0,0.0,0.0,0.0,0.0,0.0,-14.0,82.0,Benign
80.0,1.0,-1.0,0.0,-1.0,0.0,0.0,-16.0,82.0,Benign
80.0,0.0,-1.0,0.0,-1.0,-1.0,0.0,-12.0,82.0,Benign
80.0,0.0,-1.0,0.0,0.0,0.0,0.0,-9.0,82.0,Benign
80.0,0.0,0.0,0.0,0.0,0.0,0.0,-6.0,82.0,Benign
80.0,0.0,0.0,0.0,0.0,0.0,0.0,-5.0,81.0,Benign
80.0,0.0,0.0,0.0,0.0,0.0,0.0,-6.0,82.0,Benign
80.0,0.0,0.0,0.0,-1.0,0.0,0.0,-10.0,82.0,Benign
80.0,4.0,0.0,0.0,1.0,0.0,0.0,-15.0,82.0,Benign
80.0,2.0,0.0,0.0,-1.0,0.0,0.0,-23.0,81.0,Benign
80.0,2.0,0.0,0.0,-1.0,-1.0,0.0,-31.0,79.0,Benign
80.0,2.0,0.0,0.0,-1.0,-1.0,0.0,-41.0,78.0,Benign
80.0,2.0,-1.0,0.0,-1.0,-1.0,0.0,-7.0,91.0,Benign
80.0,2.0,-1.0,0.0,-1.0,-1.0,0.0,-7.0,91.0,Benign
80.0,0.0,0.0,0.0,1.0,1.0,0.0,-12.0,85.0,Benign
80.0,0.0,0.0,0.0,-4.0,-3.0,0.0,-13.0,85.0,Benign
80.0,1.0,-1.0,0.0,-1.0,-1.0,0.0,-14.0,84.0,Benign
80.0,1.0,-1.0,0.0,0.0,0.0,0.0,-11.0,84.0,Benign
70.0,0.0,-1.0,0.0,-1.0,0.0,0.0,-9.0,83.0,Benign
70.0,0.0,-1.0,0.0,0.0,0.0,0.0,-5.0,82.0,Benign
70.0,0.0,0.0,0.0,0.0,0.0,0.0,-6.0,82.0,Benign
80.0,0.0,0.0,0.0,0.0,0.0,30.0,-5.0,83.0,Benign
80.0,0.0,0.0,0.0,0.0,-1.0,60.0,-9.0,83.0,Benign
80.0,0.0,0.0,0.0,0.0,0.0,90.0,-14.0,84.0,Benign
80.0,0.0,0.0,0.0,0.0,0.0,126.0,-18.0,84.0,Benign
80.0,0.0,0.0,0.0,0.0,0.0,156.0,-19.0,84.0,Benign
80.0,0.0,0.0,0.0,0.0,0.0,173.0,-22.0,82.0,Benign
80.0,0.0,0.0,0.0,0.0,0.0,178.0,-21.0,82.0,Benign
80.0,0.0,0.0,0.0,0.0,0.0,178.0,-14.0,84.0,Benign
80.0,0.0,0.0,0.0,0.0,0.0,178.0,-10.0,84.0,Benign
80.0,-4.0,0.0,0.0,1.0,0.0,178.0,-6.0,84.0,Benign
80.0,-2.0,0.0,0.0,0.0,0.0,178.0,0.0,85.0,Benign
80.0,-2.0,0.0,0.0,-1.0,0.0,178.0,4.0,88.0,Benign
80.0,-2.0,0.0,0.0,0.0,-1.0,178.0,-15.0,82.0,Benign
80.0,-2.0,0.0,0.0,0.0,-2.0,178.0,-11.0,82.0,Benign
80.0,0.0,0.0,0.0,0.0,0.0,178.0,-11.0,83.0,Benign
80.0,0.0,0.0,0.0,1.0,2.0,178.0,-11.0,83.0,Benign
80.0,0.0,0.0,0.0,0.0,-1.0,178.0,-4.0,83.0,Benign
80.0,0.0,0.0,0.0,0.0,-1.0,178.0,0.0,84.0,Benign
80.0,-1.0,0.0,0.0,-9.0,0.0,178.0,3.0,84.0,Benign
80.0,-3.0,0.0,0.0,1.0,0.0,178.0,10.0,84.0,Benign
80.0,-2.0,0.0,0.0,-1.0,0.0,178.0,18.0,82.0,Benign
80.0,-2.0,0.0,0.0,-1.0,-1.0,178.0,23.0,82.0,Benign
80.0,-2.0,0.0,0.0,-1.0,-1.0,178.0,-15.0,87.0,Benign
80.0,-1.0,1.0,0.0,0.0,-2.0,178.0,-22.0,84.0,Benign
80.0,-1.0,1.0,0.0,0.0,-2.0,178.0,-21.0,83.0,Benign
80.0,0.0,1.0,0.0,0.0,3.0,178.0,-12.0,84.0,Benign
80.0,0.0,0.0,0.0,-2.0,-3.0,178.0,-15.0,84.0,Benign
80.0,0.0,1.0,0.0,-1.0,-1.0,178.0,-19.0,83.0,Benign
80.0,0.0,1.0,0.0,0.0,0.0,178.0,-15.0,84.0,Benign
80.0,0.0,1.0,0.0,0.0,-1.0,178.0,-11.0,83.0,Benign
70.0,0.0,1.0,0.0,0.0,-1.0,178.0,-8.0,82.0,Benign
70.0,0.0,0.0,0.0,-1.0,-1.0,178.0,-6.0,81.0,Benign
70.0,0.0,0.0,0.0,0.0,0.0,178.0,-5.0,81.0,Benign
70.0,0.0,0.0,0.0,0.0,0.0,178.0,-8.0,82.0,Benign
70.0,0.0,0.0,0.0,-1.0,-1.0,178.0,-14.0,82.0,Benign
80.0,-2.0,0.0,0.0,-8.0,0.0,178.0,-19.0,83.0,Benign
80.0,-2.0,0.0,0.0,-1.0,0.0,178.0,-25.0,83.0,Benign
80.0,-2.0,0.0,0.0,-1.0,-1.0,178.0,-29.0,81.0,Benign
80.0,-2.0,0.0,0.0,-1.0,-1.0,178.0,-31.0,81.0,Benign
80.0,-2.0,0.0,0.0,-1.0,-1.0,178.0,-32.0,80.0,Benign
80.0,-2.0,1.0,0.0,-1.0,-1.0,178.0,-32.0,80.0,Benign
70.0,-1.0,1.0,0.0,3.0,1.0,178.0,19.0,82.0,Benign
70.0,0.0,0.0,0.0,0.0,0.0,178.0,19.0,80.0,Benign
70.0,-2.0,1.0,0.0,-1.0,-1.0,178.0,21.0,80.0,Benign
80.0,-1.0,1.0,0.0,0.0,0.0,178.0,16.0,80.0,Benign
70.0,-1.0,1.0,0.0,0.0,0.0,178.0,12.0,80.0,Benign
70.0,0.0,1.0,0.0,0.0,-1.0,178.0,8.0,80.0,Benign
70.0,0.0,0.0,0.0,0.0,0.0,178.0,6.0,79.0,Benign
70.0,0.0,0.0,0.0,0.0,0.0,-162.0,7.0,80.0,Benign
70.0,0.0,0.0,0.0,0.0,0.0,-132.0,4.0,80.0,Benign
70.0,0.0,0.0,0.0,0.0,0.0,-102.0,10.0,81.0,Benign
70.0,0.0,0.0,0.0,0.0,0.0,-66.0,13.0,82.0,Benign
80.0,0.0,0.0,0.0,0.0,0.0,-36.0,13.0,82.0,Benign
70.0,0.0,0.0,0.0,0.0,1.0,-11.0,16.0,81.0,Benign
70.0,0.0,0.0,0.0,0.0,0.0,-3.0,18.0,80.0,Benign
70.0,0.0,0.0,0.0,0.0,0.0,-3.0,-200.0,-200.0,Benign
70.0,0.0,0.0,0.0,0.0,0.0,-3.0,-200.0,-200.0,Benign
60.0,0.0,0.0,4.0,0.0,0.0,-3.0,-200.0,-200.0,Benign
30.0,0.0,0.0,4.0,0.0,0.0,-3.0,-200.0,-200.0,Benign
10.0,0.0,0.0,4.0,0.0,0.0,-3.0,-200.0,-200.0,Benign
0.0,0.0,0.0,0.0,0.0,0.0,-3.0,-200.0,-200.0,Benign
0.0,0.0,0.0,0.0,0.0,0.0,-2.0,-200.0,-200.0,Benign
70.0,0.0,0.0,0.0,-1.0,0.0,0.0,-7.0,84.0,Benign
70.0,0.0,0.0,0.0,-1.0,0.0,0.0,-9.0,83.0,Benign
70.0,0.0,0.0,0.0,0.0,0.0,0.0,-8.0,84.0,Benign
70.0,0.0,0.0,0.0,-1.0,0.0,0.0,-11.0,83.0,Benign
70.0,0.0,0.0,0.0,-1.0,0.0,0.0,-12.0,82.0,Benign
70.0,0.0,0.0,0.0,-1.0,0.0,0.0,-13.0,82.0,Benign
70.0,0.0,0.0,0.0,-1.0,0.0,0.0,-12.0,83.0,Benign
70.0,1.0,0.0,0.0,-3.0,0.0,0.0,-16.0,81.0,Benign
60.0,1.0,0.0,0.0,-1.0,0.0,0.0,-10.0,81.0,Benign
60.0,1.0,0.0,0.0,-1.0,0.0,0.0,-7.0,82.0,Benign
60.0,1.0,0.0,0.0,-1.0,-1.0,0.0,-5.0,82.0,Benign
60.0,1.0,0.0,0.0,-1.0,0.0,0.0,-3.0,83.0,Benign
60.0,0.0,0.0,0.0,-2.0,-1.0,0.0,-4.0,83.0,Benign
60.0,1.0,0.0,0.0,-1.0,1.0,0.0,-7.0,84.0,Benign
60.0,0.0,-1.0,0.0,0.0,2.0,0.0,-3.0,83.0,Benign
60.0,0.0,0.0,0.0,-1.0,0.0,0.0,-5.0,83.0,Benign
60.0,0.0,0.0,0.0,-1.0,0.0,0.0,-7.0,83.0,Benign
60.0,0.0,0.0,0.0,-1.0,0.0,0.0,-15.0,83.0,Benign
70.0,0.0,0.0,0.0,-1.0,0.0,0.0,-15.0,83.0,Benign
70.0,0.0,0.0,0.0,-1.0,0.0,0.0,-14.0,83.0,Benign
60.0,0.0,0.0,0.0,-1.0,0.0,0.0,-14.0,83.0,Benign
70.0,4.0,0.0,0.0,-7.0,0.0,0.0,-17.0,82.0,Benign
70.0,3.0,0.0,0.0,0.0,0.0,0.0,-13.0,86.0,Benign
70.0,2.0,0.0,0.0,-2.0,0.0,0.0,-17.0,88.0,Benign
60.0,2.0,0.0,0.0,-2.0,0.0,0.0,-23.0,87.0,Benign
60.0,2.0,0.0,0.0,-2.0,0.0,0.0,-26.0,86.0,Benign
60.0,2.0,0.0,0.0,-2.0,-1.0,0.0,-18.0,91.0,Benign
60.0,2.0,-1.0,0.0,-2.0,-1.0,0.0,-14.0,92.0,Benign
60.0,2.0,-1.0,0.0,-1.0,0.0,0.0,-22.0,85.0,Benign
60.0,0.0,0.0,0.0,0.0,0.0,0.0,7.0,79.0,Benign
60.0,1.0,0.0,0.0,-8.0,-2.0,0.0,10.0,81.0,Benign
60.0,3.0,0.0,0.0,-1.0,-1.0,0.0,14.0,81.0,Benign
60.0,2.0,0.0,0.0,0.0,0.0,0.0,13.0,81.0,Benign
60.0,1.0,0.0,0.0,-1.0,0.0,0.0,10.0,81.0,Benign
60.0,1.0,0.0,0.0,-2.0,-1.0,0.0,10.0,81.0,Benign
60.0,1.0,0.0,0.0,-1.0,0.0,0.0,8.0,81.0,Benign
60.0,1.0,0.0,0.0,-1.0,0.0,0.0,6.0,82.0,Benign
60.0,1.0,0.0,0.0,-1.0,0.0,0.0,5.0,83.0,Benign
60.0,0.0,0.0,0.0,-1.0,0.0,0.0,8.0,82.0,Benign
60.0,0.0,0.0,0.0,-1.0,0.0,0.0,12.0,82.0,Benign
60.0,2.0,0.0,0.0,-8.0,0.0,0.0,16.0,81.0,Benign
60.0,2.0,0.0,0.0,0.0,0.0,0.0,19.0,83.0,Benign
70.0,2.0,0.0,0.0,-2.0,-1.0,0.0,26.0,81.0,Benign
60.0,2.0,0.0,0.0,-2.0,0.0,0.0,29.0,81.0,Benign
60.0,2.0,0.0,0.0,-2.0,0.0,0.0,36.0,78.0,Benign
60.0,2.0,0.0,0.0,-1.0,-1.0,0.0,30.0,81.0,Benign
60.0,2.0,-1.0,0.0,-1.0,-1.0,0.0,-27.0,81.0,Benign
60.0,1.0,0.0,0.0,-1.0,1.0,0.0,-24.0,81.0,Benign
60.0,0.0,0.0,0.0,0.0,-4.0,0.0,-24.0,82.0,Benign
60.0,0.0,0.0,0.0,-5.0,-4.0,1.0,-24.0,82.0,Benign
70.0,2.0,-1.0,0.0,-1.0,0.0,0.0,-21.0,84.0,Benign
60.0,1.0,-1.0,0.0,0.0,-1.0,0.0,-16.0,83.0,Benign
60.0,1.0,0.0,0.0,0.0,-1.0,0.0,-12.0,83.0,Benign
60.0,0.0,-1.0,0.0,-1.0,-1.0,0.0,-9.0,83.0,Benign
60.0,0.0,-1.0,0.0,0.0,-1.0,0.0,-7.0,82.0,Benign
60.0,0.0,0.0,0.0,0.0,0.0,0.0,-5.0,82.0,Benign
60.0,0.0,0.0,0.0,-1.0,0.0,0.0,-4.0,83.0,Benign
70.0,0.0,0.0,0.0,-1.0,0.0,0.0,-10.0,84.0,Benign
70.0,4.0,0.0,0.0,-1.0,0.0,0.0,-14.0,84.0,Benign
70.0,2.0,0.0,0.0,-1.0,0.0,0.0,-16.0,84.0,Benign
70.0,2.0,0.0,0.0,-2.0,-1.0,0.0,-25.0,82.0,Benign
60.0,2.0,0.0,0.0,-2.0,-1.0,0.0,-31.0,81.0,Benign
60.0,2.0,0.0,0.0,-1.0,0.0,0.0,-41.0,78.0,Benign
60.0,2.0,-1.0,0.0,-1.0,-1.0,0.0,-9.0,87.0,Benign
60.0,0.0,0.0,0.0,1.0,0.0,0.0,-12.0,82.0,Benign
60.0,0.0,0.0,0.0,-4.0,-3.0,1.0,-14.0,83.0,Benign
60.0,1.0,0.0,0.0,-1.0,0.0,0.0,-15.0,83.0,Benign
60.0,1.0,0.0,0.0,-1.0,0.0,0.0,-10.0,83.0,Benign
60.0,1.0,-1.0,0.0,-1.0,0.0,0.0,-7.0,83.0,Benign
60.0,1.0,0.0,0.0,0.0,1.0,0.0,-5.0,82.0,Benign
60.0,0.0,0.0,0.0,0.0,0.0,25.0,-5.0,82.0,Benign
60.0,0.0,0.0,0.0,0.0,-1.0,59.0,-8.0,83.0,Benign
60.0,0.0,0.0,0.0,0.0,-1.0,88.0,-16.0,82.0,Benign
60.0,0.0,0.0,0.0,0.0,0.0,116.0,-14.0,83.0,Benign
60.0,0.0,0.0,0.0,0.0,0.0,146.0,-18.0,82.0,Benign
60.0,0.0,0.0,0.0,0.0,0.0,173.0,-19.0,83.0,Benign
60.0,0.0,0.0,0.0,0.0,0.0,178.0,-17.0,83.0,Benign
60.0,0.0,0.0,0.0,0.0,0.0,179.0,-13.0,84.0,Benign
60.0,0.0,0.0,0.0,0.0,0.0,179.0,-8.0,84.0,Benign
60.0,-2.0,0.0,0.0,-8.0,0.0,179.0,-7.0,83.0,Benign
60.0,-2.0,0.0,0.0,0.0,0.0,179.0,0.0,83.0,Benign
60.0,-2.0,0.0,0.0,0.0,0.0,179.0,3.0,85.0,Benign
60.0,-2.0,0.0,0.0,-1.0,-1.0,178.0,3.0,85.0,Benign
60.0,-2.0,0.0,0.0,0.0,-1.0,179.0,-11.0,80.0,Benign
60.0,0.0,0.0,0.0,3.0,1.0,179.0,-8.0,81.0,Benign
60.0,0.0,0.0,0.0,2.0,1.0,178.0,-6.0,82.0,Benign
60.0,0.0,0.0,0.0,-1.0,0.0,178.0,-2.0,82.0,Benign
60.0,0.0,0.0,0.0,0.0,-1.0,178.0,0.0,83.0,Benign
60.0,0.0,0.0,0.0,-9.0,0.0,178.0,4.0,82.0,Benign
70.0,-3.0,0.0,0.0,1.0,-1.0,178.0,14.0,83.0,Benign
70.0,-2.0,0.0,0.0,-1.0,0.0,178.0,19.0,81.0,Benign
60.0,-2.0,0.0,0.0,-1.0,-1.0,178.0,25.0,80.0,Benign
60.0,-2.0,0.0,0.0,-1.0,-1.0,179.0,-17.0,85.0,Benign
60.0,-1.0,1.0,0.0,0.0,-1.0,179.0,-19.0,83.0,Benign
60.0,0.0,0.0,0.0,0.0,2.0,179.0,-14.0,83.0,Benign
60.0,0.0,0.0,0.0,-1.0,-3.0,179.0,-14.0,83.0,Benign
60.0,0.0,1.0,0.0,-1.0,-1.0,178.0,-15.0,83.0,Benign
60.0,0.0,1.0,0.0,-1.0,-1.0,178.0,-14.0,82.0,Benign
60.0,0.0,1.0,0.0,-1.0,-1.0,178.0,-8.0,81.0,Benign
60.0,0.0,1.0,0.0,0.0,-1.0,179.0,-7.0,81.0,Benign
60.0,0.0,0.0,0.0,0.0,0.0,179.0,-7.0,82.0,Benign
60.0,0.0,0.0,0.0,-1.0,-1.0,179.0,-15.0,81.0,Benign
60.0,-3.0,0.0,0.0,-8.0,0.0,179.0,-20.0,82.0,Benign
60.0,-2.0,0.0,0.0,0.0,-1.0,178.0,-24.0,83.0,Benign
60.0,-2.0,0.0,0.0,-1.0,-1.0,178.0,-28.0,82.0,Benign
60.0,-2.0,0.0,0.0,-1.0,-1.0,178.0,-32.0,77.0,Benign
60.0,-2.0,0.0,0.0,-1.0,-1.0,178.0,-38.0,72.0,Benign
60.0,-2.0,1.0,0.0,-1.0,-1.0,179.0,-42.0,66.0,Benign
60.0,0.0,0.0,0.0,1.0,0.0,179.0,15.0,81.0,Benign
60.0,-1.0,0.0,0.0,-8.0,-3.0,179.0,11.0,84.0,Benign
60.0,-2.0,1.0,0.0,0.0,0.0,179.0,15.0,78.0,Benign
60.0,-1.0,1.0,0.0,0.0,0.0,179.0,10.0,83.0,Benign
60.0,0.0,1.0,0.0,1.0,-1.0,178.0,6.0,83.0,Benign
60.0,0.0,0.0,0.0,0.0,-1.0,178.0,5.0,82.0,Benign
60.0,0.0,0.0,0.0,-1.0,0.0,179.0,4.0,82.0,Benign
60.0,0.0,1.0,0.0,0.0,0.0,179.0,2.0,81.0,Benign
60.0,0.0,0.0,0.0,0.0,0.0,-165.0,5.0,82.0,Benign
60.0,0.0,0.0,0.0,0.0,-1.0,-135.0,6.0,82.0,Benign
60.0,0.0,0.0,0.0,0.0,0.0,-99.0,10.0,83.0,Benign
60.0,0.0,0.0,0.0,0.0,0.0,-68.0,12.0,82.0,Benign
60.0,0.0,0.0,0.0,0.0,0.0,-37.0,13.0,82.0,Benign
60.0,0.0,0.0,0.0,0.0,0.0,-12.0,18.0,82.0,Benign
60.0,0.0,0.0,0.0,0.0,0.0,-3.0,18.0,81.0,Benign
60.0,0.0,0.0,0.0,0.0,0.0,-2.0,-200.0,-200.0,Benign
60.0,0.0,0.0,1.0,0.0,0.0,-2.0,-200.0,-200.0,Benign
50.0,0.0,0.0,4.0,0.0,0.0,-2.0,-200.0,-200.0,Benign
20.0,0.0,0.0,4.0,0.0,0.0,-2.0,-200.0,-200.0,Benign
0.0,0.0,0.0,4.0,0.0,0.0,-2.0,-200.0,-200.0,Benign
0.0,0.0,0.0,0.0,-1.0,0.0,-2.0,-200.0,-200.0,Benign
0.0,-1.0,0.0,0.0,-1.0,0.0,-2.0,-200.0,-200.0,Benign
70.0,0.0,0.0,0.0,0.0,0.0,0.0,-8.0,77.0,Benign
80.0,0.0,0.0,0.0,0.0,0.0,0.0,-9.0,80.0,Benign
80.0,0.0,0.0,0.0,0.0,0.0,0.0,-10.0,82.0,Benign
80.0,0.0,0.0,0.0,0.0,0.0,0.0,-9.0,83.0,Benign
80.0,0.0,0.0,0.0,0.0,0.0,0.0,-9.0,84.0,Benign
80.0,0.0,0.0,0.0,0.0,0.0,0.0,-11.0,85.0,Benign
80.0,0.0,0.0,0.0,0.0,0.0,0.0,-10.0,86.0,Benign
80.0,0.0,0.0,0.0,-1.0,-1.0,0.0,-12.0,86.0,Benign
80.0,0.0,0.0,0.0,0.0,0.0,0.0,-5.0,85.0,Benign
80.0,0.0,0.0,0.0,0.0,0.0,0.0,-5.0,85.0,Benign
80.0,0.0,0.0,0.0,0.0,0.0,0.0,-5.0,87.0,Benign
80.0,0.0,0.0,0.0,0.0,0.0,0.0,-7.0,88.0,Benign
80.0,0.0,0.0,0.0,0.0,0.0,0.0,-11.0,88.0,Benign
80.0,0.0,0.0,0.0,0.0,0.0,0.0,-13.0,88.0,Benign
80.0,0.0,0.0,0.0,0.0,0.0,0.0,-17.0,89.0,Benign
80.0,4.0,0.0,0.0,1.0,0.0,0.0,-19.0,90.0,Benign
80.0,2.0,0.0,0.0,-1.0,-1.0,0.0,-24.0,90.0,Benign
80.0,2.0,0.0,0.0,-1.0,-1.0,0.0,-18.0,95.0,Benign
80.0,2.0,0.0,0.0,-1.0,0.0,0.0,9.0,88.0,Benign
80.0,2.0,-1.0,0.0,-1.0,-1.0,0.0,12.0,86.0,Benign
80.0,1.0,-1.0,0.0,3.0,3.0,0.0,11.0,85.0,Benign
80.0,0.0,0.0,0.0,0.0,0.0,0.0,9.0,83.0,Benign
80.0,0.0,0.0,0.0,0.0,0.0,0.0,16.0,81.0,Benign
80.0,1.0,0.0,0.0,-8.0,0.0,0.0,17.0,81.0,Benign
80.0,3.0,0.0,0.0,0.0,0.0,0.0,18.0,84.0,Benign
80.0,2.0,0.0,0.0,-1.0,-1.0,0.0,24.0,83.0,Benign
80.0,2.0,0.0,0.0,-1.0,0.0,0.0,30.0,80.0,Benign
80.0,2.0,0.0,0.0,-1.0,-1.0,0.0,29.0,81.0,Benign
80.0,2.0,-1.0,0.0,-1.0,-1.0,0.0,28.0,81.0,Benign
80.0,1.0,0.0,0.0,2.0,2.0,0.0,-20.0,86.0,Benign
80.0,0.0,0.0,0.0,-7.0,-3.0,0.0,-18.0,84.0,Benign
80.0,2.0,-1.0,0.0,0.0,0.0,0.0,-17.0,81.0,Benign
80.0,1.0,-1.0,0.0,0.0,0.0,0.0,-15.0,80.0,Benign
80.0,1.0,0.0,0.0,0.0,0.0,0.0,-9.0,80.0,Benign
80.0,0.0,0.0,0.0,-1.0,0.0,0.0,-7.0,80.0,Benign
80.0,0.0,0.0,0.0,0.0,0.0,0.0,-4.0,80.0,Benign
80.0,0.0,0.0,0.0,0.0,0.0,0.0,-8.0,80.0,Benign
70.0,1.0,0.0,0.0,-9.0,0.0,0.0,-10.0,79.0,Benign
80.0,3.0,0.0,0.0,0.0,0.0,0.0,-12.0,80.0,Benign
80.0,2.0,0.0,0.0,-1.0,0.0,0.0,-16.0,80.0,Benign
80.0,2.0,0.0,0.0,-2.0,0.0,0.0,-24.0,77.0,Benign
80.0,2.0,0.0,0.0,-1.0,0.0,0.0,-22.0,80.0,Benign
80.0,2.0,0.0,0.0,-1.0,0.0,0.0,-2.0,83.0,Benign
80.0,1.0,0.0,0.0,2.0,0.0,0.0,-5.0,81.0,Benign
80.0,0.0,0.0,0.0,-1.0,0.0,0.0,-7.0,81.0,Benign
80.0,1.0,0.0,0.0,-1.0,0.0,0.0,-4.0,83.0,Benign
80.0,1.0,0.0,0.0,-1.0,0.0,0.0,-4.0,83.0,Benign
80.0,0.0,0.0,0.0,0.0,0.0,0.0,-5.0,82.0,Benign
80.0,0.0,0.0,0.0,0.0,0.0,8.0,-5.0,82.0,Benign
80.0,0.0,0.0,0.0,-1.0,0.0,42.0,-4.0,82.0,Benign
80.0,0.0,0.0,0.0,0.0,0.0,71.0,-7.0,83.0,Benign
80.0,0.0,0.0,0.0,0.0,-1.0,101.0,-8.0,84.0,Benign
80.0,0.0,0.0,0.0,0.0,0.0,131.0,-10.0,84.0,Benign
80.0,0.0,0.0,0.0,0.0,0.0,166.0,-16.0,82.0,Benign
80.0,0.0,0.0,0.0,0.0,0.0,177.0,-17.0,82.0,Benign
80.0,0.0,0.0,0.0,0.0,0.0,178.0,-17.0,82.0,Benign
80.0,0.0,0.0,0.0,0.0,0.0,178.0,-15.0,82.0,Benign
80.0,0.0,0.0,0.0,0.0,0.0,178.0,-14.0,82.0,Benign
80.0,-3.0,0.0,0.0,1.0,0.0,179.0,-13.0,83.0,Benign
80.0,-2.0,0.0,0.0,0.0,0.0,178.0,-6.0,86.0,Benign
80.0,-2.0,0.0,0.0,0.0,0.0,178.0,-10.0,82.0,Benign
80.0,-2.0,0.0,0.0,-1.0,0.0,178.0,-15.0,83.0,Benign
80.0,0.0,0.0,0.0,2.0,0.0,178.0,-22.0,80.0,Benign
80.0,0.0,-1.0,0.0,1.0,4.0,179.0,-24.0,80.0,Benign
80.0,0.0,-1.0,0.0,0.0,0.0,178.0,-12.0,83.0,Benign
80.0,0.0,-1.0,0.0,0.0,0.0,178.0,-5.0,82.0,Benign
80.0,0.0,0.0,0.0,0.0,0.0,178.0,-4.0,81.0,Benign
80.0,0.0,0.0,0.0,0.0,0.0,178.0,-4.0,81.0,Benign
80.0,-1.0,0.0,0.0,-8.0,0.0,178.0,-4.0,81.0,Benign
80.0,-3.0,0.0,0.0,0.0,0.0,178.0,-2.0,80.0,Benign
80.0,-2.0,0.0,0.0,0.0,0.0,178.0,-7.0,75.0,Benign
80.0,-2.0,0.0,0.0,-1.0,0.0,178.0,11.0,78.0,Benign
80.0,-2.0,0.0,0.0,0.0,0.0,178.0,10.0,80.0,Benign
80.0,0.0,0.0,0.0,0.0,0.0,178.0,9.0,79.0,Benign
80.0,0.0,-1.0,0.0,0.0,0.0,178.0,8.0,80.0,Benign
80.0,0.0,0.0,0.0,0.0,-1.0,178.0,5.0,80.0,Benign
80.0,0.0,0.0,0.0,0.0,0.0,178.0,4.0,81.0,Benign
80.0,0.0,0.0,0.0,0.0,0.0,178.0,5.0,80.0,Benign
80.0,-4.0,0.0,0.0,-1.0,0.0,178.0,6.0,79.0,Benign
80.0,-2.0,0.0,0.0,-1.0,0.0,178.0,7.0,79.0,Benign
80.0,-2.0,0.0,0.0,-1.0,0.0,178.0,3.0,79.0,Benign
80.0,-2.0,0.0,0.0,-1.0,0.0,178.0,3.0,79.0,Benign
80.0,-2.0,0.0,0.0,-1.0,0.0,178.0,-15.0,86.0,Benign
80.0,0.0,0.0,0.0,0.0,0.0,178.0,-17.0,83.0,Benign
80.0,-1.0,-1.0,0.0,-2.0,1.0,178.0,-16.0,84.0,Benign
80.0,-1.0,-1.0,0.0,0.0,0.0,178.0,-11.0,83.0,Benign
80.0,0.0,0.0,0.0,0.0,0.0,178.0,-6.0,82.0,Benign
80.0,0.0,0.0,0.0,0.0,0.0,-174.0,-2.0,82.0,Benign
80.0,0.0,0.0,0.0,0.0,0.0,-139.0,-3.0,82.0,Benign
80.0,0.0,0.0,0.0,0.0,0.0,-103.0,-3.0,83.0,Benign
80.0,0.0,0.0,0.0,0.0,0.0,-79.0,-4.0,83.0,Benign
80.0,0.0,0.0,0.0,0.0,0.0,-43.0,-1.0,83.0,Benign
80.0,0.0,0.0,0.0,0.0,0.0,-19.0,0.0,83.0,Benign
80.0,0.0,0.0,0.0,0.0,0.0,-3.0,0.0,83.0,Benign
80.0,0.0,0.0,0.0,0.0,0.0,-1.0,-200.0,-200.0,Benign
70.0,0.0,0.0,2.0,0.0,0.0,0.0,-200.0,-200.0,Benign
50.0,0.0,0.0,4.0,0.0,0.0,0.0,-200.0,-200.0,Benign
30.0,0.0,0.0,4.0,0.0,0.0,0.0,-200.0,-200.0,Benign
10.0,0.0,0.0,4.0,0.0,0.0,0.0,-200.0,-200.0,Benign
0.0,0.0,0.0,0.0,-1.0,0.0,0.0,-200.0,-200.0,Benign
0.0,0.0,0.0,0.0,-1.0,0.0,0.0,-200.0,-200.0,Benign
70.0,0.0,0.0,0.0,0.0,0.0,0.0,-11.0,78.0,Benign
70.0,0.0,0.0,0.0,0.0,0.0,0.0,-12.0,80.0,Benign
80.0,0.0,0.0,0.0,0.0,0.0,0.0,-12.0,83.0,Benign
80.0,0.0,0.0,0.0,0.0,0.0,0.0,-13.0,84.0,Benign
80.0,0.0,0.0,0.0,0.0,0.0,0.0,-11.0,84.0,Benign
80.0,0.0,0.0,0.0,0.0,0.0,0.0,-11.0,84.0,Benign
80.0,0.0,0.0,0.0,0.0,0.0,0.0,-11.0,85.0,Benign
80.0,0.0,0.0,0.0,-1.0,0.0,0.0,-12.0,86.0,Benign
80.0,0.0,0.0,0.0,-1.0,0.0,0.0,-7.0,85.0,Benign
70.0,0.0,0.0,0.0,1.0,1.0,0.0,-3.0,84.0,Benign
80.0,0.0,0.0,0.0,0.0,0.0,0.0,-2.0,85.0,Benign
80.0,0.0,0.0,0.0,0.0,0.0,0.0,-5.0,86.0,Benign
80.0,0.0,0.0,0.0,0.0,0.0,0.0,-6.0,86.0,Benign
80.0,3.0,0.0,0.0,-8.0,0.0,0.0,-11.0,86.0,Benign
80.0,2.0,0.0,0.0,-1.0,0.0,0.0,-13.0,87.0,Benign
80.0,2.0,0.0,0.0,-1.0,0.0,0.0,-13.0,88.0,Benign
80.0,2.0,0.0,0.0,-1.0,0.0,0.0,-9.0,92.0,Benign
80.0,2.0,0.0,0.0,-1.0,0.0,0.0,10.0,83.0,Benign
80.0,1.0,0.0,0.0,-1.0,2.0,0.0,2.0,81.0,Benign
80.0,0.0,0.0,0.0,0.0,0.0,0.0,4.0,82.0,Benign
80.0,0.0,0.0,0.0,0.0,0.0,0.0,5.0,80.0,Benign
80.0,0.0,0.0,0.0,-1.0,0.0,0.0,5.0,81.0,Benign
80.0,4.0,0.0,0.0,-4.0,0.0,0.0,-2.0,90.0,Benign
80.0,2.0,0.0,0.0,0.0,0.0,0.0,9.0,84.0,Benign
80.0,2.0,0.0,0.0,-2.0,0.0,0.0,11.0,84.0,Benign
80.0,2.0,0.0,0.0,-1.0,0.0,0.0,15.0,84.0,Benign
80.0,2.0,0.0,0.0,-1.0,0.0,0.0,20.0,81.0,Benign
80.0,2.0,0.0,0.0,-1.0,0.0,0.0,20.0,77.0,Benign
70.0,0.0,0.0,0.0,0.0,2.0,0.0,25.0,78.0,Benign
70.0,-2.0,-1.0,0.0,5.0,-3.0,0.0,-12.0,81.0,Benign
70.0,-2.0,-1.0,0.0,-1.0,0.0,0.0,12.0,77.0,Benign
70.0,-1.0,0.0,0.0,-2.0,0.0,0.0,4.0,79.0,Benign
70.0,0.0,0.0,0.0,-1.0,1.0,0.0,1.0,79.0,Benign
70.0,0.0,0.0,0.0,0.0,0.0,0.0,1.0,79.0,Benign
70.0,0.0,0.0,0.0,-1.0,0.0,0.0,2.0,79.0,Benign
70.0,4.0,0.0,0.0,0.0,0.0,0.0,-4.0,79.0,Benign
70.0,2.0,0.0,0.0,-1.0,0.0,0.0,8.0,76.0,Benign
70.0,2.0,0.0,0.0,-1.0,0.0,0.0,-4.0,79.0,Benign
70.0,2.0,0.0,0.0,-1.0,-1.0,0.0,-7.0,76.0,Benign
70.0,2.0,0.0,0.0,-1.0,2.0,0.0,-4.0,78.0,Benign
70.0,0.0,0.0,0.0,0.0,0.0,0.0,-4.0,78.0,Benign
70.0,0.0,0.0,0.0,0.0,-1.0,0.0,-7.0,80.0,Benign
70.0,0.0,0.0,0.0,0.0,0.0,0.0,-6.0,81.0,Benign
70.0,0.0,0.0,0.0,0.0,0.0,31.0,-5.0,82.0,Benign
80.0,0.0,0.0,0.0,0.0,-1.0,69.0,-7.0,82.0,Benign
80.0,0.0,0.0,0.0,0.0,0.0,100.0,-8.0,84.0,Benign
80.0,0.0,0.0,0.0,0.0,0.0,124.0,-15.0,83.0,Benign
80.0,0.0,0.0,0.0,0.0,0.0,158.0,-5.0,84.0,Benign
80.0,0.0,0.0,0.0,0.0,0.0,173.0,-11.0,84.0,Benign
80.0,0.0,0.0,0.0,0.0,0.0,177.0,-10.0,84.0,Benign
80.0,0.0,0.0,0.0,0.0,0.0,178.0,-9.0,85.0,Benign
80.0,0.0,0.0,0.0,0.0,0.0,178.0,-9.0,84.0,Benign
80.0,0.0,0.0,0.0,0.0,0.0,178.0,-11.0,84.0,Benign
80.0,-4.0,0.0,0.0,-4.0,0.0,178.0,-12.0,82.0,Benign
80.0,-2.0,0.0,0.0,0.0,0.0,178.0,-12.0,81.0,Benign
80.0,-2.0,0.0,0.0,0.0,0.0,178.0,-7.0,84.0,Benign
70.0,-2.0,0.0,0.0,-1.0,0.0,178.0,24.0,76.0,Benign
70.0,-2.0,0.0,0.0,-1.0,0.0,178.0,17.0,79.0,Benign
70.0,0.0,0.0,0.0,0.0,0.0,178.0,9.0,82.0,Benign
80.0,0.0,-1.0,0.0,0.0,1.0,178.0,9.0,82.0,Benign
80.0,0.0,0.0,0.0,0.0,-1.0,178.0,6.0,83.0,Benign
70.0,0.0,0.0,0.0,0.0,0.0,178.0,4.0,82.0,Benign
70.0,0.0,0.0,0.0,0.0,0.0,178.0,4.0,82.0,Benign
80.0,-4.0,0.0,0.0,-1.0,0.0,178.0,2.0,83.0,Benign
80.0,-2.0,0.0,0.0,-1.0,0.0,178.0,0.0,83.0,Benign
80.0,-2.0,0.0,0.0,0.0,0.0,178.0,-2.0,74.0,Benign
80.0,-2.0,0.0,0.0,0.0,0.0,178.0,0.0,78.0,Benign
70.0,-2.0,0.0,0.0,0.0,0.0,178.0,-8.0,84.0,Benign
70.0,0.0,0.0,0.0,0.0,0.0,178.0,-12.0,81.0,Benign
70.0,-2.0,-1.0,0.0,-1.0,0.0,178.0,-12.0,84.0,Benign
80.0,-1.0,0.0,0.0,0.0,0.0,178.0,-6.0,83.0,Benign
80.0,0.0,0.0,0.0,0.0,0.0,178.0,-2.0,83.0,Benign
80.0,0.0,0.0,0.0,0.0,0.0,178.0,-1.0,83.0,Benign
80.0,0.0,0.0,0.0,0.0,0.0,178.0,0.0,84.0,Benign
80.0,-4.0,0.0,0.0,-1.0,0.0,178.0,0.0,82.0,Benign
70.0,-2.0,0.0,0.0,0.0,0.0,178.0,-3.0,81.0,Benign
70.0,-2.0,0.0,0.0,0.0,0.0,178.0,-5.0,76.0,Benign
70.0,-2.0,0.0,0.0,-1.0,0.0,178.0,1.0,80.0,Benign
70.0,-2.0,0.0,0.0,-1.0,0.0,178.0,-23.0,79.0,Benign
80.0,0.0,0.0,0.0,0.0,0.0,178.0,-23.0,79.0,Benign
80.0,0.0,0.0,0.0,8.0,2.0,178.0,-23.0,79.0,Benign
70.0,4.0,-1.0,0.0,0.0,0.0,178.0,-23.0,79.0,Benign
70.0,3.0,0.0,0.0,-1.0,0.0,178.0,7.0,78.0,Benign
70.0,1.0,0.0,0.0,0.0,0.0,178.0,8.0,81.0,Benign
70.0,0.0,0.0,0.0,-2.0,0.0,178.0,7.0,82.0,Benign
70.0,0.0,0.0,0.0,0.0,0.0,-170.0,8.0,81.0,Benign
70.0,0.0,0.0,0.0,0.0,0.0,-133.0,4.0,82.0,Benign
70.0,0.0,0.0,0.0,0.0,0.0,-96.0,7.0,82.0,Benign
70.0,0.0,0.0,0.0,0.0,0.0,-65.0,7.0,82.0,Benign
70.0,0.0,0.0,0.0,0.0,0.0,-34.0,7.0,82.0,Benign
70.0,0.0,0.0,0.0,0.0,0.0,-8.0,10.0,83.0,Benign
70.0,0.0,0.0,0.0,0.0,0.0,-3.0,11.0,82.0,Benign
70.0,0.0,0.0,0.0,0.0,0.0,-1.0,-200.0,-200.0,Benign
70.0,0.0,0.0,2.0,0.0,0.0,-1.0,-200.0,-200.0,Benign
50.0,0.0,0.0,4.0,0.0,0.0,-1.0,-200.0,-200.0,Benign
20.0,0.0,0.0,4.0,0.0,0.0,-1.0,-200.0,-200.0,Benign
0.0,0.0,0.0,3.0,0.0,0.0,-1.0,-200.0,-200.0,Benign
0.0,0.0,0.0,0.0,1.0,0.0,-3.0,-200.0,-200.0,Benign
0.0,0.0,0.0,0.0,1.0,0.0,-3.0,-200.0,-200.0,Benign
80.0,0.0,0.0,0.0,-1.0,0.0,0.0,-14.0,86.0,Benign
70.0,0.0,0.0,0.0,0.0,0.0,0.0,-15.0,85.0,Benign
70.0,0.0,0.0,0.0,0.0,0.0,0.0,-19.0,83.0,Benign
70.0,0.0,0.0,0.0,-1.0,0.0,0.0,-16.0,85.0,Benign
70.0,0.0,0.0,0.0,0.0,0.0,0.0,-18.0,85.0,Benign
70.0,1.0,-1.0,0.0,-2.0,-1.0,0.0,-17.0,84.0,Benign
70.0,1.0,-1.0,0.0,0.0,0.0,0.0,-11.0,84.0,Benign
70.0,1.0,-1.0,0.0,0.0,0.0,0.0,-6.0,83.0,Benign
70.0,0.0,0.0,0.0,-1.0,0.0,0.0,-5.0,83.0,Benign
70.0,0.0,0.0,0.0,-1.0,1.0,0.0,-5.0,82.0,Benign
70.0,0.0,0.0,0.0,0.0,0.0,0.0,-5.0,81.0,Benign
70.0,0.0,0.0,0.0,-1.0,0.0,0.0,-9.0,82.0,Benign
70.0,0.0,0.0,0.0,-1.0,0.0,0.0,-11.0,81.0,Benign
70.0,0.0,0.0,0.0,-1.0,0.0,0.0,-15.0,80.0,Benign
70.0,0.0,0.0,0.0,-1.0,0.0,0.0,-16.0,80.0,Benign
70.0,0.0,0.0,0.0,-1.0,0.0,0.0,-17.0,80.0,Benign
70.0,2.0,0.0,0.0,-8.0,0.0,0.0,-16.0,80.0,Benign
70.0,3.0,0.0,0.0,0.0,0.0,0.0,-16.0,82.0,Benign
70.0,2.0,0.0,0.0,-1.0,0.0,0.0,-16.0,84.0,Benign
70.0,2.0,0.0,0.0,-1.0,0.0,0.0,-19.0,83.0,Benign
70.0,2.0,0.0,0.0,-1.0,0.0,0.0,-11.0,87.0,Benign
70.0,2.0,0.0,0.0,-1.0,0.0,0.0,-3.0,82.0,Benign
70.0,1.0,0.0,0.0,2.0,0.0,0.0,6.0,72.0,Benign
70.0,0.0,0.0,0.0,-3.0,0.0,0.0,4.0,73.0,Benign
70.0,3.0,0.0,0.0,-1.0,0.0,0.0,-1.0,76.0,Benign
70.0,2.0,0.0,0.0,0.0,0.0,0.0,0.0,77.0,Benign
70.0,1.0,0.0,0.0,-1.0,0.0,0.0,0.0,79.0,Benign
70.0,1.0,0.0,0.0,0.0,0.0,0.0,0.0,79.0,Benign
70.0,0.0,0.0,0.0,0.0,0.0,0.0,2.0,81.0,Benign
70.0,0.0,0.0,0.0,-1.0,0.0,0.0,2.0,79.0,Benign
70.0,0.0,0.0,0.0,-3.0,0.0,0.0,4.0,80.0,Benign
70.0,4.0,0.0,0.0,0.0,0.0,0.0,3.0,83.0,Benign
70.0,2.0,0.0,0.0,-1.0,0.0,0.0,6.0,85.0,Benign
70.0,2.0,0.0,0.0,-1.0,0.0,0.0,7.0,82.0,Benign
70.0,2.0,0.0,0.0,-2.0,0.0,0.0,7.0,79.0,Benign
70.0,2.0,0.0,0.0,-1.0,0.0,0.0,1.0,78.0,Benign
70.0,2.0,0.0,0.0,0.0,0.0,0.0,-1.0,79.0,Benign
70.0,0.0,0.0,0.0,0.0,0.0,0.0,-2.0,80.0,Benign
70.0,1.0,0.0,0.0,-1.0,0.0,0.0,-5.0,81.0,Benign
70.0,1.0,0.0,0.0,-2.0,0.0,0.0,-5.0,82.0,Benign
70.0,1.0,0.0,0.0,-1.0,0.0,0.0,-3.0,82.0,Benign
70.0,0.0,0.0,0.0,0.0,0.0,0.0,-4.0,81.0,Benign
70.0,0.0,0.0,0.0,0.0,0.0,0.0,-6.0,81.0,Benign
70.0,0.0,0.0,0.0,-3.0,0.0,0.0,-5.0,80.0,Benign
70.0,4.0,0.0,0.0,0.0,0.0,0.0,-7.0,81.0,Benign
70.0,2.0,0.0,0.0,-1.0,0.0,0.0,-8.0,82.0,Benign
70.0,2.0,0.0,0.0,-1.0,0.0,0.0,-12.0,82.0,Benign
70.0,2.0,0.0,0.0,-1.0,0.0,0.0,13.0,83.0,Benign
70.0,2.0,0.0,0.0,-1.0,0.0,0.0,11.0,81.0,Benign
70.0,0.0,0.0,0.0,0.0,0.0,0.0,10.0,83.0,Benign
70.0,1.0,0.0,0.0,-1.0,2.0,0.0,12.0,81.0,Benign
70.0,0.0,0.0,0.0,0.0,0.0,0.0,9.0,82.0,Benign
70.0,0.0,0.0,0.0,0.0,0.0,19.0,2.0,82.0,Benign
70.0,0.0,0.0,0.0,0.0,0.0,55.0,8.0,82.0,Benign
70.0,0.0,0.0,0.0,-1.0,0.0,86.0,2.0,82.0,Benign
70.0,0.0,0.0,0.0,0.0,0.0,116.0,0.0,82.0,Benign
70.0,0.0,0.0,0.0,0.0,0.0,152.0,1.0,82.0,Benign
70.0,0.0,0.0,0.0,0.0,0.0,172.0,0.0,83.0,Benign
70.0,0.0,0.0,0.0,0.0,0.0,178.0,-4.0,83.0,Benign
70.0,0.0,0.0,0.0,0.0,0.0,178.0,-3.0,82.0,Benign
70.0,0.0,0.0,0.0,0.0,0.0,178.0,-3.0,82.0,Benign
70.0,-2.0,0.0,0.0,-8.0,0.0,178.0,-5.0,81.0,Benign
70.0,-2.0,0.0,0.0,0.0,0.0,178.0,-3.0,81.0,Benign
70.0,-2.0,0.0,0.0,-1.0,0.0,178.0,-2.0,78.0,Benign
70.0,-2.0,0.0,0.0,-1.0,0.0,178.0,3.0,89.0,Benign
70.0,-2.0,0.0,0.0,-1.0,0.0,178.0,-21.0,77.0,Benign
70.0,-1.0,0.0,0.0,5.0,0.0,178.0,-19.0,79.0,Benign
70.0,0.0,-1.0,0.0,0.0,5.0,178.0,-24.0,76.0,Benign
70.0,0.0,-1.0,0.0,0.0,0.0,178.0,-14.0,79.0,Benign
70.0,0.0,-1.0,0.0,0.0,0.0,178.0,-8.0,79.0,Benign
70.0,0.0,0.0,0.0,0.0,-1.0,178.0,-4.0,79.0,Benign
70.0,0.0,0.0,0.0,0.0,0.0,178.0,-1.0,79.0,Benign
70.0,0.0,0.0,0.0,0.0,0.0,178.0,-5.0,80.0,Benign
70.0,-3.0,0.0,0.0,1.0,0.0,178.0,-7.0,82.0,Benign
70.0,-2.0,0.0,0.0,-1.0,0.0,178.0,-8.0,82.0,Benign
70.0,-2.0,0.0,0.0,-1.0,0.0,178.0,0.0,78.0,Benign
70.0,-2.0,0.0,0.0,-1.0,0.0,178.0,15.0,78.0,Benign
70.0,-1.0,0.0,0.0,5.0,0.0,178.0,21.0,78.0,Benign
70.0,0.0,0.0,0.0,0.0,4.0,178.0,13.0,79.0,Benign
70.0,0.0,-1.0,0.0,0.0,0.0,178.0,10.0,79.0,Benign
70.0,0.0,0.0,0.0,0.0,0.0,178.0,5.0,81.0,Benign
70.0,0.0,0.0,0.0,0.0,0.0,178.0,0.0,81.0,Benign
70.0,0.0,0.0,0.0,-1.0,0.0,178.0,5.0,81.0,Benign
70.0,-2.0,0.0,0.0,-1.0,0.0,178.0,6.0,80.0,Benign
70.0,-2.0,0.0,0.0,-1.0,0.0,178.0,6.0,81.0,Benign
70.0,0.0,0.0,0.0,1.0,0.0,178.0,4.0,78.0,Benign
70.0,2.0,0.0,0.0,2.0,0.0,178.0,4.0,79.0,Benign
70.0,2.0,0.0,0.0,0.0,0.0,178.0,10.0,78.0,Benign
70.0,2.0,0.0,0.0,0.0,0.0,178.0,8.0,80.0,Benign
70.0,0.0,0.0,0.0,-1.0,0.0,178.0,10.0,80.0,Benign
70.0,0.0,0.0,0.0,0.0,0.0,178.0,9.0,82.0,Benign
70.0,-1.0,0.0,0.0,-9.0,0.0,178.0,7.0,82.0,Benign
70.0,-4.0,0.0,0.0,1.0,0.0,178.0,5.0,83.0,Benign
70.0,-2.0,0.0,0.0,-1.0,0.0,178.0,6.0,79.0,Benign
70.0,-2.0,0.0,0.0,-1.0,0.0,178.0,8.0,83.0,Benign
80.0,-2.0,0.0,0.0,-1.0,0.0,178.0,-23.0,90.0,Benign
70.0,0.0,0.0,0.0,0.0,0.0,178.0,-28.0,87.0,Benign
70.0,0.0,-2.0,0.0,-1.0,3.0,178.0,-28.0,83.0,Benign
70.0,0.0,-1.0,0.0,0.0,0.0,178.0,-21.0,82.0,Benign
70.0,0.0,-1.0,0.0,0.0,-1.0,178.0,-6.0,83.0,Benign
70.0,0.0,0.0,0.0,0.0,-1.0,179.0,-2.0,82.0,Benign
70.0,0.0,0.0,0.0,0.0,0.0,-144.0,-4.0,81.0,Benign
70.0,0.0,0.0,0.0,0.0,0.0,-114.0,-2.0,82.0,Benign
70.0,0.0,0.0,0.0,0.0,0.0,-77.0,-4.0,83.0,Benign
70.0,0.0,0.0,0.0,0.0,0.0,-46.0,-3.0,84.0,Benign
70.0,0.0,0.0,0.0,0.0,0.0,-13.0,-1.0,83.0,Benign
70.0,0.0,0.0,0.0,0.0,0.0,-4.0,-1.0,82.0,Benign
70.0,0.0,0.0,0.0,0.0,0.0,-3.0,-200.0,-200.0,Benign
70.0,0.0,0.0,0.0,0.0,0.0,-3.0,-200.0,-200.0,Benign
70.0,0.0,0.0,3.0,0.0,0.0,-3.0,-200.0,-200.0,Benign
40.0,0.0,0.0,4.0,0.0,0.0,-3.0,-200.0,-200.0,Benign
20.0,0.0,0.0,4.0,0.0,0.0,-3.0,-200.0,-200.0,Benign
0.0,0.0,0.0,2.0,-1.0,0.0,-2.0,-200.0,-200.0,Benign
0.0,0.0,0.0,0.0,-1.0,0.0,-3.0,-200.0,-200.0,Benign
80.0,0.0,0.0,0.0,0.0,0.0,0.0,-1.0,82.0,Benign
80.0,0.0,0.0,0.0,0.0,0.0,0.0,-1.0,84.0,Benign
80.0,0.0,0.0,0.0,0.0,0.0,0.0,-1.0,84.0,Benign
80.0,0.0,0.0,0.0,0.0,0.0,0.0,-1.0,84.0,Benign
80.0,0.0,0.0,0.0,0.0,0.0,0.0,0.0,85.0,Benign
80.0,0.0,0.0,0.0,0.0,0.0,0.0,-1.0,85.0,Benign
80.0,0.0,0.0,0.0,0.0,0.0,0.0,-2.0,86.0,Benign
80.0,0.0,0.0,0.0,0.0,0.0,0.0,-2.0,86.0,Benign
80.0,0.0,0.0,0.0,0.0,0.0,0.0,-2.0,86.0,Benign
80.0,0.0,0.0,0.0,0.0,0.0,0.0,-5.0,87.0,Benign
80.0,0.0,0.0,0.0,0.0,0.0,0.0,-7.0,87.0,Benign
80.0,0.0,0.0,0.0,0.0,0.0,0.0,-9.0,87.0,Benign
80.0,0.0,0.0,0.0,0.0,0.0,0.0,-9.0,87.0,Benign
80.0,0.0,0.0,0.0,0.0,0.0,0.0,-11.0,86.0,Benign
80.0,0.0,0.0,0.0,0.0,0.0,0.0,-12.0,86.0,Benign
80.0,4.0,0.0,0.0,-1.0,0.0,0.0,-14.0,87.0,Benign
80.0,2.0,0.0,0.0,-1.0,0.0,0.0,-21.0,86.0,Benign
80.0,2.0,0.0,0.0,-1.0,-1.0,0.0,-15.0,94.0,Benign
80.0,2.0,0.0,0.0,-1.0,-1.0,0.0,9.0,86.0,Benign
80.0,2.0,-1.0,0.0,0.0,-1.0,0.0,6.0,84.0,Benign
80.0,0.0,0.0,0.0,0.0,1.0,0.0,3.0,87.0,Benign
80.0,0.0,0.0,0.0,0.0,0.0,0.0,4.0,86.0,Benign
80.0,0.0,0.0,0.0,-1.0,-1.0,0.0,7.0,85.0,Benign
80.0,4.0,0.0,0.0,0.0,0.0,0.0,13.0,85.0,Benign
80.0,2.0,0.0,0.0,-1.0,0.0,0.0,15.0,86.0,Benign
80.0,2.0,0.0,0.0,-1.0,0.0,0.0,25.0,81.0,Benign
80.0,2.0,0.0,0.0,-1.0,0.0,0.0,25.0,81.0,Benign
80.0,2.0,-1.0,0.0,-1.0,-1.0,0.0,22.0,82.0,Benign
80.0,1.0,-1.0,0.0,0.0,-1.0,0.0,-13.0,87.0,Benign
80.0,0.0,0.0,0.0,0.0,0.0,0.0,-16.0,81.0,Benign
80.0,2.0,-1.0,0.0,-1.0,-1.0,0.0,-13.0,85.0,Benign
80.0,1.0,-1.0,0.0,-1.0,0.0,0.0,-16.0,81.0,Benign
80.0,1.0,-1.0,0.0,0.0,0.0,0.0,-12.0,81.0,Benign
80.0,1.0,-1.0,0.0,-1.0,0.0,0.0,-11.0,82.0,Benign
80.0,0.0,0.0,0.0,-1.0,0.0,0.0,-9.0,83.0,Benign
80.0,0.0,-1.0,0.0,-3.0,-1.0,0.0,-7.0,83.0,Benign
80.0,0.0,-1.0,0.0,0.0,0.0,0.0,-6.0,83.0,Benign
80.0,0.0,0.0,0.0,-1.0,0.0,0.0,-6.0,83.0,Benign
80.0,0.0,0.0,0.0,-1.0,0.0,0.0,-10.0,84.0,Benign
80.0,1.0,0.0,0.0,-8.0,0.0,0.0,-14.0,83.0,Benign
80.0,3.0,0.0,0.0,0.0,0.0,0.0,-18.0,83.0,Benign
80.0,2.0,0.0,0.0,-1.0,-1.0,0.0,-28.0,81.0,Benign
80.0,2.0,0.0,0.0,-1.0,-1.0,0.0,-33.0,82.0,Benign
80.0,2.0,0.0,0.0,-1.0,-1.0,0.0,-32.0,84.0,Benign
80.0,2.0,-1.0,0.0,-1.0,-1.0,0.0,-11.0,91.0,Benign
80.0,1.0,-1.0,0.0,-1.0,-1.0,0.0,-16.0,87.0,Benign
80.0,0.0,0.0,0.0,0.0,0.0,0.0,-9.0,87.0,Benign
80.0,1.0,0.0,0.0,-3.0,-2.0,0.0,-17.0,84.0,Benign
80.0,1.0,0.0,0.0,-1.0,0.0,0.0,-12.0,85.0,Benign
80.0,1.0,-1.0,0.0,-1.0,-1.0,0.0,-9.0,84.0,Benign
80.0,0.0,-1.0,0.0,-1.0,0.0,0.0,-9.0,83.0,Benign
80.0,0.0,-1.0,0.0,0.0,0.0,0.0,-6.0,83.0,Benign
80.0,0.0,0.0,0.0,0.0,0.0,23.0,-4.0,84.0,Benign
80.0,0.0,0.0,0.0,0.0,-1.0,53.0,-9.0,84.0,Benign
80.0,0.0,0.0,0.0,0.0,0.0,89.0,-14.0,83.0,Benign
80.0,0.0,0.0,0.0,0.0,0.0,119.0,-16.0,83.0,Benign
80.0,0.0,0.0,0.0,0.0,0.0,149.0,-20.0,83.0,Benign
80.0,0.0,0.0,0.0,0.0,0.0,172.0,-21.0,82.0,Benign
80.0,0.0,0.0,0.0,0.0,0.0,178.0,-21.0,83.0,Benign
80.0,0.0,0.0,0.0,0.0,0.0,179.0,-17.0,83.0,Benign
80.0,0.0,0.0,0.0,0.0,0.0,179.0,-10.0,84.0,Benign
80.0,-3.0,0.0,0.0,-7.0,0.0,179.0,-10.0,85.0,Benign
80.0,-2.0,0.0,0.0,0.0,0.0,179.0,-5.0,86.0,Benign
80.0,-2.0,0.0,0.0,0.0,0.0,179.0,-16.0,85.0,Benign
80.0,-2.0,0.0,0.0,0.0,0.0,179.0,-12.0,83.0,Benign
80.0,-1.0,0.0,0.0,0.0,2.0,179.0,-18.0,82.0,Benign
80.0,0.0,0.0,0.0,0.0,0.0,178.0,-17.0,82.0,Benign
80.0,1.0,-1.0,0.0,0.0,0.0,178.0,-12.0,83.0,Benign
80.0,0.0,0.0,0.0,0.0,-1.0,178.0,-3.0,82.0,Benign
80.0,0.0,0.0,0.0,0.0,0.0,178.0,0.0,82.0,Benign
80.0,0.0,0.0,0.0,0.0,0.0,178.0,2.0,83.0,Benign
80.0,-2.0,0.0,0.0,-8.0,0.0,178.0,5.0,83.0,Benign
80.0,-3.0,0.0,0.0,0.0,0.0,179.0,16.0,80.0,Benign
80.0,-2.0,0.0,0.0,-1.0,0.0,179.0,18.0,79.0,Benign
80.0,-2.0,0.0,0.0,-1.0,-1.0,179.0,20.0,83.0,Benign
80.0,-1.0,0.0,0.0,-1.0,-1.0,179.0,-17.0,84.0,Benign
80.0,-1.0,1.0,0.0,-1.0,-1.0,179.0,-20.0,81.0,Benign
80.0,0.0,1.0,0.0,0.0,-1.0,179.0,-9.0,83.0,Benign
80.0,0.0,0.0,0.0,0.0,0.0,179.0,-10.0,83.0,Benign
80.0,0.0,1.0,0.0,-1.0,-1.0,179.0,-13.0,83.0,Benign
80.0,0.0,1.0,0.0,-1.0,-1.0,179.0,-8.0,84.0,Benign
80.0,0.0,1.0,0.0,-3.0,-1.0,179.0,-7.0,83.0,Benign
80.0,0.0,0.0,0.0,0.0,0.0,179.0,-8.0,83.0,Benign
80.0,0.0,0.0,0.0,-1.0,-1.0,178.0,-15.0,82.0,Benign
80.0,0.0,0.0,0.0,-8.0,0.0,179.0,-20.0,82.0,Benign
80.0,-3.0,0.0,0.0,0.0,-1.0,179.0,-28.0,82.0,Benign
80.0,-2.0,0.0,0.0,-1.0,-1.0,179.0,-27.0,83.0,Benign
80.0,-2.0,0.0,0.0,-1.0,-1.0,179.0,-26.0,73.0,Benign
80.0,-2.0,0.0,0.0,-1.0,-1.0,179.0,-26.0,73.0,Benign
80.0,-2.0,1.0,0.0,-1.0,-1.0,179.0,-26.0,73.0,Benign
80.0,-1.0,1.0,0.0,-1.0,-2.0,179.0,-26.0,73.0,Benign
80.0,-1.0,1.0,0.0,2.0,-1.0,178.0,13.0,87.0,Benign
80.0,0.0,0.0,0.0,0.0,0.0,178.0,7.0,86.0,Benign
80.0,-2.0,0.0,0.0,-1.0,-1.0,179.0,9.0,85.0,Benign
80.0,-2.0,0.0,0.0,0.0,0.0,179.0,10.0,82.0,Benign
80.0,-1.0,0.0,0.0,0.0,-1.0,179.0,10.0,83.0,Benign
80.0,-1.0,0.0,0.0,0.0,-1.0,179.0,6.0,82.0,Benign
80.0,0.0,0.0,0.0,1.0,0.0,179.0,2.0,82.0,Benign
80.0,0.0,0.0,0.0,0.0,0.0,-159.0,3.0,81.0,Benign
80.0,0.0,0.0,0.0,0.0,-1.0,-129.0,3.0,81.0,Benign
80.0,0.0,0.0,0.0,0.0,0.0,-99.0,8.0,82.0,Benign
80.0,0.0,0.0,0.0,0.0,0.0,-62.0,11.0,83.0,Benign
80.0,0.0,0.0,0.0,0.0,0.0,-32.0,11.0,85.0,Benign
80.0,0.0,0.0,0.0,0.0,0.0,-9.0,18.0,85.0,Benign
80.0,0.0,0.0,0.0,0.0,0.0,-2.0,18.0,85.0,Benign
80.0,0.0,0.0,0.0,0.0,0.0,-2.0,-200.0,-200.0,Benign
70.0,0.0,0.0,1.0,0.0,0.0,-2.0,-200.0,-200.0,Benign
60.0,0.0,0.0,4.0,0.0,0.0,-2.0,-200.0,-200.0,Benign
30.0,0.0,0.0,4.0,0.0,0.0,-2.0,-200.0,-200.0,Benign
10.0,0.0,0.0,4.0,0.0,0.0,-2.0,-200.0,-200.0,Benign
70.0,0.0,0.0,0.0,0.0,0.0,0.0,-10.0,86.0,Benign
70.0,0.0,0.0,0.0,0.0,0.0,0.0,-11.0,86.0,Benign
70.0,0.0,0.0,0.0,0.0,0.0,0.0,-10.0,86.0,Benign
70.0,0.0,0.0,0.0,0.0,-1.0,0.0,-14.0,86.0,Benign
70.0,0.0,0.0,0.0,-1.0,-1.0,0.0,-14.0,86.0,Benign
70.0,0.0,0.0,0.0,-2.0,-2.0,0.0,-16.0,86.0,Benign
70.0,0.0,-1.0,0.0,0.0,0.0,0.0,-13.0,85.0,Benign
70.0,0.0,-1.0,0.0,-1.0,-1.0,0.0,-9.0,84.0,Benign
70.0,0.0,-1.0,0.0,0.0,0.0,0.0,-6.0,84.0,Benign
70.0,0.0,0.0,0.0,0.0,0.0,0.0,-4.0,84.0,Benign
70.0,0.0,0.0,0.0,0.0,-1.0,0.0,-8.0,84.0,Benign
70.0,0.0,0.0,0.0,0.0,-1.0,0.0,-15.0,85.0,Benign
70.0,0.0,0.0,0.0,-1.0,-1.0,0.0,-16.0,86.0,Benign
70.0,0.0,0.0,0.0,0.0,0.0,0.0,-17.0,87.0,Benign
70.0,0.0,0.0,0.0,-1.0,-1.0,0.0,-19.0,87.0,Benign
70.0,0.0,0.0,0.0,0.0,-1.0,0.0,-19.0,86.0,Benign
70.0,0.0,0.0,0.0,0.0,0.0,0.0,-20.0,85.0,Benign
70.0,2.0,0.0,0.0,-8.0,0.0,0.0,-21.0,84.0,Benign
70.0,3.0,0.0,0.0,0.0,0.0,0.0,-24.0,84.0,Benign
70.0,2.0,0.0,0.0,-1.0,-1.0,0.0,-23.0,88.0,Benign
70.0,2.0,0.0,0.0,-1.0,-1.0,0.0,-23.0,88.0,Benign
70.0,2.0,0.0,0.0,-1.0,-1.0,0.0,-23.0,88.0,Benign
70.0,2.0,-1.0,0.0,-1.0,-1.0,0.0,13.0,85.0,Benign
70.0,1.0,-1.0,0.0,2.0,-1.0,0.0,14.0,82.0,Benign
70.0,0.0,0.0,0.0,0.0,0.0,0.0,9.0,81.0,Benign
70.0,2.0,0.0,0.0,-1.0,-1.0,0.0,9.0,83.0,Benign
70.0,1.0,0.0,0.0,0.0,0.0,0.0,13.0,82.0,Benign
60.0,1.0,0.0,0.0,0.0,0.0,0.0,7.0,81.0,Benign
60.0,0.0,0.0,0.0,0.0,-1.0,0.0,8.0,81.0,Benign
60.0,0.0,0.0,0.0,0.0,-1.0,0.0,6.0,81.0,Benign
60.0,0.0,0.0,0.0,0.0,0.0,0.0,7.0,80.0,Benign
60.0,0.0,0.0,0.0,0.0,0.0,0.0,9.0,81.0,Benign
60.0,2.0,0.0,0.0,-8.0,0.0,0.0,17.0,80.0,Benign
70.0,2.0,0.0,0.0,0.0,0.0,0.0,21.0,80.0,Benign
70.0,2.0,0.0,0.0,-1.0,-1.0,0.0,26.0,78.0,Benign
60.0,2.0,0.0,0.0,-1.0,-1.0,0.0,25.0,79.0,Benign
60.0,2.0,0.0,0.0,-1.0,-1.0,0.0,-27.0,76.0,Benign
60.0,1.0,-1.0,0.0,-1.0,-1.0,0.0,-17.0,80.0,Benign
60.0,0.0,0.0,0.0,0.0,0.0,0.0,-15.0,78.0,Benign
60.0,0.0,0.0,0.0,-3.0,-4.0,0.0,-20.0,77.0,Benign
60.0,1.0,-1.0,0.0,0.0,0.0,0.0,-19.0,79.0,Benign
60.0,0.0,-1.0,0.0,0.0,0.0,0.0,-13.0,80.0,Benign
60.0,0.0,-1.0,0.0,0.0,0.0,0.0,-7.0,80.0,Benign
60.0,0.0,0.0,0.0,0.0,0.0,0.0,-5.0,80.0,Benign
60.0,0.0,0.0,0.0,0.0,0.0,0.0,-6.0,79.0,Benign
60.0,0.0,0.0,0.0,0.0,0.0,0.0,-7.0,80.0,Benign
60.0,0.0,0.0,0.0,0.0,0.0,0.0,-9.0,79.0,Benign
70.0,0.0,0.0,-1.0,0.0,0.0,0.0,-10.0,83.0,Benign
80.0,0.0,0.0,-1.0,0.0,0.0,0.0,-12.0,91.0,Benign
90.0,0.0,0.0,-1.0,0.0,0.0,0.0,-14.0,102.0,Benign
90.0,0.0,0.0,0.0,0.0,0.0,0.0,-15.0,107.0,Benign
90.0,0.0,0.0,0.0,0.0,-1.0,0.0,-16.0,110.0,Benign
90.0,0.0,0.0,1.0,0.0,0.0,0.0,-14.0,106.0,Benign
80.0,0.0,0.0,1.0,0.0,0.0,0.0,-14.0,93.0,Benign
70.0,0.0,0.0,1.0,0.0,0.0,0.0,-13.0,86.0,Benign
60.0,0.0,0.0,0.0,0.0,0.0,0.0,-14.0,80.0,Benign
60.0,0.0,-1.0,0.0,0.0,-1.0,0.0,-15.0,77.0,Benign
60.0,0.0,-1.0,0.0,0.0,-1.0,0.0,-11.0,78.0,Benign
60.0,0.0,0.0,0.0,0.0,1.0,0.0,-6.0,79.0,Benign
60.0,4.0,0.0,0.0,1.0,0.0,0.0,-7.0,80.0,Benign
60.0,2.0,0.0,0.0,0.0,0.0,0.0,-13.0,79.0,Benign
60.0,2.0,0.0,0.0,0.0,-1.0,0.0,8.0,75.0,Benign
60.0,2.0,0.0,0.0,-1.0,-1.0,0.0,-1.0,79.0,Benign
60.0,2.0,0.0,0.0,0.0,1.0,0.0,0.0,79.0,Benign
60.0,0.0,0.0,0.0,0.0,0.0,0.0,1.0,79.0,Benign
60.0,1.0,0.0,0.0,0.0,0.0,0.0,0.0,80.0,Benign
70.0,0.0,0.0,0.0,1.0,0.0,0.0,-2.0,82.0,Benign
70.0,0.0,0.0,0.0,0.0,0.0,26.0,-3.0,84.0,Benign
70.0,0.0,0.0,0.0,0.0,0.0,56.0,-2.0,85.0,Benign
70.0,0.0,0.0,0.0,0.0,0.0,92.0,-5.0,84.0,Benign
70.0,0.0,0.0,0.0,0.0,0.0,122.0,-8.0,84.0,Benign
70.0,0.0,0.0,0.0,0.0,0.0,153.0,-9.0,83.0,Benign
70.0,0.0,0.0,0.0,0.0,0.0,176.0,-12.0,83.0,Benign
70.0,0.0,0.0,0.0,0.0,0.0,178.0,-12.0,83.0,Benign
70.0,0.0,0.0,0.0,0.0,0.0,178.0,-10.0,84.0,Benign
70.0,0.0,0.0,0.0,0.0,0.0,178.0,-9.0,84.0,Benign
70.0,-3.0,0.0,0.0,-8.0,0.0,178.0,-10.0,83.0,Benign
70.0,-2.0,0.0,0.0,0.0,0.0,178.0,-5.0,84.0,Benign
70.0,-2.0,0.0,0.0,-1.0,0.0,178.0,-2.0,87.0,Benign
70.0,-2.0,0.0,0.0,-1.0,0.0,178.0,-2.0,87.0,Benign
70.0,-1.0,0.0,0.0,2.0,0.0,178.0,-20.0,81.0,Benign
70.0,0.0,0.0,0.0,0.0,0.0,178.0,-18.0,81.0,Benign
70.0,0.0,-1.0,0.0,0.0,0.0,178.0,-14.0,81.0,Benign
70.0,0.0,-1.0,0.0,0.0,0.0,178.0,-10.0,81.0,Benign
70.0,0.0,0.0,0.0,0.0,-1.0,178.0,-5.0,81.0,Benign
70.0,0.0,0.0,0.0,0.0,0.0,178.0,0.0,80.0,Benign
70.0,0.0,0.0,0.0,-7.0,0.0,178.0,-4.0,81.0,Benign
70.0,-4.0,0.0,0.0,1.0,0.0,178.0,-5.0,81.0,Benign
70.0,-2.0,0.0,0.0,-1.0,0.0,178.0,-1.0,79.0,Benign
70.0,-2.0,0.0,0.0,-1.0,0.0,178.0,10.0,81.0,Benign
70.0,-2.0,0.0,0.0,-1.0,0.0,178.0,11.0,78.0,Benign
70.0,-1.0,0.0,0.0,4.0,0.0,178.0,13.0,81.0,Benign
70.0,0.0,0.0,0.0,0.0,0.0,178.0,7.0,81.0,Benign
70.0,0.0,-1.0,0.0,0.0,0.0,178.0,10.0,81.0,Benign
70.0,0.0,0.0,0.0,0.0,0.0,178.0,4.0,82.0,Benign
70.0,0.0,0.0,0.0,0.0,0.0,178.0,5.0,82.0,Benign
70.0,0.0,0.0,0.0,0.0,0.0,178.0,5.0,82.0,Benign
70.0,-4.0,0.0,0.0,0.0,0.0,178.0,8.0,82.0,Benign
70.0,-2.0,0.0,0.0,0.0,0.0,178.0,6.0,82.0,Benign
70.0,-2.0,0.0,0.0,-1.0,0.0,178.0,6.0,77.0,Benign
70.0,-2.0,0.0,0.0,-1.0,0.0,178.0,3.0,77.0,Benign
70.0,-2.0,0.0,0.0,0.0,0.0,178.0,-11.0,85.0,Benign
70.0,0.0,0.0,0.0,0.0,0.0,178.0,-22.0,81.0,Benign
70.0,-1.0,-1.0,0.0,-2.0,2.0,178.0,-16.0,86.0,Benign
70.0,-1.0,-1.0,0.0,0.0,0.0,178.0,-16.0,83.0,Benign
70.0,0.0,-1.0,0.0,0.0,0.0,178.0,-5.0,82.0,Benign
70.0,0.0,0.0,0.0,0.0,0.0,178.0,-6.0,81.0,Benign
70.0,0.0,0.0,0.0,0.0,0.0,-146.0,-5.0,81.0,Benign
60.0,0.0,0.0,0.0,0.0,0.0,-110.0,-7.0,81.0,Benign
60.0,0.0,0.0,0.0,0.0,0.0,-73.0,-6.0,81.0,Benign
60.0,0.0,0.0,0.0,0.0,0.0,-49.0,-3.0,81.0,Benign
70.0,0.0,0.0,0.0,0.0,0.0,-18.0,0.0,82.0,Benign
60.0,0.0,0.0,0.0,0.0,0.0,-4.0,0.0,82.0,Benign
60.0,0.0,0.0,0.0,0.0,0.0,-3.0,-200.0,-200.0,Benign
60.0,0.0,0.0,0.0,0.0,0.0,-3.0,-200.0,-200.0,Benign
50.0,0.0,0.0,4.0,0.0,0.0,-2.0,-200.0,-200.0,Benign
30.0,0.0,0.0,4.0,0.0,0.0,-2.0,-200.0,-200.0,Benign
0.0,0.0,0.0,4.0,0.0,0.0,-3.0,-200.0,-200.0,Benign
70.0,0.0,0.0,0.0,-1.0,0.0,0.0,-6.0,84.0,Benign
70.0,0.0,0.0,0.0,-1.0,0.0,0.0,-6.0,85.0,Benign
70.0,0.0,0.0,0.0,0.0,0.0,0.0,-6.0,84.0,Benign
70.0,0.0,0.0,0.0,0.0,-1.0,0.0,-9.0,85.0,Benign
70.0,0.0,0.0,0.0,0.0,0.0,0.0,-10.0,85.0,Benign
70.0,0.0,-1.0,0.0,-2.0,-2.0,0.0,-11.0,84.0,Benign
70.0,0.0,-1.0,0.0,-1.0,-1.0,0.0,-7.0,84.0,Benign
60.0,0.0,-1.0,0.0,-1.0,0.0,0.0,-6.0,83.0,Benign
60.0,0.0,0.0,0.0,0.0,0.0,0.0,-5.0,83.0,Benign
70.0,0.0,0.0,0.0,-1.0,-1.0,0.0,-7.0,83.0,Benign
70.0,0.0,0.0,0.0,-1.0,0.0,0.0,-12.0,83.0,Benign
70.0,0.0,0.0,0.0,-1.0,0.0,0.0,-11.0,84.0,Benign
70.0,1.0,0.0,0.0,-9.0,0.0,0.0,-18.0,81.0,Benign
70.0,3.0,0.0,0.0,0.0,0.0,0.0,-18.0,86.0,Benign
70.0,2.0,0.0,0.0,-2.0,-1.0,0.0,-20.0,89.0,Benign
70.0,2.0,0.0,0.0,-2.0,-1.0,0.0,-26.0,91.0,Benign
70.0,2.0,0.0,0.0,-2.0,-1.0,0.0,-8.0,96.0,Benign
70.0,2.0,-1.0,0.0,-1.0,-1.0,0.0,-25.0,93.0,Benign
70.0,2.0,-1.0,0.0,-1.0,-1.0,0.0,-27.0,83.0,Benign
70.0,1.0,0.0,0.0,3.0,1.0,0.0,11.0,79.0,Benign
70.0,0.0,0.0,0.0,-7.0,-2.0,0.0,12.0,81.0,Benign
70.0,3.0,-1.0,0.0,-1.0,0.0,0.0,13.0,81.0,Benign
60.0,2.0,0.0,0.0,0.0,0.0,0.0,13.0,81.0,Benign
60.0,1.0,0.0,0.0,-1.0,0.0,0.0,9.0,81.0,Benign
60.0,0.0,0.0,0.0,-1.0,0.0,0.0,7.0,80.0,Benign
60.0,0.0,0.0,0.0,0.0,0.0,0.0,6.0,80.0,Benign
60.0,0.0,0.0,0.0,-3.0,0.0,0.0,5.0,81.0,Benign
60.0,0.0,0.0,0.0,0.0,0.0,0.0,7.0,80.0,Benign
60.0,0.0,0.0,0.0,0.0,0.0,0.0,11.0,81.0,Benign
60.0,1.0,0.0,0.0,-8.0,0.0,0.0,16.0,81.0,Benign
60.0,3.0,0.0,0.0,0.0,0.0,0.0,21.0,81.0,Benign
60.0,2.0,0.0,0.0,-1.0,0.0,0.0,32.0,77.0,Benign
60.0,2.0,0.0,0.0,-1.0,-1.0,0.0,38.0,78.0,Benign
60.0,2.0,0.0,0.0,-1.0,-1.0,0.0,38.0,78.0,Benign
70.0,2.0,-1.0,0.0,-1.0,-1.0,0.0,43.0,71.0,Benign
60.0,1.0,-1.0,0.0,0.0,-1.0,0.0,-28.0,80.0,Benign
60.0,0.0,0.0,0.0,0.0,0.0,0.0,-28.0,81.0,Benign
60.0,1.0,-1.0,0.0,-4.0,-5.0,0.0,-28.0,81.0,Benign
60.0,1.0,-1.0,0.0,-1.0,0.0,0.0,-23.0,81.0,Benign
60.0,1.0,-1.0,0.0,0.0,0.0,0.0,-14.0,82.0,Benign
60.0,0.0,-1.0,0.0,0.0,0.0,0.0,-8.0,82.0,Benign
60.0,0.0,0.0,0.0,0.0,0.0,0.0,-6.0,81.0,Benign
60.0,0.0,0.0,0.0,-2.0,-1.0,0.0,-7.0,82.0,Benign
60.0,0.0,0.0,0.0,0.0,1.0,0.0,-4.0,82.0,Benign
60.0,0.0,0.0,0.0,0.0,0.0,0.0,-5.0,83.0,Benign
70.0,0.0,0.0,0.0,0.0,0.0,0.0,-11.0,83.0,Benign
70.0,0.0,0.0,0.0,0.0,-1.0,16.0,-12.0,83.0,Benign
70.0,0.0,0.0,0.0,0.0,0.0,31.0,-14.0,83.0,Benign
70.0,0.0,0.0,0.0,0.0,0.0,35.0,-13.0,84.0,Benign
70.0,0.0,0.0,0.0,0.0,0.0,13.0,-18.0,83.0,Benign
70.0,0.0,0.0,0.0,0.0,0.0,1.0,-21.0,82.0,Benign
70.0,0.0,0.0,0.0,0.0,0.0,0.0,-18.0,83.0,Benign
70.0,0.0,-1.0,0.0,0.0,0.0,0.0,-19.0,83.0,Benign
60.0,0.0,-1.0,0.0,0.0,-1.0,0.0,-10.0,83.0,Benign
60.0,0.0,-1.0,0.0,0.0,0.0,0.0,-6.0,82.0,Benign
60.0,0.0,0.0,0.0,0.0,1.0,0.0,-5.0,82.0,Benign
60.0,4.0,0.0,0.0,-4.0,0.0,0.0,-5.0,82.0,Benign
60.0,2.0,0.0,0.0,-1.0,-1.0,0.0,-19.0,80.0,Benign
60.0,2.0,0.0,0.0,-1.0,-1.0,0.0,-29.0,81.0,Benign
60.0,2.0,0.0,0.0,-1.0,-1.0,0.0,-6.0,86.0,Benign
70.0,2.0,0.0,0.0,-1.0,-1.0,0.0,-11.0,88.0,Benign
70.0,1.0,-1.0,0.0,0.0,-1.0,0.0,-14.0,85.0,Benign
70.0,0.0,0.0,0.0,0.0,0.0,0.0,-9.0,86.0,Benign
70.0,0.0,0.0,0.0,-1.0,-1.0,0.0,-13.0,85.0,Benign
60.0,0.0,-1.0,0.0,0.0,0.0,0.0,-9.0,84.0,Benign
60.0,0.0,0.0,0.0,0.0,0.0,0.0,-6.0,83.0,Benign
60.0,0.0,0.0,0.0,0.0,0.0,18.0,-3.0,83.0,Benign
60.0,0.0,0.0,0.0,0.0,0.0,48.0,-4.0,83.0,Benign
60.0,0.0,0.0,0.0,0.0,0.0,78.0,-10.0,83.0,Benign
60.0,0.0,0.0,0.0,0.0,0.0,114.0,-11.0,83.0,Benign
60.0,0.0,0.0,0.0,0.0,0.0,151.0,-23.0,79.0,Benign
60.0,0.0,0.0,0.0,0.0,0.0,169.0,-18.0,82.0,Benign
60.0,0.0,0.0,0.0,0.0,0.0,178.0,-16.0,84.0,Benign
60.0,0.0,0.0,0.0,0.0,0.0,178.0,-12.0,84.0,Benign
60.0,0.0,0.0,0.0,0.0,0.0,178.0,-8.0,84.0,Benign
60.0,-3.0,0.0,0.0,-8.0,0.0,178.0,-7.0,83.0,Benign
70.0,-2.0,0.0,0.0,0.0,0.0,178.0,0.0,83.0,Benign
70.0,-2.0,0.0,0.0,-1.0,0.0,178.0,0.0,85.0,Benign
60.0,-2.0,0.0,0.0,-1.0,0.0,178.0,-14.0,101.0,Benign
60.0,-2.0,0.0,0.0,0.0,0.0,178.0,-14.0,101.0,Benign
60.0,0.0,1.0,0.0,0.0,2.0,178.0,-5.0,79.0,Benign
60.0,0.0,0.0,0.0,0.0,0.0,178.0,-3.0,79.0,Benign
60.0,0.0,0.0,0.0,0.0,0.0,178.0,0.0,80.0,Benign
60.0,0.0,0.0,0.0,0.0,0.0,178.0,1.0,80.0,Benign
70.0,0.0,0.0,0.0,0.0,-1.0,178.0,5.0,83.0,Benign
70.0,-1.0,0.0,0.0,-8.0,0.0,178.0,12.0,83.0,Benign
70.0,-3.0,0.0,0.0,0.0,-1.0,178.0,23.0,80.0,Benign
70.0,-2.0,0.0,0.0,0.0,-1.0,178.0,28.0,79.0,Benign
60.0,-2.0,0.0,0.0,-1.0,-1.0,178.0,28.0,69.0,Benign
60.0,-2.0,1.0,0.0,0.0,-2.0,178.0,28.0,69.0,Benign
60.0,-1.0,1.0,0.0,0.0,-2.0,178.0,28.0,69.0,Benign
60.0,0.0,0.0,0.0,0.0,2.0,178.0,-30.0,81.0,Benign
60.0,0.0,0.0,0.0,-1.0,-3.0,178.0,-38.0,76.0,Benign
60.0,0.0,2.0,0.0,0.0,-1.0,178.0,-38.0,76.0,Benign
60.0,0.0,2.0,0.0,0.0,-1.0,178.0,-20.0,79.0,Benign
60.0,0.0,1.0,0.0,0.0,0.0,178.0,-14.0,78.0,Benign
60.0,0.0,1.0,0.0,-1.0,-2.0,178.0,-10.0,79.0,Benign
60.0,0.0,1.0,0.0,0.0,0.0,178.0,-5.0,80.0,Benign
60.0,0.0,0.0,0.0,0.0,-1.0,178.0,-6.0,81.0,Benign
60.0,0.0,0.0,0.0,0.0,0.0,178.0,-6.0,82.0,Benign
70.0,0.0,0.0,0.0,0.0,-1.0,178.0,-11.0,83.0,Benign
60.0,-1.0,0.0,0.0,-8.0,0.0,178.0,-14.0,83.0,Benign
60.0,-3.0,0.0,0.0,0.0,-1.0,178.0,-22.0,82.0,Benign
60.0,-2.0,0.0,0.0,-1.0,-1.0,178.0,-29.0,80.0,Benign
60.0,-2.0,0.0,0.0,-1.0,-1.0,178.0,-20.0,84.0,Benign
60.0,-2.0,1.0,0.0,-1.0,-1.0,178.0,-22.0,70.0,Benign
70.0,-1.0,1.0,0.0,-1.0,-1.0,178.0,-41.0,63.0,Benign
70.0,-1.0,0.0,0.0,3.0,0.0,178.0,16.0,82.0,Benign
60.0,-1.0,0.0,0.0,-7.0,-4.0,178.0,14.0,84.0,Benign
60.0,-2.0,1.0,0.0,0.0,-1.0,178.0,14.0,80.0,Benign
60.0,-1.0,1.0,0.0,0.0,0.0,178.0,11.0,80.0,Benign
60.0,-1.0,0.0,0.0,0.0,0.0,178.0,4.0,81.0,Benign
60.0,0.0,0.0,0.0,1.0,0.0,178.0,2.0,81.0,Benign
60.0,0.0,0.0,0.0,0.0,0.0,-156.0,2.0,80.0,Benign
60.0,0.0,0.0,0.0,0.0,-1.0,-125.0,3.0,80.0,Benign
60.0,0.0,0.0,0.0,0.0,0.0,-84.0,6.0,81.0,Benign
60.0,0.0,0.0,0.0,0.0,0.0,-60.0,6.0,81.0,Benign
60.0,0.0,0.0,0.0,0.0,0.0,-29.0,9.0,81.0,Benign
60.0,0.0,0.0,0.0,0.0,0.0,-9.0,12.0,81.0,Benign
60.0,0.0,0.0,0.0,0.0,0.0,-3.0,18.0,79.0,Benign
60.0,0.0,0.0,0.0,0.0,0.0,-3.0,-200.0,-200.0,Benign
60.0,0.0,0.0,1.0,0.0,0.0,-3.0,-200.0,-200.0,Benign
50.0,0.0,0.0,4.0,0.0,0.0,-3.0,-200.0,-200.0,Benign
20.0,0.0,0.0,4.0,0.0,0.0,-3.0,-200.0,-200.0,Benign
0.0,0.0,0.0,4.0,0.0,0.0,-3.0,-200.0,-200.0,Benign
0.0,0.0,0.0,0.0,-1.0,0.0,-1.0,-200.0,-200.0,Benign
0.0,0.0,0.0,0.0,0.0,0.0,-2.0,-200.0,-200.0,Benign
80.0,0.0,0.0,0.0,-1.0,0.0,0.0,-1.0,80.0,Benign
80.0,0.0,0.0,0.0,0.0,0.0,0.0,-3.0,80.0,Benign
80.0,0.0,0.0,0.0,0.0,0.0,0.0,-3.0,81.0,Benign
80.0,0.0,0.0,0.0,0.0,0.0,0.0,-3.0,82.0,Benign
80.0,0.0,0.0,0.0,-1.0,0.0,0.0,-4.0,82.0,Benign
80.0,0.0,0.0,0.0,0.0,0.0,0.0,-6.0,83.0,Benign
80.0,0.0,0.0,0.0,-1.0,0.0,0.0,-5.0,84.0,Benign
80.0,1.0,0.0,0.0,-1.0,0.0,0.0,-6.0,84.0,Benign
80.0,0.0,0.0,0.0,0.0,1.0,0.0,-4.0,84.0,Benign
80.0,0.0,0.0,0.0,0.0,0.0,0.0,-5.0,84.0,Benign
80.0,0.0,0.0,0.0,0.0,0.0,0.0,-5.0,85.0,Benign
80.0,0.0,0.0,0.0,0.0,0.0,0.0,-10.0,85.0,Benign
80.0,0.0,0.0,0.0,0.0,0.0,0.0,-13.0,85.0,Benign
80.0,0.0,0.0,0.0,0.0,0.0,0.0,-16.0,85.0,Benign
80.0,0.0,0.0,0.0,0.0,0.0,0.0,-17.0,86.0,Benign
80.0,4.0,0.0,0.0,-3.0,0.0,0.0,-20.0,85.0,Benign
80.0,2.0,0.0,0.0,-1.0,0.0,0.0,-19.0,88.0,Benign
80.0,2.0,0.0,0.0,-1.0,-1.0,0.0,-25.0,86.0,Benign
80.0,2.0,0.0,0.0,-1.0,-1.0,0.0,-34.0,90.0,Benign
80.0,2.0,-1.0,0.0,-1.0,-1.0,0.0,14.0,82.0,Benign
80.0,1.0,-1.0,0.0,0.0,-1.0,0.0,14.0,82.0,Benign
80.0,0.0,0.0,0.0,0.0,0.0,0.0,17.0,80.0,Benign
80.0,0.0,0.0,0.0,-1.0,0.0,0.0,16.0,81.0,Benign
80.0,0.0,0.0,0.0,-1.0,0.0,0.0,17.0,83.0,Benign
80.0,4.0,0.0,0.0,-5.0,0.0,0.0,16.0,92.0,Benign
80.0,2.0,0.0,0.0,-1.0,0.0,0.0,30.0,82.0,Benign
80.0,2.0,0.0,0.0,-1.0,0.0,0.0,36.0,82.0,Benign
80.0,2.0,0.0,0.0,-1.0,-1.0,0.0,36.0,82.0,Benign
80.0,2.0,0.0,0.0,-1.0,-1.0,0.0,36.0,82.0,Benign
80.0,2.0,-1.0,0.0,-1.0,-1.0,0.0,36.0,82.0,Benign
80.0,1.0,-1.0,0.0,0.0,0.0,0.0,45.0,74.0,Benign
80.0,0.0,0.0,0.0,0.0,0.0,0.0,36.0,82.0,Benign
80.0,-3.0,-2.0,0.0,0.0,-1.0,0.0,35.0,81.0,Benign
80.0,-1.0,-2.0,0.0,-1.0,0.0,0.0,22.0,81.0,Benign
80.0,0.0,-1.0,0.0,-2.0,0.0,0.0,12.0,82.0,Benign
80.0,0.0,-1.0,0.0,0.0,0.0,0.0,8.0,81.0,Benign
80.0,0.0,-1.0,0.0,0.0,0.0,0.0,6.0,81.0,Benign
80.0,0.0,0.0,0.0,0.0,-1.0,0.0,6.0,81.0,Benign
80.0,0.0,0.0,0.0,0.0,0.0,0.0,6.0,81.0,Benign
80.0,0.0,-1.0,0.0,0.0,2.0,0.0,6.0,81.0,Benign
80.0,0.0,0.0,0.0,0.0,0.0,0.0,7.0,82.0,Benign
80.0,0.0,0.0,0.0,0.0,-1.0,0.0,10.0,83.0,Benign
80.0,4.0,0.0,0.0,-7.0,0.0,0.0,18.0,82.0,Benign
80.0,2.0,0.0,0.0,-1.0,0.0,0.0,27.0,80.0,Benign
80.0,2.0,0.0,0.0,-1.0,0.0,0.0,30.0,81.0,Benign
80.0,2.0,0.0,0.0,-1.0,-1.0,0.0,48.0,74.0,Benign
80.0,2.0,-1.0,0.0,-1.0,-1.0,0.0,-11.0,79.0,Benign
80.0,1.0,-1.0,0.0,0.0,-1.0,0.0,-29.0,82.0,Benign
80.0,0.0,-1.0,0.0,0.0,3.0,0.0,-27.0,80.0,Benign
80.0,0.0,0.0,0.0,-4.0,-6.0,0.0,-32.0,77.0,Benign
80.0,1.0,-2.0,0.0,-1.0,-1.0,0.0,-27.0,81.0,Benign
80.0,1.0,-1.0,0.0,0.0,0.0,0.0,-19.0,82.0,Benign
80.0,0.0,-1.0,0.0,0.0,-1.0,0.0,-11.0,83.0,Benign
80.0,0.0,-1.0,0.0,0.0,0.0,0.0,-7.0,82.0,Benign
80.0,0.0,-1.0,0.0,0.0,0.0,0.0,-6.0,82.0,Benign
80.0,0.0,0.0,0.0,0.0,0.0,0.0,-6.0,83.0,Benign
80.0,0.0,0.0,0.0,0.0,0.0,27.0,-9.0,83.0,Benign
80.0,0.0,0.0,0.0,0.0,-1.0,57.0,-13.0,83.0,Benign
80.0,0.0,0.0,0.0,0.0,0.0,94.0,-20.0,82.0,Benign
80.0,0.0,0.0,0.0,0.0,0.0,123.0,-22.0,82.0,Benign
80.0,0.0,0.0,0.0,0.0,0.0,153.0,-26.0,81.0,Benign
80.0,0.0,0.0,0.0,0.0,0.0,173.0,-25.0,81.0,Benign
80.0,0.0,0.0,0.0,0.0,0.0,178.0,-21.0,82.0,Benign
80.0,0.0,0.0,0.0,0.0,0.0,178.0,-18.0,83.0,Benign
80.0,0.0,0.0,0.0,0.0,0.0,178.0,-11.0,83.0,Benign
80.0,-4.0,0.0,0.0,-5.0,0.0,178.0,-12.0,83.0,Benign
80.0,-2.0,0.0,0.0,0.0,0.0,178.0,-9.0,83.0,Benign
80.0,-2.0,0.0,0.0,-1.0,0.0,178.0,14.0,80.0,Benign
80.0,-2.0,0.0,0.0,-1.0,0.0,178.0,11.0,81.0,Benign
80.0,-2.0,0.0,0.0,0.0,0.0,178.0,8.0,82.0,Benign
80.0,0.0,1.0,0.0,0.0,3.0,178.0,7.0,82.0,Benign
80.0,0.0,0.0,0.0,0.0,0.0,178.0,4.0,83.0,Benign
80.0,0.0,0.0,0.0,0.0,0.0,178.0,1.0,83.0,Benign
80.0,0.0,0.0,0.0,0.0,0.0,178.0,-2.0,83.0,Benign
80.0,0.0,0.0,0.0,0.0,0.0,178.0,-7.0,84.0,Benign
80.0,-2.0,0.0,0.0,-8.0,0.0,178.0,-10.0,85.0,Benign
80.0,-2.0,0.0,0.0,0.0,-1.0,178.0,-24.0,81.0,Benign
80.0,-2.0,0.0,0.0,-1.0,-1.0,178.0,-28.0,82.0,Benign
80.0,-2.0,0.0,0.0,0.0,-2.0,177.0,-28.0,82.0,Benign
80.0,-1.0,1.0,0.0,0.0,-2.0,177.0,18.0,84.0,Benign
80.0,-1.0,1.0,0.0,0.0,-2.0,177.0,16.0,82.0,Benign
80.0,0.0,1.0,0.0,0.0,-1.0,177.0,14.0,81.0,Benign
80.0,0.0,0.0,0.0,0.0,0.0,178.0,7.0,83.0,Benign
80.0,-1.0,0.0,0.0,0.0,-1.0,178.0,13.0,82.0,Benign
80.0,-1.0,0.0,0.0,0.0,-1.0,178.0,13.0,82.0,Benign
80.0,0.0,1.0,0.0,0.0,-2.0,178.0,12.0,81.0,Benign
80.0,0.0,1.0,0.0,1.0,-1.0,178.0,7.0,81.0,Benign
80.0,0.0,1.0,0.0,0.0,-1.0,178.0,6.0,81.0,Benign
80.0,0.0,0.0,0.0,1.0,1.0,178.0,4.0,81.0,Benign
80.0,0.0,0.0,0.0,0.0,0.0,178.0,5.0,81.0,Benign
80.0,0.0,0.0,0.0,0.0,-1.0,178.0,10.0,82.0,Benign
80.0,-4.0,0.0,0.0,-6.0,0.0,178.0,18.0,80.0,Benign
80.0,-2.0,0.0,0.0,-1.0,-1.0,178.0,16.0,82.0,Benign
80.0,-2.0,0.0,0.0,-1.0,-1.0,178.0,20.0,82.0,Benign
80.0,-2.0,0.0,0.0,-1.0,-1.0,177.0,29.0,81.0,Benign
80.0,-1.0,1.0,0.0,-1.0,-1.0,177.0,14.0,77.0,Benign
80.0,-1.0,1.0,0.0,-1.0,0.0,178.0,30.0,76.0,Benign
80.0,-1.0,1.0,0.0,-1.0,-1.0,178.0,16.0,78.0,Benign
80.0,0.0,0.0,0.0,0.0,0.0,178.0,16.0,78.0,Benign
80.0,3.0,0.0,0.0,5.0,-2.0,177.0,16.0,78.0,Benign
80.0,4.0,1.0,0.0,-1.0,-1.0,178.0,20.0,80.0,Benign
80.0,2.0,1.0,0.0,-1.0,-1.0,178.0,15.0,80.0,Benign
80.0,0.0,1.0,0.0,-2.0,-1.0,178.0,16.0,81.0,Benign
80.0,0.0,1.0,0.0,0.0,-1.0,178.0,13.0,81.0,Benign
80.0,0.0,1.0,0.0,0.0,0.0,178.0,12.0,80.0,Benign
80.0,0.0,0.0,0.0,0.0,0.0,-177.0,11.0,80.0,Benign
80.0,0.0,0.0,0.0,0.0,0.0,-147.0,9.0,81.0,Benign
80.0,0.0,0.0,0.0,0.0,0.0,-117.0,12.0,82.0,Benign
80.0,0.0,0.0,0.0,1.0,0.0,-87.0,16.0,82.0,Benign
80.0,0.0,0.0,0.0,0.0,0.0,-50.0,16.0,83.0,Benign
70.0,0.0,0.0,0.0,0.0,1.0,-20.0,23.0,80.0,Benign
80.0,0.0,0.0,0.0,0.0,0.0,-6.0,24.0,81.0,Benign
80.0,0.0,0.0,0.0,0.0,0.0,-3.0,-200.0,-200.0,Benign
80.0,0.0,0.0,0.0,0.0,0.0,-3.0,-200.0,-200.0,Benign
70.0,0.0,0.0,3.0,0.0,0.0,-3.0,-200.0,-200.0,Benign
50.0,0.0,0.0,4.0,0.0,0.0,-3.0,-200.0,-200.0,Benign
20.0,0.0,0.0,4.0,0.0,0.0,-3.0,-200.0,-200.0,Benign
0.0,0.0,0.0,3.0,0.0,0.0,-3.0,-200.0,-200.0,Benign
0.0,0.0,0.0,0.0,0.0,0.0,-2.0,-200.0,-200.0,Benign
0.0,0.0,0.0,0.0,0.0,0.0,-2.0,-200.0,-200.0,Benign
80.0,0.0,0.0,0.0,0.0,0.0,0.0,-4.0,84.0,Benign
80.0,0.0,0.0,0.0,0.0,0.0,0.0,-5.0,84.0,Benign
80.0,0.0,0.0,0.0,0.0,0.0,0.0,-5.0,84.0,Benign
80.0,0.0,0.0,0.0,0.0,0.0,0.0,-6.0,84.0,Benign
80.0,0.0,0.0,0.0,0.0,0.0,0.0,-8.0,84.0,Benign
80.0,1.0,0.0,0.0,-1.0,-1.0,0.0,-9.0,84.0,Benign
80.0,0.0,0.0,0.0,-1.0,-1.0,0.0,-3.0,85.0,Benign
80.0,0.0,0.0,0.0,0.0,1.0,0.0,-3.0,84.0,Benign
80.0,0.0,0.0,0.0,0.0,0.0,0.0,-5.0,84.0,Benign
80.0,0.0,0.0,0.0,-1.0,-1.0,0.0,-9.0,84.0,Benign
80.0,0.0,0.0,0.0,-1.0,-1.0,0.0,-15.0,84.0,Benign
80.0,0.0,0.0,0.0,0.0,0.0,0.0,-16.0,83.0,Benign
80.0,0.0,0.0,0.0,0.0,-1.0,0.0,-20.0,83.0,Benign
80.0,0.0,0.0,0.0,0.0,0.0,0.0,-18.0,84.0,Benign
80.0,4.0,0.0,0.0,0.0,0.0,0.0,-23.0,85.0,Benign
80.0,2.0,0.0,0.0,-1.0,-1.0,0.0,-27.0,87.0,Benign
80.0,2.0,0.0,0.0,-1.0,-1.0,0.0,-27.0,87.0,Benign
80.0,2.0,0.0,0.0,-1.0,-1.0,0.0,-27.0,87.0,Benign
80.0,2.0,-1.0,0.0,-1.0,-1.0,0.0,18.0,84.0,Benign
80.0,1.0,-1.0,0.0,3.0,1.0,0.0,17.0,84.0,Benign
80.0,0.0,0.0,0.0,-2.0,-1.0,0.0,19.0,81.0,Benign
80.0,2.0,-1.0,0.0,-1.0,-1.0,0.0,12.0,84.0,Benign
80.0,1.0,-1.0,0.0,0.0,0.0,0.0,13.0,82.0,Benign
80.0,1.0,0.0,0.0,0.0,-1.0,0.0,8.0,82.0,Benign
80.0,0.0,0.0,0.0,0.0,0.0,0.0,7.0,81.0,Benign
80.0,0.0,0.0,0.0,0.0,0.0,0.0,5.0,81.0,Benign
80.0,0.0,0.0,0.0,0.0,0.0,0.0,5.0,82.0,Benign
80.0,0.0,0.0,0.0,0.0,0.0,0.0,7.0,82.0,Benign
80.0,0.0,0.0,0.0,-8.0,0.0,0.0,10.0,83.0,Benign
80.0,3.0,0.0,0.0,1.0,0.0,0.0,14.0,84.0,Benign
80.0,2.0,0.0,0.0,-1.0,0.0,0.0,27.0,79.0,Benign
80.0,2.0,0.0,0.0,-1.0,-1.0,0.0,27.0,79.0,Benign
80.0,2.0,0.0,0.0,-1.0,-1.0,0.0,-32.0,75.0,Benign
80.0,1.0,0.0,0.0,-1.0,-1.0,0.0,-25.0,84.0,Benign
80.0,1.0,-1.0,0.0,0.0,-1.0,0.0,-26.0,81.0,Benign
80.0,0.0,0.0,0.0,0.0,0.0,0.0,-23.0,81.0,Benign
80.0,1.0,-2.0,0.0,-1.0,-1.0,0.0,-20.0,82.0,Benign
80.0,0.0,-1.0,0.0,-1.0,0.0,0.0,-16.0,83.0,Benign
80.0,0.0,-1.0,0.0,-1.0,-1.0,0.0,-9.0,83.0,Benign
80.0,0.0,-1.0,0.0,0.0,-1.0,0.0,-8.0,83.0,Benign
80.0,0.0,0.0,0.0,0.0,-1.0,0.0,-5.0,82.0,Benign
80.0,0.0,0.0,0.0,0.0,-2.0,0.0,-5.0,82.0,Benign
80.0,0.0,0.0,0.0,0.0,0.0,0.0,-7.0,82.0,Benign
80.0,0.0,0.0,0.0,-1.0,0.0,0.0,-7.0,82.0,Benign
80.0,1.0,0.0,0.0,-9.0,0.0,0.0,-11.0,83.0,Benign
80.0,3.0,0.0,0.0,0.0,0.0,0.0,-17.0,83.0,Benign
80.0,2.0,0.0,0.0,-1.0,-1.0,0.0,-30.0,79.0,Benign
80.0,2.0,0.0,0.0,-1.0,-1.0,0.0,-33.0,83.0,Benign
80.0,2.0,0.0,0.0,-1.0,-1.0,0.0,-44.0,85.0,Benign
80.0,2.0,-1.0,0.0,0.0,-1.0,0.0,-16.0,88.0,Benign
80.0,0.0,0.0,0.0,0.0,0.0,0.0,-14.0,84.0,Benign
80.0,1.0,-1.0,0.0,-2.0,-1.0,0.0,-17.0,82.0,Benign
80.0,0.0,-1.0,0.0,-1.0,0.0,0.0,-11.0,83.0,Benign
80.0,0.0,-1.0,0.0,0.0,0.0,0.0,-8.0,82.0,Benign
80.0,0.0,0.0,0.0,0.0,0.0,0.0,-5.0,82.0,Benign
80.0,0.0,0.0,0.0,0.0,0.0,7.0,-6.0,83.0,Benign
80.0,0.0,0.0,0.0,0.0,-1.0,36.0,-5.0,84.0,Benign
80.0,0.0,0.0,0.0,0.0,0.0,72.0,-11.0,84.0,Benign
80.0,0.0,0.0,0.0,0.0,0.0,95.0,-14.0,84.0,Benign
80.0,0.0,0.0,0.0,0.0,0.0,131.0,-14.0,86.0,Benign
80.0,0.0,0.0,0.0,0.0,0.0,165.0,-16.0,84.0,Benign
80.0,0.0,0.0,0.0,0.0,0.0,176.0,-19.0,83.0,Benign
80.0,0.0,0.0,0.0,0.0,0.0,178.0,-14.0,83.0,Benign
80.0,0.0,0.0,0.0,0.0,0.0,178.0,-11.0,83.0,Benign
80.0,0.0,0.0,0.0,-9.0,0.0,178.0,-8.0,82.0,Benign
80.0,-3.0,0.0,0.0,1.0,0.0,178.0,-4.0,84.0,Benign
80.0,-2.0,0.0,0.0,0.0,0.0,178.0,-17.0,84.0,Benign
80.0,-2.0,0.0,0.0,-1.0,0.0,178.0,-17.0,84.0,Benign
80.0,-2.0,0.0,0.0,-1.0,0.0,178.0,-10.0,80.0,Benign
80.0,-1.0,0.0,0.0,3.0,0.0,178.0,-7.0,80.0,Benign
80.0,0.0,0.0,0.0,0.0,1.0,178.0,-9.0,80.0,Benign
80.0,1.0,0.0,0.0,1.0,1.0,178.0,-7.0,81.0,Benign
80.0,0.0,0.0,0.0,-1.0,0.0,178.0,-3.0,82.0,Benign
80.0,0.0,0.0,0.0,0.0,0.0,178.0,0.0,83.0,Benign
80.0,0.0,0.0,0.0,0.0,-1.0,178.0,2.0,83.0,Benign
80.0,-4.0,0.0,0.0,0.0,0.0,178.0,4.0,83.0,Benign
80.0,-2.0,0.0,0.0,0.0,-1.0,178.0,18.0,80.0,Benign
80.0,-2.0,0.0,0.0,-1.0,-1.0,178.0,20.0,82.0,Benign
80.0,-2.0,0.0,0.0,-1.0,-1.0,178.0,-14.0,88.0,Benign
80.0,-1.0,0.0,0.0,-1.0,-2.0,178.0,-23.0,84.0,Benign
80.0,-1.0,1.0,0.0,0.0,-2.0,178.0,-23.0,83.0,Benign
80.0,0.0,0.0,0.0,0.0,0.0,178.0,-13.0,85.0,Benign
80.0,0.0,1.0,0.0,-1.0,-1.0,178.0,-18.0,84.0,Benign
80.0,0.0,0.0,0.0,-1.0,-1.0,178.0,-14.0,84.0,Benign
80.0,0.0,1.0,0.0,-1.0,-1.0,178.0,-10.0,83.0,Benign
80.0,0.0,1.0,0.0,1.0,0.0,178.0,-7.0,83.0,Benign
80.0,0.0,0.0,0.0,-2.0,-1.0,178.0,-3.0,83.0,Benign
80.0,0.0,0.0,0.0,0.0,0.0,178.0,-4.0,84.0,Benign
80.0,0.0,0.0,0.0,0.0,-1.0,178.0,-7.0,85.0,Benign
80.0,-2.0,0.0,0.0,-8.0,0.0,178.0,-16.0,83.0,Benign
80.0,-2.0,0.0,0.0,0.0,-1.0,178.0,-19.0,84.0,Benign
80.0,-2.0,0.0,0.0,-1.0,-1.0,178.0,-26.0,81.0,Benign
80.0,-2.0,0.0,0.0,-1.0,-1.0,178.0,-31.0,77.0,Benign
80.0,-2.0,0.0,0.0,-1.0,-1.0,178.0,-31.0,79.0,Benign
80.0,-1.0,1.0,0.0,-1.0,-1.0,178.0,15.0,84.0,Benign
80.0,-1.0,1.0,0.0,3.0,0.0,178.0,12.0,85.0,Benign
80.0,0.0,0.0,0.0,-3.0,-1.0,178.0,11.0,83.0,Benign
80.0,-2.0,0.0,0.0,0.0,0.0,178.0,11.0,82.0,Benign
80.0,-1.0,0.0,0.0,0.0,-1.0,178.0,8.0,83.0,Benign
80.0,0.0,0.0,0.0,0.0,-1.0,178.0,6.0,82.0,Benign
80.0,0.0,0.0,0.0,0.0,0.0,178.0,5.0,80.0,Benign
80.0,0.0,0.0,0.0,0.0,-1.0,-166.0,4.0,80.0,Benign
70.0,0.0,0.0,0.0,0.0,-1.0,-129.0,6.0,80.0,Benign
80.0,0.0,0.0,0.0,1.0,0.0,-97.0,10.0,82.0,Benign
80.0,0.0,0.0,0.0,0.0,0.0,-67.0,11.0,83.0,Benign
80.0,0.0,0.0,0.0,0.0,0.0,-38.0,11.0,83.0,Benign
80.0,0.0,0.0,0.0,0.0,0.0,-9.0,17.0,83.0,Benign
80.0,0.0,0.0,0.0,0.0,0.0,-3.0,17.0,84.0,Benign
80.0,0.0,0.0,0.0,0.0,0.0,-3.0,-200.0,-200.0,Benign
80.0,0.0,0.0,0.0,0.0,0.0,-3.0,-200.0,-200.0,Benign
60.0,0.0,0.0,4.0,0.0,0.0,-3.0,-200.0,-200.0,Benign
40.0,0.0,0.0,4.0,0.0,0.0,-3.0,-200.0,-200.0,Benign
10.0,0.0,0.0,4.0,0.0,0.0,-3.0,-200.0,-200.0,Benign
80.0,0.0,0.0,0.0,0.0,0.0,0.0,-9.0,85.0,Benign
80.0,0.0,0.0,0.0,0.0,0.0,0.0,-12.0,84.0,Benign
80.0,0.0,0.0,0.0,0.0,0.0,0.0,-12.0,85.0,Benign
80.0,0.0,0.0,0.0,0.0,-1.0,0.0,-15.0,86.0,Benign
80.0,0.0,0.0,0.0,0.0,-1.0,1.0,-15.0,86.0,Benign
80.0,0.0,0.0,0.0,0.0,-1.0,1.0,-13.0,85.0,Benign
80.0,0.0,0.0,0.0,0.0,0.0,1.0,-16.0,84.0,Benign
80.0,1.0,-1.0,0.0,-1.0,-1.0,1.0,-18.0,84.0,Benign
80.0,0.0,0.0,0.0,0.0,-1.0,1.0,-12.0,84.0,Benign
80.0,1.0,-1.0,0.0,-1.0,-1.0,1.0,-9.0,84.0,Benign
80.0,0.0,-1.0,0.0,0.0,-1.0,0.0,-6.0,84.0,Benign
80.0,0.0,0.0,0.0,0.0,1.0,0.0,-4.0,83.0,Benign
80.0,0.0,0.0,0.0,0.0,0.0,0.0,-6.0,83.0,Benign
80.0,0.0,0.0,0.0,-1.0,-1.0,0.0,-9.0,84.0,Benign
80.0,0.0,0.0,0.0,-1.0,-1.0,0.0,-14.0,84.0,Benign
80.0,0.0,0.0,0.0,-1.0,-1.0,0.0,-18.0,84.0,Benign
80.0,0.0,0.0,0.0,-1.0,0.0,0.0,-19.0,84.0,Benign
80.0,0.0,0.0,0.0,0.0,0.0,0.0,-19.0,85.0,Benign
80.0,0.0,0.0,0.0,0.0,-1.0,21.0,-20.0,85.0,Benign
80.0,0.0,0.0,0.0,0.0,-1.0,35.0,-21.0,85.0,Benign
80.0,0.0,0.0,0.0,0.0,-1.0,33.0,-20.0,85.0,Benign
80.0,0.0,0.0,0.0,0.0,-1.0,9.0,-22.0,85.0,Benign
80.0,0.0,0.0,0.0,-1.0,0.0,2.0,-21.0,85.0,Benign
80.0,0.0,0.0,0.0,-1.0,0.0,1.0,-17.0,85.0,Benign
80.0,1.0,-1.0,0.0,-1.0,0.0,1.0,-15.0,85.0,Benign
80.0,0.0,-1.0,0.0,-1.0,0.0,1.0,-11.0,84.0,Benign
80.0,0.0,0.0,0.0,-1.0,0.0,1.0,-6.0,84.0,Benign
80.0,0.0,0.0,0.0,-3.0,-1.0,1.0,-5.0,84.0,Benign
80.0,0.0,0.0,0.0,0.0,-2.0,1.0,-5.0,84.0,Benign
80.0,1.0,0.0,0.0,-1.0,0.0,1.0,-6.0,83.0,Benign
80.0,4.0,0.0,0.0,-5.0,-1.0,1.0,-11.0,84.0,Benign
80.0,2.0,0.0,0.0,-1.0,-1.0,1.0,-19.0,85.0,Benign
80.0,2.0,0.0,0.0,-2.0,-1.0,1.0,-14.0,89.0,Benign
80.0,2.0,0.0,0.0,-2.0,-1.0,1.0,-21.0,87.0,Benign
80.0,2.0,0.0,0.0,-1.0,-1.0,1.0,-29.0,76.0,Benign
80.0,2.0,-1.0,0.0,-1.0,-1.0,1.0,20.0,73.0,Benign
80.0,0.0,0.0,0.0,0.0,1.0,1.0,8.0,80.0,Benign
80.0,0.0,0.0,0.0,0.0,0.0,1.0,7.0,80.0,Benign
80.0,2.0,0.0,0.0,0.0,-1.0,1.0,9.0,81.0,Benign
80.0,1.0,0.0,0.0,0.0,-1.0,1.0,8.0,81.0,Benign
80.0,0.0,0.0,0.0,1.0,-1.0,1.0,6.0,81.0,Benign
80.0,0.0,-1.0,0.0,0.0,0.0,1.0,5.0,80.0,Benign
80.0,0.0,0.0,0.0,-1.0,0.0,1.0,6.0,81.0,Benign
80.0,0.0,0.0,0.0,-1.0,0.0,1.0,6.0,82.0,Benign
80.0,0.0,0.0,0.0,0.0,-1.0,15.0,9.0,82.0,Benign
80.0,0.0,0.0,0.0,0.0,0.0,32.0,11.0,82.0,Benign
80.0,0.0,0.0,0.0,0.0,-1.0,34.0,13.0,82.0,Benign
80.0,0.0,0.0,0.0,0.0,-1.0,11.0,16.0,80.0,Benign
80.0,0.0,0.0,0.0,-1.0,0.0,1.0,18.0,81.0,Benign
80.0,0.0,0.0,0.0,-1.0,-1.0,1.0,17.0,81.0,Benign
80.0,0.0,-1.0,0.0,-1.0,0.0,1.0,16.0,81.0,Benign
80.0,0.0,-1.0,0.0,0.0,-1.0,1.0,6.0,82.0,Benign
80.0,0.0,-1.0,0.0,0.0,0.0,1.0,5.0,82.0,Benign
80.0,0.0,0.0,0.0,-1.0,0.0,1.0,6.0,82.0,Benign
80.0,4.0,0.0,0.0,0.0,0.0,1.0,4.0,82.0,Benign
80.0,2.0,0.0,0.0,-1.0,0.0,1.0,16.0,78.0,Benign
80.0,2.0,0.0,0.0,-1.0,-1.0,1.0,21.0,78.0,Benign
80.0,2.0,0.0,0.0,-1.0,-2.0,1.0,-17.0,83.0,Benign
80.0,1.0,-1.0,0.0,0.0,-2.0,1.0,-22.0,79.0,Benign
80.0,0.0,-1.0,0.0,0.0,3.0,1.0,-18.0,78.0,Benign
80.0,0.0,0.0,0.0,0.0,0.0,1.0,-14.0,79.0,Benign
80.0,0.0,-1.0,0.0,-1.0,-1.0,1.0,-14.0,79.0,Benign
80.0,0.0,-1.0,0.0,-1.0,0.0,1.0,-9.0,79.0,Benign
70.0,0.0,-1.0,0.0,0.0,0.0,1.0,-6.0,78.0,Benign
70.0,0.0,0.0,0.0,0.0,0.0,1.0,-5.0,79.0,Benign
80.0,0.0,0.0,0.0,0.0,0.0,1.0,-9.0,80.0,Benign
80.0,0.0,-1.0,0.0,0.0,-3.0,1.0,-11.0,80.0,Benign
80.0,0.0,-2.0,0.0,0.0,-1.0,1.0,-4.0,81.0,Benign
80.0,0.0,-2.0,0.0,0.0,-1.0,1.0,7.0,82.0,Benign
80.0,0.0,0.0,0.0,1.0,1.0,1.0,16.0,79.0,Benign
80.0,0.0,0.0,0.0,0.0,4.0,1.0,16.0,80.0,Benign
80.0,0.0,2.0,0.0,0.0,0.0,1.0,4.0,82.0,Benign
80.0,0.0,2.0,0.0,0.0,-2.0,1.0,-8.0,82.0,Benign
80.0,0.0,0.0,0.0,0.0,0.0,1.0,-18.0,80.0,Benign
80.0,1.0,-1.0,0.0,-1.0,0.0,1.0,-21.0,80.0,Benign
80.0,1.0,-1.0,0.0,0.0,0.0,1.0,-12.0,81.0,Benign
80.0,0.0,-1.0,0.0,0.0,0.0,1.0,-7.0,81.0,Benign
80.0,0.0,0.0,0.0,0.0,1.0,1.0,-4.0,81.0,Benign
80.0,4.0,0.0,0.0,-1.0,0.0,1.0,-7.0,80.0,Benign
80.0,2.0,0.0,0.0,-1.0,0.0,1.0,-13.0,80.0,Benign
80.0,2.0,0.0,0.0,-1.0,0.0,1.0,-18.0,78.0,Benign
80.0,2.0,0.0,0.0,-1.0,-1.0,1.0,-24.0,82.0,Benign
70.0,2.0,0.0,0.0,-1.0,-1.0,1.0,-1.0,76.0,Benign
70.0,1.0,0.0,0.0,0.0,0.0,1.0,-4.0,78.0,Benign
70.0,0.0,0.0,0.0,0.0,0.0,1.0,-6.0,79.0,Benign
70.0,1.0,0.0,0.0,0.0,0.0,1.0,-6.0,80.0,Benign
80.0,0.0,0.0,0.0,1.0,0.0,1.0,-7.0,80.0,Benign
80.0,0.0,0.0,0.0,0.0,0.0,26.0,-4.0,81.0,Benign
80.0,0.0,0.0,0.0,0.0,0.0,56.0,-5.0,81.0,Benign
80.0,0.0,0.0,0.0,0.0,0.0,85.0,-7.0,81.0,Benign
80.0,0.0,0.0,0.0,0.0,0.0,115.0,-8.0,81.0,Benign
80.0,0.0,0.0,0.0,0.0,0.0,144.0,-9.0,82.0,Benign
80.0,0.0,0.0,0.0,0.0,0.0,172.0,-11.0,84.0,Benign
80.0,0.0,0.0,0.0,0.0,0.0,179.0,-14.0,84.0,Benign
80.0,0.0,0.0,0.0,0.0,0.0,179.0,-13.0,84.0,Benign
80.0,0.0,0.0,0.0,0.0,0.0,179.0,-11.0,84.0,Benign
80.0,-1.0,0.0,0.0,-8.0,0.0,179.0,-9.0,84.0,Benign
80.0,-3.0,0.0,0.0,0.0,0.0,179.0,-8.0,80.0,Benign
80.0,-2.0,0.0,0.0,-1.0,0.0,179.0,-3.0,85.0,Benign
80.0,-2.0,0.0,0.0,-1.0,0.0,179.0,-2.0,89.0,Benign
80.0,-2.0,0.0,0.0,-1.0,0.0,179.0,-28.0,79.0,Benign
80.0,-1.0,0.0,0.0,4.0,0.0,179.0,-7.0,79.0,Benign
70.0,0.0,0.0,0.0,0.0,4.0,179.0,-13.0,78.0,Benign
80.0,0.0,-1.0,0.0,0.0,0.0,179.0,-9.0,79.0,Benign
80.0,0.0,0.0,0.0,0.0,0.0,179.0,-6.0,80.0,Benign
80.0,0.0,0.0,0.0,0.0,0.0,179.0,-4.0,80.0,Benign
80.0,0.0,0.0,0.0,-1.0,0.0,179.0,-6.0,80.0,Benign
80.0,-4.0,0.0,0.0,1.0,0.0,179.0,-5.0,81.0,Benign
80.0,-2.0,0.0,0.0,-1.0,0.0,179.0,-3.0,79.0,Benign
80.0,-2.0,0.0,0.0,-1.0,0.0,179.0,-2.0,80.0,Benign
80.0,-2.0,0.0,0.0,-1.0,0.0,179.0,14.0,75.0,Benign
80.0,-1.0,0.0,0.0,0.0,0.0,179.0,9.0,79.0,Benign
80.0,0.0,-1.0,0.0,0.0,0.0,179.0,10.0,78.0,Benign
80.0,0.0,0.0,0.0,0.0,3.0,179.0,6.0,79.0,Benign
80.0,0.0,0.0,0.0,0.0,0.0,179.0,5.0,81.0,Benign
80.0,0.0,0.0,0.0,0.0,0.0,179.0,4.0,81.0,Benign
80.0,0.0,0.0,0.0,0.0,0.0,179.0,4.0,81.0,Benign
80.0,-4.0,0.0,0.0,-7.0,0.0,179.0,6.0,80.0,Benign
80.0,-2.0,0.0,0.0,-1.0,0.0,179.0,1.0,82.0,Benign
80.0,-2.0,0.0,0.0,-1.0,0.0,179.0,4.0,80.0,Benign
80.0,-2.0,0.0,0.0,-1.0,0.0,179.0,1.0,78.0,Benign
80.0,-2.0,0.0,0.0,-1.0,0.0,179.0,1.0,77.0,Benign
70.0,-1.0,0.0,0.0,2.0,0.0,179.0,-11.0,82.0,Benign
70.0,0.0,0.0,0.0,0.0,0.0,179.0,-16.0,80.0,Benign
80.0,-2.0,0.0,0.0,0.0,0.0,179.0,-12.0,82.0,Benign
80.0,-1.0,0.0,0.0,0.0,0.0,179.0,-12.0,82.0,Benign
80.0,-1.0,0.0,0.0,0.0,-1.0,179.0,-5.0,85.0,Benign
80.0,0.0,0.0,0.0,0.0,0.0,-179.0,-5.0,84.0,Benign
80.0,0.0,0.0,0.0,0.0,0.0,-143.0,-7.0,84.0,Benign
80.0,0.0,0.0,0.0,0.0,0.0,-112.0,-8.0,84.0,Benign
80.0,0.0,0.0,0.0,-1.0,0.0,-82.0,-8.0,84.0,Benign
80.0,0.0,0.0,0.0,0.0,0.0,-51.0,-5.0,84.0,Benign
80.0,0.0,0.0,0.0,0.0,0.0,-21.0,-2.0,84.0,Benign
80.0,0.0,0.0,0.0,0.0,0.0,-4.0,0.0,84.0,Benign
80.0,0.0,0.0,0.0,0.0,0.0,-1.0,-200.0,-200.0,Benign
80.0,0.0,0.0,0.0,0.0,0.0,-1.0,-200.0,-200.0,Benign
70.0,0.0,0.0,3.0,0.0,0.0,-1.0,-200.0,-200.0,Benign
50.0,0.0,0.0,4.0,0.0,0.0,-1.0,-200.0,-200.0,Benign
20.0,0.0,0.0,4.0,0.0,0.0,-1.0,-200.0,-200.0,Benign
0.0,0.0,0.0,3.0,-1.0,0.0,-1.0,-200.0,-200.0,Benign
60.0,0.0,0.0,0.0,0.0,0.0,0.0,-5.0,84.0,Benign
60.0,0.0,0.0,0.0,-1.0,0.0,0.0,-4.0,83.0,Benign
60.0,0.0,0.0,0.0,0.0,0.0,0.0,-4.0,82.0,Benign
60.0,0.0,0.0,0.0,0.0,0.0,0.0,-4.0,82.0,Benign
60.0,0.0,0.0,0.0,0.0,0.0,0.0,-4.0,82.0,Benign
60.0,0.0,0.0,0.0,-1.0,0.0,0.0,-3.0,82.0,Benign
60.0,0.0,0.0,0.0,0.0,0.0,0.0,-3.0,83.0,Benign
60.0,0.0,0.0,0.0,0.0,0.0,0.0,-2.0,83.0,Benign
60.0,0.0,0.0,0.0,0.0,0.0,0.0,-2.0,83.0,Benign
60.0,0.0,0.0,0.0,0.0,0.0,0.0,-2.0,84.0,Benign
60.0,0.0,0.0,0.0,0.0,0.0,0.0,0.0,85.0,Benign
60.0,0.0,0.0,0.0,0.0,0.0,0.0,-2.0,84.0,Benign
60.0,0.0,0.0,0.0,0.0,0.0,0.0,-2.0,84.0,Benign
60.0,0.0,0.0,0.0,0.0,0.0,0.0,-2.0,82.0,Benign
60.0,0.0,0.0,0.0,-9.0,0.0,0.0,-2.0,82.0,Benign
60.0,3.0,0.0,0.0,1.0,0.0,0.0,-3.0,83.0,Benign
60.0,2.0,0.0,0.0,-1.0,0.0,0.0,-1.0,84.0,Benign
60.0,2.0,0.0,0.0,-1.0,0.0,0.0,7.0,85.0,Benign
60.0,2.0,0.0,0.0,-1.0,0.0,0.0,-24.0,57.0,Benign
60.0,2.0,0.0,0.0,-1.0,0.0,0.0,-12.0,80.0,Benign
60.0,0.0,0.0,0.0,0.0,0.0,0.0,-12.0,80.0,Benign
60.0,0.0,0.0,0.0,-7.0,2.0,0.0,-13.0,79.0,Benign
60.0,1.0,0.0,0.0,0.0,0.0,0.0,-4.0,82.0,Benign
60.0,1.0,0.0,0.0,-1.0,-1.0,0.0,-2.0,81.0,Benign
60.0,0.0,0.0,0.0,0.0,0.0,0.0,0.0,81.0,Benign
60.0,0.0,0.0,0.0,0.0,0.0,0.0,1.0,80.0,Benign
60.0,0.0,0.0,0.0,0.0,0.0,0.0,0.0,81.0,Benign
60.0,4.0,0.0,0.0,0.0,0.0,0.0,-4.0,82.0,Benign
60.0,2.0,0.0,0.0,-1.0,0.0,0.0,-1.0,82.0,Benign
60.0,2.0,0.0,0.0,-1.0,0.0,0.0,-3.0,78.0,Benign
60.0,2.0,0.0,0.0,-1.0,0.0,0.0,-1.0,73.0,Benign
60.0,2.0,0.0,0.0,-1.0,1.0,0.0,11.0,77.0,Benign
50.0,2.0,0.0,0.0,0.0,0.0,0.0,11.0,74.0,Benign
50.0,0.0,0.0,0.0,0.0,3.0,0.0,12.0,74.0,Benign
60.0,0.0,0.0,0.0,-1.0,0.0,0.0,1.0,78.0,Benign
60.0,1.0,0.0,0.0,-1.0,1.0,0.0,11.0,79.0,Benign
60.0,1.0,0.0,0.0,0.0,1.0,0.0,3.0,82.0,Benign
60.0,0.0,0.0,0.0,1.0,0.0,0.0,0.0,82.0,Benign
60.0,0.0,0.0,0.0,0.0,0.0,0.0,3.0,81.0,Benign
60.0,0.0,0.0,0.0,0.0,0.0,0.0,3.0,81.0,Benign
60.0,0.0,0.0,-1.0,0.0,0.0,0.0,5.0,83.0,Benign
70.0,0.0,0.0,-2.0,-1.0,0.0,0.0,5.0,91.0,Benign
80.0,0.0,0.0,-1.0,0.0,0.0,0.0,4.0,105.0,Benign
90.0,0.0,0.0,0.0,0.0,0.0,0.0,1.0,112.0,Benign
90.0,0.0,0.0,0.0,0.0,0.0,0.0,6.0,116.0,Benign
90.0,0.0,0.0,1.0,0.0,0.0,0.0,3.0,117.0,Benign
80.0,0.0,0.0,2.0,0.0,0.0,0.0,6.0,108.0,Benign
70.0,0.0,0.0,1.0,0.0,0.0,0.0,5.0,93.0,Benign
60.0,0.0,0.0,0.0,0.0,0.0,0.0,3.0,85.0,Benign
60.0,0.0,0.0,0.0,0.0,0.0,0.0,4.0,81.0,Benign
60.0,4.0,0.0,0.0,-6.0,0.0,0.0,6.0,82.0,Benign
60.0,2.0,0.0,0.0,0.0,0.0,0.0,4.0,84.0,Benign
60.0,2.0,0.0,0.0,-1.0,0.0,0.0,28.0,69.0,Benign
60.0,2.0,0.0,0.0,-1.0,0.0,0.0,26.0,75.0,Benign
60.0,2.0,0.0,0.0,0.0,0.0,0.0,23.0,77.0,Benign
60.0,0.0,0.0,0.0,0.0,0.0,0.0,20.0,78.0,Benign
60.0,0.0,1.0,0.0,0.0,1.0,0.0,18.0,79.0,Benign
60.0,0.0,1.0,0.0,0.0,0.0,0.0,20.0,79.0,Benign
60.0,0.0,0.0,0.0,0.0,-1.0,0.0,4.0,82.0,Benign
60.0,0.0,0.0,0.0,0.0,0.0,30.0,2.0,82.0,Benign
60.0,0.0,0.0,0.0,0.0,0.0,59.0,5.0,83.0,Benign
60.0,0.0,0.0,0.0,0.0,0.0,95.0,2.0,83.0,Benign
60.0,0.0,0.0,0.0,0.0,0.0,124.0,4.0,83.0,Benign
60.0,0.0,0.0,0.0,0.0,0.0,154.0,2.0,84.0,Benign
60.0,0.0,0.0,0.0,0.0,0.0,173.0,-2.0,84.0,Benign
60.0,0.0,0.0,0.0,0.0,0.0,178.0,-4.0,84.0,Benign
60.0,0.0,0.0,0.0,0.0,0.0,178.0,-1.0,84.0,Benign
60.0,0.0,0.0,0.0,0.0,0.0,178.0,-1.0,84.0,Benign
60.0,-4.0,0.0,0.0,0.0,0.0,178.0,-5.0,83.0,Benign
60.0,-2.0,0.0,0.0,-1.0,0.0,178.0,6.0,81.0,Benign
60.0,-2.0,0.0,0.0,-1.0,0.0,178.0,6.0,80.0,Benign
60.0,-2.0,0.0,0.0,-1.0,0.0,178.0,-14.0,79.0,Benign
60.0,-1.0,0.0,0.0,0.0,0.0,178.0,-14.0,79.0,Benign
60.0,0.0,0.0,0.0,0.0,0.0,178.0,-8.0,79.0,Benign
60.0,0.0,-1.0,0.0,0.0,0.0,178.0,-8.0,80.0,Benign
60.0,0.0,0.0,0.0,0.0,0.0,178.0,-8.0,81.0,Benign
60.0,0.0,0.0,0.0,0.0,0.0,178.0,-4.0,83.0,Benign
60.0,0.0,0.0,0.0,-1.0,0.0,178.0,-6.0,83.0,Benign
60.0,-4.0,0.0,0.0,0.0,0.0,178.0,-8.0,82.0,Benign
60.0,-2.0,0.0,0.0,-1.0,0.0,178.0,-1.0,84.0,Benign
60.0,-2.0,0.0,0.0,-1.0,0.0,178.0,-1.0,81.0,Benign
60.0,-2.0,0.0,0.0,-1.0,0.0,178.0,9.0,79.0,Benign
60.0,-2.0,0.0,0.0,0.0,0.0,178.0,9.0,80.0,Benign
60.0,0.0,0.0,0.0,0.0,0.0,178.0,8.0,81.0,Benign
60.0,-1.0,-1.0,0.0,0.0,0.0,178.0,6.0,81.0,Benign
60.0,0.0,0.0,0.0,0.0,0.0,178.0,4.0,81.0,Benign
60.0,0.0,0.0,0.0,0.0,0.0,178.0,3.0,80.0,Benign
60.0,0.0,0.0,0.0,0.0,0.0,178.0,4.0,81.0,Benign
60.0,0.0,0.0,-1.0,0.0,0.0,178.0,4.0,85.0,Benign
70.0,0.0,0.0,-2.0,0.0,0.0,178.0,6.0,98.0,Benign
80.0,0.0,0.0,-1.0,0.0,0.0,178.0,7.0,107.0,Benign
90.0,0.0,0.0,0.0,0.0,0.0,178.0,5.0,112.0,Benign
80.0,0.0,0.0,1.0,0.0,0.0,178.0,7.0,109.0,Benign
70.0,0.0,0.0,1.0,0.0,0.0,178.0,7.0,96.0,Benign
60.0,0.0,0.0,1.0,0.0,0.0,178.0,6.0,89.0,Benign
60.0,0.0,0.0,0.0,0.0,0.0,178.0,5.0,82.0,Benign
50.0,0.0,0.0,0.0,0.0,0.0,178.0,5.0,77.0,Benign
50.0,-4.0,0.0,0.0,0.0,0.0,178.0,5.0,77.0,Benign
60.0,-2.0,0.0,0.0,0.0,0.0,178.0,5.0,77.0,Benign
60.0,-2.0,0.0,0.0,-1.0,0.0,178.0,4.0,79.0,Benign
60.0,-2.0,0.0,0.0,-1.0,0.0,178.0,2.0,80.0,Benign
60.0,-2.0,0.0,0.0,-1.0,0.0,178.0,-19.0,85.0,Benign
50.0,0.0,0.0,0.0,0.0,0.0,178.0,-18.0,83.0,Benign
50.0,-1.0,-1.0,0.0,-4.0,3.0,178.0,-17.0,84.0,Benign
60.0,-1.0,-1.0,0.0,0.0,0.0,178.0,-20.0,79.0,Benign
60.0,-1.0,-1.0,0.0,0.0,0.0,178.0,-14.0,82.0,Benign
60.0,0.0,0.0,0.0,0.0,-2.0,178.0,-5.0,83.0,Benign
60.0,0.0,0.0,0.0,0.0,0.0,-155.0,-4.0,84.0,Benign
60.0,0.0,0.0,0.0,-1.0,0.0,-119.0,-10.0,82.0,Benign
60.0,0.0,0.0,0.0,0.0,0.0,-90.0,-6.0,84.0,Benign
60.0,0.0,0.0,0.0,0.0,0.0,-67.0,-5.0,84.0,Benign
60.0,0.0,0.0,0.0,0.0,0.0,-33.0,-4.0,84.0,Benign
60.0,0.0,0.0,0.0,0.0,0.0,-10.0,-1.0,84.0,Benign
60.0,0.0,0.0,0.0,0.0,0.0,-4.0,0.0,84.0,Benign
60.0,0.0,0.0,0.0,0.0,0.0,-3.0,-200.0,-200.0,Benign
60.0,0.0,0.0,0.0,0.0,0.0,-3.0,-200.0,-200.0,Benign
50.0,0.0,0.0,4.0,0.0,0.0,-3.0,-200.0,-200.0,Benign
20.0,0.0,0.0,4.0,0.0,0.0,-3.0,-200.0,-200.0,Benign
0.0,0.0,0.0,4.0,0.0,0.0,-3.0,-200.0,-200.0,Benign
0.0,0.0,0.0,0.0,-1.0,0.0,-4.0,-200.0,-200.0,Benign
60.0,0.0,0.0,0.0,-1.0,0.0,0.0,-8.0,86.0,Benign
60.0,0.0,0.0,0.0,0.0,0.0,0.0,-9.0,85.0,Benign
60.0,0.0,0.0,0.0,0.0,0.0,0.0,-8.0,86.0,Benign
60.0,0.0,0.0,0.0,0.0,0.0,0.0,-10.0,85.0,Benign
60.0,0.0,0.0,0.0,0.0,0.0,0.0,-9.0,85.0,Benign
60.0,0.0,0.0,0.0,0.0,0.0,0.0,-12.0,85.0,Benign
60.0,0.0,0.0,0.0,0.0,0.0,0.0,-12.0,85.0,Benign
60.0,0.0,0.0,0.0,-1.0,-1.0,0.0,-16.0,86.0,Benign
60.0,0.0,-1.0,0.0,0.0,-1.0,0.0,-13.0,86.0,Benign
60.0,0.0,-1.0,0.0,0.0,0.0,0.0,-11.0,85.0,Benign
60.0,0.0,-1.0,0.0,0.0,0.0,0.0,-6.0,84.0,Benign
60.0,0.0,0.0,0.0,0.0,0.0,0.0,-5.0,83.0,Benign
60.0,0.0,0.0,0.0,0.0,-1.0,0.0,-9.0,84.0,Benign
60.0,0.0,0.0,0.0,0.0,-1.0,0.0,-13.0,84.0,Benign
60.0,0.0,0.0,0.0,0.0,-1.0,0.0,-19.0,83.0,Benign
60.0,0.0,0.0,0.0,0.0,-1.0,0.0,-21.0,84.0,Benign
60.0,0.0,0.0,0.0,0.0,-1.0,0.0,-24.0,84.0,Benign
60.0,1.0,0.0,0.0,-8.0,0.0,0.0,-25.0,84.0,Benign
60.0,3.0,0.0,0.0,0.0,0.0,0.0,-25.0,88.0,Benign
60.0,2.0,0.0,0.0,-1.0,-1.0,0.0,-25.0,90.0,Benign
60.0,2.0,0.0,0.0,-1.0,-1.0,0.0,-25.0,90.0,Benign
60.0,2.0,0.0,0.0,-1.0,-1.0,0.0,25.0,73.0,Benign
60.0,1.0,-1.0,0.0,0.0,-1.0,0.0,22.0,86.0,Benign
60.0,0.0,-1.0,0.0,0.0,4.0,0.0,27.0,82.0,Benign
60.0,0.0,0.0,0.0,-1.0,-1.0,0.0,26.0,80.0,Benign
60.0,1.0,-2.0,0.0,-1.0,0.0,0.0,25.0,80.0,Benign
60.0,1.0,-1.0,0.0,0.0,0.0,0.0,15.0,81.0,Benign
60.0,0.0,-1.0,0.0,0.0,-1.0,0.0,9.0,81.0,Benign
60.0,0.0,-1.0,0.0,0.0,0.0,0.0,7.0,82.0,Benign
60.0,0.0,0.0,0.0,0.0,0.0,0.0,4.0,82.0,Benign
60.0,0.0,0.0,0.0,0.0,0.0,0.0,4.0,82.0,Benign
60.0,0.0,0.0,0.0,0.0,0.0,0.0,5.0,83.0,Benign
60.0,0.0,0.0,0.0,0.0,0.0,0.0,8.0,83.0,Benign
60.0,2.0,0.0,0.0,-4.0,0.0,0.0,14.0,83.0,Benign
60.0,2.0,0.0,0.0,-1.0,0.0,0.0,18.0,83.0,Benign
60.0,2.0,0.0,0.0,0.0,-2.0,0.0,27.0,81.0,Benign
60.0,0.0,-1.0,0.0,0.0,3.0,0.0,27.0,80.0,Benign
60.0,0.0,0.0,0.0,0.0,0.0,0.0,30.0,79.0,Benign
60.0,-2.0,0.0,0.0,0.0,0.0,0.0,33.0,78.0,Benign
60.0,-2.0,0.0,0.0,0.0,-1.0,0.0,35.0,78.0,Benign
60.0,0.0,0.0,0.0,-2.0,2.0,0.0,28.0,82.0,Benign
60.0,0.0,0.0,0.0,-4.0,-7.0,0.0,21.0,84.0,Benign
60.0,1.0,-2.0,0.0,-1.0,0.0,0.0,25.0,79.0,Benign
60.0,0.0,-1.0,0.0,0.0,0.0,0.0,17.0,82.0,Benign
60.0,0.0,-1.0,0.0,0.0,-1.0,0.0,11.0,82.0,Benign
60.0,0.0,-1.0,0.0,0.0,0.0,0.0,9.0,82.0,Benign
60.0,0.0,0.0,0.0,-3.0,-1.0,0.0,6.0,81.0,Benign
60.0,0.0,0.0,0.0,-7.0,0.0,0.0,6.0,81.0,Benign
60.0,4.0,0.0,0.0,1.0,0.0,0.0,7.0,81.0,Benign
60.0,2.0,0.0,0.0,-1.0,-1.0,0.0,21.0,77.0,Benign
60.0,2.0,0.0,0.0,-1.0,-1.0,0.0,24.0,80.0,Benign
60.0,2.0,0.0,0.0,-1.0,-1.0,0.0,-20.0,89.0,Benign
60.0,2.0,-1.0,0.0,-1.0,-1.0,0.0,-23.0,88.0,Benign
60.0,1.0,-1.0,0.0,-1.0,-2.0,0.0,-23.0,83.0,Benign
60.0,0.0,0.0,0.0,0.0,1.0,0.0,-18.0,85.0,Benign
60.0,0.0,-1.0,0.0,-1.0,-4.0,0.0,-24.0,83.0,Benign
60.0,0.0,-1.0,0.0,-1.0,-1.0,0.0,-20.0,83.0,Benign
60.0,0.0,-1.0,0.0,0.0,-1.0,0.0,-11.0,84.0,Benign
60.0,0.0,-1.0,0.0,0.0,-1.0,0.0,-7.0,84.0,Benign
60.0,0.0,0.0,0.0,-2.0,0.0,0.0,-4.0,84.0,Benign
60.0,0.0,0.0,0.0,0.0,0.0,0.0,-5.0,84.0,Benign
60.0,0.0,0.0,0.0,0.0,-1.0,0.0,-7.0,85.0,Benign
60.0,2.0,0.0,0.0,-8.0,0.0,0.0,-10.0,85.0,Benign
70.0,3.0,0.0,0.0,0.0,0.0,0.0,-17.0,84.0,Benign
60.0,2.0,0.0,0.0,-1.0,0.0,0.0,-30.0,79.0,Benign
60.0,2.0,0.0,0.0,-1.0,-1.0,0.0,-30.0,81.0,Benign
70.0,2.0,0.0,0.0,-1.0,-1.0,0.0,-30.0,81.0,Benign
70.0,2.0,-1.0,0.0,-1.0,-1.0,0.0,-30.0,81.0,Benign
60.0,0.0,0.0,0.0,0.0,0.0,0.0,-30.0,81.0,Benign
60.0,-2.0,0.0,0.0,7.0,-3.0,0.0,-30.0,81.0,Benign
60.0,-3.0,-1.0,0.0,-1.0,0.0,0.0,-30.0,81.0,Benign
60.0,-2.0,-1.0,0.0,-1.0,0.0,0.0,-17.0,83.0,Benign
60.0,-1.0,0.0,0.0,-2.0,0.0,0.0,-6.0,84.0,Benign
60.0,0.0,0.0,0.0,0.0,-1.0,0.0,-4.0,83.0,Benign
60.0,0.0,0.0,0.0,0.0,1.0,0.0,-3.0,83.0,Benign
60.0,0.0,0.0,0.0,0.0,0.0,17.0,-5.0,82.0,Benign
60.0,0.0,0.0,0.0,0.0,0.0,48.0,-8.0,83.0,Benign
60.0,0.0,0.0,0.0,0.0,0.0,77.0,-10.0,84.0,Benign
60.0,0.0,0.0,0.0,0.0,0.0,107.0,-12.0,85.0,Benign
70.0,0.0,0.0,0.0,0.0,0.0,137.0,-15.0,84.0,Benign
70.0,0.0,0.0,0.0,0.0,0.0,166.0,-16.0,85.0,Benign
60.0,0.0,0.0,0.0,0.0,0.0,178.0,-15.0,84.0,Benign
60.0,0.0,0.0,0.0,0.0,0.0,178.0,-12.0,84.0,Benign
60.0,0.0,0.0,0.0,0.0,0.0,178.0,-10.0,84.0,Benign
60.0,-2.0,0.0,0.0,-8.0,0.0,178.0,-10.0,83.0,Benign
60.0,-3.0,0.0,0.0,1.0,0.0,178.0,-8.0,83.0,Benign
60.0,-2.0,0.0,0.0,0.0,0.0,178.0,0.0,86.0,Benign
60.0,-2.0,0.0,0.0,0.0,-1.0,178.0,0.0,82.0,Benign
60.0,-2.0,0.0,0.0,0.0,1.0,178.0,1.0,82.0,Benign
60.0,0.0,0.0,0.0,2.0,-4.0,178.0,0.0,83.0,Benign
60.0,0.0,0.0,0.0,0.0,0.0,178.0,-1.0,85.0,Benign
60.0,0.0,0.0,0.0,0.0,0.0,178.0,-3.0,86.0,Benign
70.0,0.0,0.0,0.0,0.0,0.0,178.0,-4.0,87.0,Benign
70.0,0.0,0.0,0.0,0.0,0.0,178.0,-5.0,86.0,Benign
60.0,-3.0,0.0,0.0,0.0,0.0,178.0,-10.0,85.0,Benign
60.0,-2.0,0.0,0.0,-1.0,-1.0,178.0,-22.0,81.0,Benign
60.0,-2.0,0.0,0.0,-1.0,-1.0,178.0,-29.0,78.0,Benign
60.0,-2.0,0.0,0.0,-1.0,-1.0,178.0,6.0,78.0,Benign
60.0,-1.0,1.0,0.0,0.0,-2.0,178.0,13.0,83.0,Benign
60.0,0.0,0.0,0.0,0.0,0.0,178.0,12.0,86.0,Benign
70.0,0.0,0.0,0.0,-3.0,-3.0,178.0,13.0,84.0,Benign
60.0,-1.0,0.0,0.0,0.0,-1.0,178.0,9.0,85.0,Benign
60.0,0.0,1.0,0.0,0.0,-1.0,178.0,8.0,83.0,Benign
60.0,0.0,0.0,0.0,0.0,-1.0,178.0,5.0,83.0,Benign
60.0,0.0,0.0,0.0,0.0,-1.0,178.0,3.0,82.0,Benign
60.0,0.0,0.0,0.0,0.0,0.0,178.0,3.0,83.0,Benign
60.0,0.0,0.0,0.0,0.0,-1.0,178.0,9.0,84.0,Benign
60.0,-1.0,0.0,0.0,-8.0,0.0,178.0,15.0,82.0,Benign
60.0,-2.0,0.0,0.0,0.0,-1.0,178.0,11.0,84.0,Benign
60.0,-2.0,0.0,0.0,-1.0,-1.0,178.0,18.0,83.0,Benign
60.0,-2.0,0.0,0.0,-1.0,-1.0,178.0,17.0,86.0,Benign
60.0,-2.0,0.0,0.0,-1.0,-1.0,178.0,30.0,77.0,Benign
60.0,-1.0,1.0,0.0,0.0,-1.0,179.0,30.0,77.0,Benign
60.0,0.0,0.0,0.0,0.0,0.0,179.0,30.0,77.0,Benign
60.0,4.0,1.0,0.0,2.0,-1.0,178.0,30.0,77.0,Benign
60.0,4.0,1.0,0.0,0.0,0.0,178.0,8.0,80.0,Benign
60.0,2.0,1.0,0.0,0.0,0.0,178.0,6.0,82.0,Benign
60.0,1.0,0.0,0.0,-1.0,-1.0,178.0,5.0,82.0,Benign
60.0,0.0,0.0,0.0,0.0,-1.0,178.0,5.0,81.0,Benign
60.0,0.0,0.0,0.0,0.0,-1.0,178.0,4.0,81.0,Benign
60.0,0.0,0.0,0.0,0.0,0.0,-158.0,4.0,81.0,Benign
60.0,0.0,0.0,0.0,0.0,0.0,-134.0,6.0,81.0,Benign
60.0,0.0,0.0,0.0,1.0,0.0,-103.0,8.0,81.0,Benign
60.0,0.0,0.0,0.0,0.0,0.0,-72.0,9.0,82.0,Benign
60.0,0.0,0.0,0.0,0.0,1.0,-36.0,16.0,81.0,Benign
60.0,0.0,0.0,0.0,0.0,1.0,-11.0,18.0,80.0,Benign
60.0,0.0,0.0,0.0,0.0,1.0,-3.0,17.0,80.0,Benign
60.0,0.0,0.0,0.0,0.0,0.0,-3.0,-200.0,-200.0,Benign
60.0,0.0,0.0,0.0,0.0,0.0,-3.0,-200.0,-200.0,Benign
40.0,0.0,0.0,4.0,0.0,0.0,-3.0,-200.0,-200.0,Benign
20.0,0.0,0.0,4.0,0.0,0.0,-3.0,-200.0,-200.0,Benign
0.0,0.0,0.0,4.0,0.0,0.0,-3.0,-200.0,-200.0,Benign
-10.0,-1.0,0.0,0.0,-1.0,0.0,-2.0,-200.0,-200.0,Benign
-10.0,-1.0,0.0,0.0,-1.0,0.0,-3.0,-200.0,-200.0,Benign
70.0,0.0,0.0,0.0,-1.0,0.0,0.0,-11.0,85.0,Benign
70.0,0.0,0.0,0.0,0.0,0.0,0.0,-12.0,85.0,Benign
70.0,0.0,0.0,0.0,-1.0,0.0,0.0,-11.0,85.0,Benign
70.0,0.0,0.0,0.0,-2.0,-1.0,0.0,-11.0,85.0,Benign
70.0,0.0,0.0,0.0,-1.0,0.0,0.0,-13.0,84.0,Benign
70.0,0.0,-1.0,0.0,-1.0,0.0,0.0,-9.0,84.0,Benign
60.0,0.0,0.0,0.0,1.0,-1.0,0.0,-5.0,84.0,Benign
60.0,0.0,0.0,0.0,0.0,0.0,0.0,-5.0,83.0,Benign
70.0,0.0,0.0,0.0,-1.0,0.0,0.0,-5.0,84.0,Benign
70.0,0.0,0.0,0.0,-1.0,-1.0,0.0,-10.0,84.0,Benign
70.0,0.0,0.0,0.0,-1.0,0.0,0.0,-13.0,85.0,Benign
70.0,0.0,0.0,0.0,-1.0,0.0,0.0,-16.0,85.0,Benign
70.0,0.0,0.0,0.0,-1.0,0.0,0.0,-16.0,84.0,Benign
70.0,0.0,0.0,0.0,-1.0,0.0,0.0,-18.0,84.0,Benign
70.0,0.0,0.0,0.0,-1.0,0.0,0.0,-20.0,84.0,Benign
70.0,0.0,0.0,0.0,-1.0,0.0,0.0,-20.0,84.0,Benign
70.0,0.0,0.0,-1.0,-1.0,-1.0,0.0,-21.0,89.0,Benign
80.0,0.0,0.0,-1.0,-1.0,-1.0,0.0,-17.0,99.0,Benign
90.0,0.0,0.0,-1.0,0.0,-1.0,0.0,-11.0,111.0,Benign
100.0,0.0,0.0,0.0,0.0,-1.0,0.0,-16.0,116.0,Benign
90.0,0.0,0.0,1.0,-1.0,0.0,0.0,-14.0,113.0,Benign
80.0,0.0,0.0,1.0,0.0,0.0,0.0,-14.0,105.0,Benign
80.0,0.0,0.0,1.0,0.0,0.0,0.0,-19.0,99.0,Benign
70.0,0.0,0.0,1.0,-1.0,0.0,0.0,-20.0,92.0,Benign
70.0,0.0,0.0,0.0,0.0,0.0,0.0,-22.0,86.0,Benign
70.0,1.0,-1.0,0.0,-1.0,-1.0,0.0,-3.0,89.0,Benign
70.0,0.0,-1.0,0.0,-1.0,-1.0,0.0,-18.0,85.0,Benign
70.0,0.0,-1.0,0.0,0.0,-1.0,0.0,-11.0,83.0,Benign
60.0,0.0,-1.0,0.0,0.0,0.0,0.0,-7.0,83.0,Benign
60.0,0.0,-1.0,0.0,0.0,0.0,0.0,-7.0,82.0,Benign
60.0,1.0,0.0,0.0,-8.0,0.0,0.0,-7.0,82.0,Benign
70.0,3.0,0.0,0.0,0.0,0.0,0.0,-16.0,81.0,Benign
70.0,2.0,0.0,0.0,-1.0,-2.0,0.0,-14.0,88.0,Benign
60.0,2.0,0.0,0.0,-1.0,-2.0,0.0,-21.0,81.0,Benign
70.0,2.0,-1.0,0.0,0.0,-2.0,0.0,10.0,80.0,Benign
70.0,1.0,-1.0,0.0,0.0,-1.0,0.0,10.0,78.0,Benign
70.0,0.0,0.0,0.0,0.0,1.0,0.0,2.0,80.0,Benign
60.0,1.0,0.0,0.0,-4.0,0.0,0.0,3.0,80.0,Benign
60.0,1.0,0.0,0.0,0.0,-1.0,0.0,6.0,80.0,Benign
60.0,1.0,0.0,0.0,0.0,-1.0,0.0,7.0,81.0,Benign
60.0,0.0,0.0,0.0,1.0,1.0,0.0,5.0,81.0,Benign
60.0,0.0,0.0,0.0,0.0,0.0,0.0,6.0,81.0,Benign
60.0,0.0,0.0,0.0,0.0,0.0,0.0,9.0,81.0,Benign
60.0,2.0,0.0,0.0,-1.0,0.0,0.0,15.0,81.0,Benign
70.0,2.0,0.0,0.0,-1.0,-2.0,0.0,19.0,81.0,Benign
70.0,2.0,-1.0,0.0,0.0,-2.0,0.0,25.0,77.0,Benign
70.0,0.0,0.0,0.0,0.0,0.0,0.0,22.0,77.0,Benign
60.0,-2.0,0.0,0.0,1.0,0.0,0.0,24.0,76.0,Benign
60.0,-2.0,0.0,0.0,0.0,-1.0,0.0,25.0,77.0,Benign
60.0,0.0,-1.0,0.0,-3.0,3.0,0.0,27.0,77.0,Benign
60.0,0.0,-1.0,0.0,-3.0,-5.0,0.0,19.0,82.0,Benign
60.0,0.0,-1.0,0.0,-1.0,-1.0,0.0,24.0,78.0,Benign
60.0,0.0,-1.0,0.0,0.0,0.0,0.0,16.0,79.0,Benign
60.0,0.0,-1.0,0.0,0.0,-1.0,0.0,8.0,79.0,Benign
60.0,0.0,-1.0,0.0,0.0,0.0,0.0,7.0,79.0,Benign
60.0,0.0,0.0,0.0,0.0,0.0,0.0,6.0,80.0,Benign
60.0,3.0,0.0,0.0,-8.0,0.0,0.0,4.0,80.0,Benign
60.0,3.0,0.0,0.0,0.0,0.0,0.0,13.0,78.0,Benign
60.0,2.0,0.0,0.0,-1.0,-1.0,0.0,20.0,75.0,Benign
60.0,2.0,0.0,0.0,-1.0,-1.0,0.0,21.0,75.0,Benign
60.0,2.0,0.0,0.0,-1.0,-1.0,0.0,-26.0,71.0,Benign
60.0,2.0,0.0,0.0,-1.0,-1.0,0.0,-28.0,73.0,Benign
60.0,1.0,-1.0,0.0,2.0,1.0,0.0,-28.0,73.0,Benign
60.0,0.0,0.0,0.0,-2.0,-3.0,0.0,-28.0,73.0,Benign
60.0,1.0,-1.0,0.0,-1.0,0.0,0.0,-13.0,77.0,Benign
70.0,0.0,-1.0,0.0,0.0,0.0,0.0,-12.0,79.0,Benign
70.0,0.0,-1.0,0.0,0.0,0.0,0.0,-7.0,82.0,Benign
70.0,0.0,0.0,0.0,0.0,0.0,0.0,-7.0,82.0,Benign
70.0,0.0,0.0,0.0,0.0,0.0,0.0,-7.0,82.0,Benign
70.0,0.0,0.0,0.0,0.0,-1.0,0.0,-7.0,82.0,Benign
70.0,2.0,0.0,0.0,-5.0,0.0,0.0,0.0,82.0,Benign
70.0,2.0,0.0,0.0,-1.0,0.0,0.0,0.0,82.0,Benign
70.0,2.0,0.0,0.0,-1.0,0.0,0.0,0.0,82.0,Benign
70.0,1.0,-1.0,0.0,0.0,-1.0,0.0,0.0,82.0,Benign
70.0,0.0,0.0,0.0,0.0,0.0,0.0,0.0,82.0,Benign
70.0,-2.0,0.0,0.0,2.0,0.0,0.0,0.0,82.0,Benign
70.0,-2.0,0.0,0.0,0.0,0.0,0.0,0.0,82.0,Benign
70.0,-1.0,0.0,0.0,-4.0,0.0,0.0,0.0,82.0,Benign
70.0,0.0,0.0,0.0,0.0,0.0,0.0,-5.0,83.0,Benign
70.0,1.0,0.0,0.0,-1.0,0.0,0.0,-16.0,81.0,Benign
70.0,1.0,0.0,0.0,0.0,0.0,0.0,-16.0,81.0,Benign
60.0,0.0,0.0,0.0,-6.0,0.0,0.0,-16.0,81.0,Benign
60.0,3.0,0.0,0.0,1.0,0.0,0.0,-5.0,80.0,Benign
60.0,2.0,0.0,0.0,0.0,0.0,0.0,-5.0,80.0,Benign
60.0,2.0,0.0,0.0,-1.0,0.0,0.0,-19.0,89.0,Benign
60.0,2.0,0.0,0.0,-1.0,-2.0,0.0,-19.0,89.0,Benign
60.0,1.0,0.0,0.0,3.0,0.0,0.0,-19.0,89.0,Benign
60.0,0.0,0.0,0.0,0.0,0.0,0.0,-2.0,81.0,Benign
70.0,0.0,0.0,0.0,0.0,0.0,0.0,-8.0,82.0,Benign
70.0,0.0,0.0,0.0,0.0,0.0,0.0,-6.0,83.0,Benign
70.0,0.0,0.0,0.0,0.0,0.0,30.0,-8.0,83.0,Benign
70.0,0.0,0.0,0.0,0.0,0.0,66.0,-9.0,84.0,Benign
60.0,0.0,0.0,0.0,0.0,0.0,96.0,-10.0,82.0,Benign
60.0,0.0,0.0,0.0,0.0,0.0,126.0,-13.0,80.0,Benign
60.0,0.0,0.0,0.0,0.0,0.0,163.0,-19.0,80.0,Benign
70.0,0.0,0.0,0.0,0.0,0.0,176.0,-19.0,80.0,Benign
70.0,0.0,0.0,0.0,0.0,0.0,178.0,-18.0,81.0,Benign
70.0,0.0,0.0,0.0,0.0,0.0,178.0,-16.0,81.0,Benign
70.0,0.0,0.0,0.0,0.0,0.0,178.0,-16.0,82.0,Benign
70.0,0.0,0.0,-1.0,0.0,0.0,178.0,-13.0,86.0,Benign
80.0,0.0,0.0,-2.0,0.0,0.0,178.0,-12.0,94.0,Benign
90.0,0.0,0.0,-1.0,0.0,0.0,178.0,-13.0,107.0,Benign
100.0,0.0,0.0,0.0,0.0,0.0,178.0,-15.0,113.0,Benign
100.0,0.0,0.0,1.0,0.0,0.0,178.0,-15.0,116.0,Benign
90.0,0.0,0.0,2.0,0.0,0.0,178.0,-17.0,108.0,Benign
80.0,0.0,0.0,1.0,0.0,0.0,178.0,-13.0,96.0,Benign
70.0,0.0,0.0,1.0,0.0,0.0,178.0,-14.0,88.0,Benign
60.0,0.0,0.0,0.0,0.0,0.0,178.0,-14.0,81.0,Benign
70.0,0.0,-1.0,0.0,0.0,0.0,178.0,-9.0,82.0,Benign
70.0,0.0,0.0,0.0,0.0,-2.0,178.0,-7.0,82.0,Benign
70.0,-4.0,0.0,0.0,-7.0,0.0,178.0,-3.0,82.0,Benign
70.0,-2.0,0.0,0.0,0.0,0.0,178.0,0.0,82.0,Benign
70.0,-2.0,0.0,0.0,-1.0,0.0,178.0,0.0,82.0,Benign
60.0,-2.0,0.0,0.0,-1.0,0.0,178.0,0.0,82.0,Benign
70.0,-2.0,0.0,0.0,-1.0,0.0,178.0,0.0,82.0,Benign
70.0,0.0,0.0,0.0,0.0,0.0,178.0,0.0,82.0,Benign
70.0,4.0,0.0,0.0,2.0,0.0,178.0,-18.0,79.0,Benign
70.0,4.0,0.0,0.0,0.0,0.0,178.0,-18.0,79.0,Benign
70.0,2.0,0.0,0.0,-2.0,0.0,178.0,-18.0,79.0,Benign
60.0,1.0,0.0,0.0,-1.0,0.0,178.0,-7.0,83.0,Benign
60.0,0.0,0.0,0.0,0.0,0.0,178.0,-9.0,81.0,Benign
60.0,0.0,0.0,0.0,0.0,0.0,178.0,-8.0,81.0,Benign
60.0,0.0,1.0,0.0,0.0,-5.0,178.0,-8.0,81.0,Benign
60.0,0.0,2.0,0.0,0.0,0.0,178.0,-23.0,81.0,Benign
60.0,0.0,2.0,0.0,0.0,0.0,178.0,-23.0,81.0,Benign
60.0,0.0,0.0,0.0,0.0,2.0,178.0,-23.0,81.0,Benign
60.0,0.0,-1.0,0.0,0.0,6.0,178.0,-23.0,81.0,Benign
70.0,0.0,-2.0,0.0,0.0,0.0,178.0,-23.0,81.0,Benign
60.0,0.0,-2.0,0.0,0.0,0.0,178.0,-17.0,83.0,Benign
60.0,0.0,0.0,0.0,0.0,0.0,178.0,-5.0,80.0,Benign
60.0,1.0,0.0,0.0,-1.0,0.0,178.0,-3.0,81.0,Benign
70.0,0.0,0.0,0.0,-2.0,0.0,178.0,-3.0,83.0,Benign
70.0,-4.0,0.0,0.0,0.0,0.0,178.0,-5.0,83.0,Benign
70.0,-2.0,0.0,0.0,-1.0,0.0,178.0,3.0,79.0,Benign
60.0,-2.0,0.0,0.0,-1.0,0.0,178.0,3.0,79.0,Benign
60.0,-2.0,0.0,0.0,-2.0,0.0,178.0,-11.0,80.0,Benign
60.0,-2.0,0.0,0.0,-1.0,0.0,178.0,-11.0,80.0,Benign
60.0,0.0,0.0,0.0,0.0,0.0,178.0,-12.0,77.0,Benign
60.0,0.0,0.0,0.0,0.0,2.0,178.0,-14.0,77.0,Benign
60.0,0.0,-1.0,0.0,-2.0,0.0,178.0,-9.0,79.0,Benign
60.0,0.0,0.0,0.0,0.0,-2.0,178.0,-4.0,80.0,Benign
70.0,0.0,0.0,0.0,0.0,0.0,178.0,-4.0,83.0,Benign
70.0,0.0,0.0,0.0,-1.0,0.0,178.0,-6.0,82.0,Benign
60.0,-4.0,0.0,0.0,-6.0,0.0,178.0,-4.0,81.0,Benign
70.0,-3.0,0.0,0.0,0.0,0.0,178.0,-2.0,81.0,Benign
70.0,-2.0,0.0,0.0,-1.0,0.0,178.0,0.0,79.0,Benign
60.0,-2.0,0.0,0.0,-1.0,0.0,178.0,0.0,79.0,Benign
60.0,-2.0,0.0,0.0,-1.0,0.0,178.0,0.0,78.0,Benign
70.0,0.0,0.0,0.0,1.0,0.0,178.0,2.0,83.0,Benign
70.0,0.0,0.0,0.0,-3.0,0.0,178.0,4.0,83.0,Benign
70.0,0.0,0.0,0.0,-1.0,0.0,178.0,3.0,83.0,Benign
60.0,0.0,0.0,0.0,0.0,0.0,-178.0,3.0,81.0,Benign
60.0,0.0,0.0,0.0,0.0,0.0,-148.0,3.0,80.0,Benign
60.0,0.0,0.0,0.0,0.0,0.0,-119.0,4.0,80.0,Benign
60.0,0.0,0.0,0.0,0.0,0.0,-83.0,3.0,81.0,Benign
70.0,0.0,0.0,0.0,0.0,0.0,-54.0,1.0,82.0,Benign
70.0,0.0,0.0,0.0,0.0,0.0,-19.0,0.0,82.0,Benign
70.0,0.0,0.0,0.0,0.0,0.0,-6.0,0.0,82.0,Benign
60.0,0.0,0.0,0.0,0.0,0.0,-3.0,-1.0,81.0,Benign
60.0,0.0,0.0,0.0,0.0,0.0,-3.0,-200.0,-200.0,Benign
60.0,0.0,0.0,2.0,0.0,0.0,-3.0,-200.0,-200.0,Benign
40.0,0.0,0.0,4.0,0.0,0.0,-3.0,-200.0,-200.0,Benign
10.0,0.0,0.0,4.0,0.0,0.0,-3.0,-200.0,-200.0,Benign
0.0,0.0,0.0,3.0,0.0,0.0,-3.0,-200.0,-200.0,Benign
70.0,0.0,0.0,0.0,-1.0,0.0,0.0,-3.0,79.0,Benign
80.0,0.0,0.0,0.0,-1.0,0.0,0.0,-2.0,82.0,Benign
80.0,0.0,0.0,0.0,-1.0,0.0,0.0,0.0,84.0,Benign
80.0,0.0,0.0,0.0,-1.0,0.0,0.0,-3.0,84.0,Benign
80.0,0.0,0.0,0.0,-1.0,0.0,0.0,-3.0,84.0,Benign
80.0,0.0,0.0,0.0,-1.0,0.0,0.0,-3.0,84.0,Benign
80.0,0.0,0.0,0.0,-1.0,0.0,0.0,-3.0,84.0,Benign
80.0,1.0,0.0,0.0,-2.0,0.0,0.0,-3.0,85.0,Benign
80.0,1.0,0.0,0.0,-1.0,0.0,0.0,-6.0,84.0,Benign
80.0,0.0,0.0,0.0,0.0,0.0,0.0,-5.0,84.0,Benign
80.0,0.0,0.0,0.0,-1.0,0.0,0.0,-6.0,84.0,Benign
80.0,0.0,0.0,0.0,-1.0,0.0,0.0,-8.0,84.0,Benign
80.0,0.0,0.0,0.0,-1.0,0.0,0.0,-12.0,85.0,Benign
80.0,0.0,0.0,0.0,-1.0,0.0,0.0,-14.0,85.0,Benign
80.0,0.0,0.0,0.0,-1.0,0.0,0.0,-14.0,85.0,Benign
80.0,0.0,0.0,-1.0,-1.0,0.0,0.0,-15.0,89.0,Benign
90.0,0.0,0.0,-2.0,-1.0,0.0,0.0,-12.0,99.0,Benign
100.0,0.0,0.0,-1.0,-1.0,0.0,0.0,-12.0,110.0,Benign
110.0,0.0,0.0,0.0,-1.0,0.0,0.0,-2.0,122.0,Benign
110.0,0.0,0.0,2.0,-2.0,0.0,0.0,-7.0,120.0,Benign
90.0,1.0,0.0,2.0,-1.0,-1.0,0.0,-14.0,105.0,Benign
80.0,1.0,0.0,1.0,-1.0,-1.0,0.0,-22.0,94.0,Benign
80.0,0.0,-1.0,0.0,-1.0,-1.0,0.0,-23.0,88.0,Benign
70.0,0.0,-1.0,0.0,-2.0,-1.0,0.0,-20.0,83.0,Benign
70.0,0.0,-1.0,0.0,1.0,-1.0,0.0,-14.0,81.0,Benign
70.0,0.0,0.0,0.0,-7.0,0.0,0.0,-10.0,81.0,Benign
70.0,4.0,0.0,0.0,0.0,0.0,0.0,-13.0,82.0,Benign
70.0,2.0,0.0,0.0,-1.0,-1.0,0.0,-19.0,80.0,Benign
70.0,2.0,0.0,0.0,-2.0,-1.0,0.0,-15.0,85.0,Benign
70.0,2.0,0.0,0.0,-2.0,-1.0,0.0,-17.0,85.0,Benign
70.0,2.0,0.0,0.0,-1.0,-1.0,0.0,-34.0,69.0,Benign
70.0,2.0,-1.0,0.0,-1.0,-1.0,0.0,-10.0,72.0,Benign
70.0,1.0,-1.0,0.0,-1.0,-1.0,0.0,4.0,76.0,Benign
70.0,0.0,0.0,0.0,-1.0,0.0,0.0,1.0,75.0,Benign
70.0,2.0,0.0,0.0,-3.0,0.0,0.0,-10.0,75.0,Benign
70.0,2.0,0.0,0.0,-1.0,-1.0,0.0,10.0,77.0,Benign
70.0,1.0,0.0,0.0,0.0,-1.0,0.0,11.0,76.0,Benign
70.0,1.0,0.0,0.0,-1.0,-1.0,0.0,10.0,77.0,Benign
70.0,0.0,-1.0,0.0,-1.0,0.0,0.0,9.0,78.0,Benign
70.0,0.0,0.0,0.0,-3.0,0.0,0.0,9.0,79.0,Benign
70.0,0.0,0.0,0.0,0.0,-1.0,0.0,7.0,80.0,Benign
70.0,0.0,0.0,0.0,-1.0,0.0,0.0,7.0,80.0,Benign
70.0,0.0,0.0,0.0,-1.0,0.0,0.0,10.0,80.0,Benign
70.0,0.0,0.0,0.0,-1.0,-1.0,0.0,14.0,80.0,Benign
80.0,0.0,0.0,-1.0,-1.0,0.0,0.0,17.0,89.0,Benign
90.0,0.0,0.0,-1.0,0.0,0.0,0.0,15.0,99.0,Benign
100.0,0.0,0.0,-1.0,-1.0,-1.0,0.0,15.0,107.0,Benign
110.0,0.0,0.0,0.0,0.0,0.0,0.0,18.0,112.0,Benign
100.0,0.0,0.0,1.0,0.0,0.0,0.0,12.0,112.0,Benign
90.0,0.0,0.0,1.0,-1.0,-1.0,0.0,21.0,101.0,Benign
80.0,0.0,0.0,1.0,0.0,-1.0,0.0,23.0,92.0,Benign
80.0,0.0,0.0,0.0,0.0,-1.0,0.0,24.0,83.0,Benign
70.0,0.0,0.0,0.0,0.0,-1.0,0.0,26.0,80.0,Benign
70.0,0.0,-2.0,0.0,-1.0,-2.0,0.0,25.0,80.0,Benign
70.0,0.0,-1.0,0.0,0.0,0.0,0.0,19.0,80.0,Benign
70.0,0.0,-1.0,0.0,0.0,-1.0,0.0,11.0,81.0,Benign
70.0,0.0,-1.0,0.0,0.0,0.0,0.0,8.0,81.0,Benign
70.0,0.0,0.0,0.0,0.0,1.0,0.0,5.0,81.0,Benign
70.0,3.0,0.0,0.0,-8.0,0.0,0.0,8.0,81.0,Benign
70.0,3.0,0.0,0.0,0.0,-1.0,0.0,15.0,80.0,Benign
70.0,2.0,0.0,0.0,-1.0,-1.0,0.0,20.0,78.0,Benign
70.0,2.0,0.0,0.0,-1.0,-1.0,0.0,20.0,78.0,Benign
70.0,2.0,-1.0,0.0,-1.0,-1.0,0.0,20.0,78.0,Benign
70.0,1.0,-1.0,0.0,-1.0,-1.0,0.0,20.0,78.0,Benign
70.0,1.0,-1.0,0.0,-1.0,-1.0,0.0,20.0,78.0,Benign
70.0,0.0,0.0,0.0,0.0,0.0,0.0,20.0,78.0,Benign
70.0,-3.0,0.0,0.0,6.0,-1.0,0.0,20.0,78.0,Benign
70.0,-4.0,-1.0,0.0,0.0,-1.0,0.0,20.0,78.0,Benign
70.0,-2.0,0.0,0.0,-2.0,0.0,0.0,9.0,81.0,Benign
70.0,-1.0,0.0,0.0,-1.0,-1.0,0.0,7.0,81.0,Benign
70.0,0.0,0.0,0.0,-1.0,-1.0,0.0,5.0,81.0,Benign
70.0,0.0,0.0,0.0,0.0,-1.0,0.0,5.0,81.0,Benign
70.0,0.0,0.0,0.0,0.0,0.0,0.0,4.0,81.0,Benign
70.0,0.0,0.0,0.0,0.0,0.0,0.0,8.0,82.0,Benign
70.0,0.0,0.0,0.0,-1.0,0.0,0.0,12.0,82.0,Benign
70.0,2.0,0.0,0.0,-1.0,0.0,0.0,14.0,81.0,Benign
70.0,2.0,0.0,0.0,0.0,-3.0,0.0,25.0,76.0,Benign
70.0,0.0,-1.0,0.0,2.0,3.0,0.0,25.0,78.0,Benign
70.0,-1.0,0.0,0.0,4.0,0.0,0.0,25.0,78.0,Benign
70.0,-2.0,0.0,0.0,0.0,-2.0,0.0,25.0,78.0,Benign
70.0,-2.0,-1.0,0.0,0.0,-2.0,0.0,38.0,71.0,Benign
70.0,0.0,0.0,0.0,-3.0,2.0,0.0,27.0,79.0,Benign
70.0,0.0,0.0,0.0,0.0,-3.0,0.0,28.0,80.0,Benign
70.0,0.0,-2.0,0.0,0.0,0.0,0.0,21.0,81.0,Benign
70.0,0.0,-1.0,0.0,0.0,0.0,0.0,14.0,80.0,Benign
70.0,0.0,-1.0,0.0,-1.0,0.0,0.0,7.0,80.0,Benign
70.0,0.0,0.0,0.0,1.0,0.0,0.0,7.0,80.0,Benign
70.0,3.0,0.0,0.0,-8.0,0.0,0.0,5.0,81.0,Benign
70.0,2.0,0.0,0.0,0.0,-1.0,0.0,16.0,77.0,Benign
70.0,2.0,0.0,0.0,-1.0,-2.0,0.0,17.0,79.0,Benign
70.0,2.0,0.0,0.0,-1.0,-2.0,0.0,17.0,79.0,Benign
70.0,1.0,-1.0,0.0,0.0,-2.0,0.0,17.0,79.0,Benign
70.0,1.0,-1.0,0.0,1.0,-2.0,0.0,17.0,79.0,Benign
70.0,0.0,0.0,0.0,0.0,0.0,0.0,-9.0,78.0,Benign
70.0,0.0,0.0,0.0,-2.0,-2.0,0.0,-9.0,78.0,Benign
70.0,1.0,0.0,0.0,0.0,-1.0,0.0,-6.0,83.0,Benign
70.0,0.0,0.0,0.0,0.0,1.0,0.0,-6.0,83.0,Benign
80.0,0.0,0.0,0.0,0.0,0.0,24.0,-8.0,82.0,Benign
70.0,0.0,0.0,0.0,0.0,0.0,60.0,-8.0,82.0,Benign
70.0,0.0,0.0,0.0,0.0,0.0,91.0,-8.0,82.0,Benign
70.0,0.0,0.0,0.0,0.0,0.0,121.0,-8.0,82.0,Benign
70.0,0.0,0.0,0.0,0.0,0.0,152.0,-3.0,85.0,Benign
80.0,0.0,0.0,0.0,0.0,0.0,172.0,-3.0,85.0,Benign
80.0,0.0,0.0,0.0,0.0,0.0,178.0,-3.0,85.0,Benign
80.0,0.0,0.0,0.0,0.0,0.0,178.0,-3.0,85.0,Benign
80.0,0.0,0.0,0.0,0.0,0.0,178.0,-3.0,85.0,Benign
80.0,-1.0,0.0,0.0,-6.0,0.0,178.0,-3.0,85.0,Benign
70.0,-2.0,0.0,0.0,-1.0,0.0,178.0,-3.0,85.0,Benign
70.0,-2.0,0.0,0.0,0.0,0.0,178.0,-3.0,85.0,Benign
70.0,0.0,0.0,0.0,0.0,0.0,178.0,-2.0,82.0,Benign
70.0,2.0,0.0,0.0,1.0,0.0,178.0,-2.0,82.0,Benign
70.0,2.0,0.0,0.0,0.0,0.0,178.0,-2.0,82.0,Benign
70.0,2.0,0.0,0.0,0.0,0.0,178.0,-2.0,82.0,Benign
70.0,0.0,0.0,0.0,-1.0,0.0,178.0,-2.0,82.0,Benign
80.0,-1.0,0.0,0.0,-8.0,0.0,178.0,-2.0,82.0,Benign
80.0,-4.0,0.0,0.0,0.0,0.0,178.0,-2.0,82.0,Benign
80.0,-2.0,0.0,0.0,0.0,0.0,178.0,-2.0,82.0,Benign
70.0,-2.0,0.0,0.0,-1.0,0.0,178.0,-2.0,82.0,Benign
70.0,-2.0,0.0,0.0,-1.0,-1.0,178.0,-100.0,-100.0,Benign
70.0,-1.0,0.0,0.0,1.0,0.0,178.0,2.0,78.0,Benign
70.0,0.0,0.0,0.0,0.0,0.0,178.0,1.0,80.0,Benign
70.0,-1.0,0.0,0.0,-2.0,0.0,178.0,0.0,80.0,Benign
70.0,0.0,0.0,0.0,0.0,0.0,178.0,1.0,81.0,Benign
70.0,0.0,0.0,0.0,0.0,0.0,178.0,-1.0,82.0,Benign
80.0,0.0,0.0,0.0,0.0,0.0,178.0,-3.0,83.0,Benign
80.0,-4.0,0.0,0.0,-6.0,0.0,178.0,-7.0,82.0,Benign
80.0,-2.0,0.0,0.0,0.0,0.0,178.0,-8.0,81.0,Benign
70.0,-2.0,0.0,0.0,-1.0,0.0,178.0,-14.0,77.0,Benign
70.0,-2.0,0.0,0.0,-1.0,0.0,178.0,-14.0,76.0,Benign
70.0,-2.0,0.0,0.0,-1.0,0.0,178.0,-12.0,78.0,Benign
70.0,-2.0,0.0,0.0,-1.0,0.0,178.0,-12.0,78.0,Benign
70.0,0.0,0.0,0.0,2.0,0.0,178.0,0.0,79.0,Benign
70.0,0.0,0.0,0.0,0.0,0.0,178.0,0.0,82.0,Benign
80.0,-2.0,0.0,0.0,-3.0,0.0,178.0,2.0,84.0,Benign
80.0,-2.0,0.0,0.0,0.0,0.0,178.0,0.0,82.0,Benign
70.0,-1.0,0.0,0.0,0.0,0.0,178.0,-1.0,81.0,Benign
70.0,0.0,0.0,0.0,0.0,0.0,178.0,-2.0,81.0,Benign
70.0,0.0,0.0,0.0,0.0,0.0,178.0,-2.0,82.0,Benign
70.0,0.0,0.0,0.0,0.0,0.0,178.0,0.0,82.0,Benign
70.0,0.0,0.0,0.0,-9.0,0.0,178.0,0.0,82.0,Benign
70.0,-3.0,0.0,0.0,0.0,0.0,178.0,-2.0,82.0,Benign
80.0,-2.0,0.0,0.0,-1.0,0.0,178.0,0.0,82.0,Benign
70.0,-2.0,0.0,0.0,-1.0,-1.0,178.0,-2.0,77.0,Benign
70.0,-2.0,0.0,0.0,-1.0,0.0,178.0,-7.0,75.0,Benign
70.0,-2.0,0.0,0.0,-1.0,0.0,178.0,4.0,77.0,Benign
70.0,0.0,0.0,0.0,2.0,0.0,178.0,4.0,77.0,Benign
70.0,1.0,0.0,0.0,8.0,-2.0,178.0,4.0,77.0,Benign
80.0,4.0,0.0,0.0,0.0,0.0,178.0,-7.0,79.0,Benign
80.0,2.0,0.0,0.0,-1.0,0.0,178.0,-4.0,79.0,Benign
70.0,1.0,0.0,0.0,-1.0,0.0,178.0,-1.0,82.0,Benign
70.0,0.0,0.0,0.0,-1.0,0.0,-174.0,0.0,81.0,Benign
70.0,0.0,0.0,0.0,0.0,0.0,-143.0,0.0,82.0,Benign
80.0,0.0,0.0,0.0,0.0,0.0,-112.0,-2.0,84.0,Benign
80.0,0.0,0.0,0.0,0.0,0.0,-81.0,1.0,84.0,Benign
70.0,0.0,0.0,0.0,0.0,0.0,-51.0,2.0,83.0,Benign
70.0,0.0,0.0,0.0,0.0,0.0,-21.0,3.0,82.0,Benign
70.0,0.0,0.0,0.0,0.0,0.0,-6.0,3.0,82.0,Benign
70.0,0.0,0.0,0.0,0.0,0.0,-3.0,-200.0,-200.0,Benign
70.0,0.0,0.0,0.0,0.0,0.0,-3.0,-200.0,-200.0,Benign
70.0,0.0,0.0,3.0,0.0,0.0,-3.0,-200.0,-200.0,Benign
40.0,0.0,0.0,4.0,0.0,0.0,-2.0,-200.0,-200.0,Benign
20.0,0.0,0.0,4.0,0.0,0.0,-3.0,-200.0,-200.0,Benign
70.0,0.0,0.0,0.0,-1.0,0.0,0.0,-4.0,84.0,Benign
70.0,0.0,0.0,0.0,0.0,0.0,0.0,-4.0,84.0,Benign
70.0,0.0,0.0,0.0,0.0,0.0,0.0,-4.0,83.0,Benign
60.0,0.0,0.0,0.0,-4.0,0.0,0.0,-4.0,82.0,Benign
60.0,1.0,0.0,0.0,-1.0,0.0,0.0,-4.0,81.0,Benign
60.0,0.0,0.0,0.0,0.0,0.0,0.0,-2.0,81.0,Benign
60.0,0.0,0.0,0.0,0.0,0.0,0.0,-2.0,82.0,Benign
60.0,0.0,0.0,0.0,0.0,0.0,0.0,-3.0,83.0,Benign
60.0,0.0,0.0,0.0,0.0,0.0,0.0,-4.0,83.0,Benign
60.0,0.0,0.0,0.0,0.0,0.0,0.0,-5.0,84.0,Benign
60.0,4.0,0.0,0.0,0.0,0.0,0.0,-5.0,83.0,Benign
60.0,2.0,0.0,0.0,-1.0,0.0,0.0,-6.0,84.0,Benign
60.0,2.0,0.0,0.0,-1.0,0.0,0.0,-8.0,79.0,Benign
60.0,2.0,0.0,0.0,-1.0,0.0,0.0,0.0,85.0,Benign
60.0,2.0,0.0,0.0,-1.0,0.0,0.0,0.0,86.0,Benign
60.0,2.0,0.0,0.0,2.0,0.0,0.0,-9.0,77.0,Benign
60.0,0.0,0.0,0.0,0.0,0.0,0.0,-11.0,76.0,Benign
60.0,2.0,0.0,0.0,-1.0,0.0,0.0,-10.0,76.0,Benign
60.0,1.0,0.0,0.0,-1.0,0.0,0.0,-6.0,79.0,Benign
60.0,1.0,0.0,0.0,0.0,0.0,0.0,0.0,81.0,Benign
60.0,0.0,0.0,0.0,-1.0,0.0,0.0,0.0,82.0,Benign
60.0,0.0,0.0,0.0,0.0,0.0,0.0,1.0,82.0,Benign
60.0,0.0,0.0,0.0,0.0,0.0,0.0,0.0,83.0,Benign
60.0,0.0,0.0,0.0,-2.0,0.0,0.0,-2.0,84.0,Benign
60.0,3.0,0.0,0.0,-2.0,0.0,0.0,-1.0,84.0,Benign
70.0,2.0,0.0,0.0,-1.0,0.0,0.0,0.0,84.0,Benign
60.0,2.0,0.0,0.0,-1.0,0.0,0.0,0.0,84.0,Benign
60.0,0.0,0.0,0.0,0.0,0.0,0.0,-10.0,76.0,Benign
60.0,-2.0,0.0,0.0,2.0,0.0,0.0,-10.0,76.0,Benign
60.0,-2.0,0.0,0.0,0.0,0.0,0.0,0.0,83.0,Benign
60.0,-2.0,0.0,0.0,-2.0,0.0,0.0,-4.0,79.0,Benign
60.0,0.0,0.0,0.0,-1.0,0.0,0.0,-9.0,77.0,Benign
60.0,1.0,0.0,0.0,-1.0,0.0,0.0,-7.0,77.0,Benign
60.0,1.0,0.0,0.0,0.0,0.0,0.0,-4.0,78.0,Benign
60.0,0.0,0.0,0.0,-8.0,0.0,0.0,-3.0,80.0,Benign
60.0,4.0,0.0,0.0,1.0,0.0,0.0,0.0,81.0,Benign
60.0,2.0,0.0,0.0,-1.0,0.0,0.0,0.0,78.0,Benign
60.0,2.0,0.0,0.0,-1.0,0.0,0.0,-1.0,75.0,Benign
60.0,2.0,0.0,0.0,-1.0,0.0,0.0,-1.0,75.0,Benign
60.0,2.0,0.0,0.0,-1.0,0.0,0.0,-1.0,75.0,Benign
60.0,0.0,0.0,0.0,0.0,0.0,0.0,-1.0,75.0,Benign
60.0,-4.0,0.0,0.0,3.0,0.0,0.0,-1.0,75.0,Benign
60.0,-5.0,0.0,0.0,1.0,0.0,0.0,-1.0,75.0,Benign
60.0,-3.0,0.0,0.0,-1.0,0.0,0.0,-14.0,80.0,Benign
60.0,-1.0,0.0,0.0,-1.0,0.0,0.0,-1.0,83.0,Benign
60.0,0.0,0.0,0.0,-1.0,0.0,0.0,-3.0,82.0,Benign
60.0,0.0,0.0,0.0,0.0,0.0,0.0,-4.0,82.0,Benign
60.0,0.0,0.0,0.0,0.0,0.0,0.0,-3.0,82.0,Benign
60.0,3.0,0.0,0.0,-1.0,0.0,0.0,-3.0,82.0,Benign
60.0,2.0,0.0,0.0,-1.0,0.0,0.0,-4.0,83.0,Benign
60.0,1.0,0.0,0.0,3.0,0.0,0.0,10.0,82.0,Benign
60.0,0.0,0.0,0.0,6.0,0.0,0.0,10.0,82.0,Benign
60.0,-2.0,0.0,0.0,0.0,0.0,0.0,10.0,82.0,Benign
60.0,-2.0,0.0,0.0,0.0,0.0,0.0,10.0,82.0,Benign
60.0,-2.0,0.0,0.0,0.0,0.0,0.0,-1.0,83.0,Benign
60.0,0.0,0.0,0.0,0.0,0.0,0.0,-3.0,83.0,Benign
60.0,0.0,0.0,0.0,-8.0,0.0,0.0,-5.0,82.0,Benign
60.0,4.0,0.0,0.0,1.0,0.0,0.0,-6.0,81.0,Benign
60.0,2.0,0.0,0.0,-1.0,0.0,0.0,-6.0,81.0,Benign
60.0,2.0,0.0,0.0,-1.0,0.0,0.0,-6.0,81.0,Benign
60.0,2.0,0.0,0.0,0.0,0.0,0.0,-6.0,81.0,Benign
60.0,0.0,0.0,0.0,1.0,0.0,0.0,-6.0,81.0,Benign
60.0,-2.0,0.0,0.0,8.0,0.0,0.0,-6.0,81.0,Benign
60.0,-4.0,0.0,0.0,2.0,0.0,0.0,-6.0,81.0,Benign
70.0,-4.0,0.0,0.0,0.0,0.0,0.0,-6.0,81.0,Benign
60.0,-2.0,0.0,0.0,-1.0,0.0,0.0,-7.0,79.0,Benign
60.0,-1.0,0.0,0.0,-1.0,0.0,0.0,-2.0,82.0,Benign
60.0,0.0,0.0,0.0,-1.0,0.0,0.0,-3.0,81.0,Benign
60.0,0.0,0.0,0.0,0.0,0.0,27.0,-5.0,80.0,Benign
60.0,0.0,0.0,0.0,0.0,0.0,57.0,-6.0,80.0,Benign
60.0,0.0,0.0,0.0,0.0,0.0,87.0,-6.0,80.0,Benign
60.0,0.0,0.0,0.0,0.0,0.0,124.0,-5.0,79.0,Benign
60.0,0.0,0.0,0.0,0.0,0.0,154.0,-8.0,78.0,Benign
60.0,0.0,0.0,0.0,0.0,0.0,173.0,0.0,79.0,Benign
60.0,0.0,0.0,0.0,0.0,0.0,177.0,0.0,79.0,Benign
60.0,0.0,0.0,0.0,0.0,0.0,177.0,0.0,79.0,Benign
60.0,0.0,0.0,0.0,0.0,0.0,177.0,-1.0,80.0,Benign
60.0,-4.0,0.0,0.0,-5.0,0.0,177.0,0.0,80.0,Benign
60.0,-2.0,0.0,0.0,0.0,0.0,177.0,-2.0,81.0,Benign
60.0,-2.0,0.0,0.0,-1.0,0.0,177.0,-7.0,78.0,Benign
60.0,-2.0,0.0,0.0,-1.0,0.0,177.0,-4.0,78.0,Benign
60.0,-2.0,0.0,0.0,0.0,0.0,177.0,-7.0,80.0,Benign
60.0,0.0,0.0,0.0,1.0,0.0,177.0,-5.0,79.0,Benign
60.0,0.0,0.0,0.0,-6.0,2.0,177.0,-4.0,82.0,Benign
60.0,-1.0,0.0,0.0,0.0,0.0,177.0,-7.0,82.0,Benign
60.0,-1.0,0.0,0.0,0.0,0.0,177.0,-5.0,83.0,Benign
60.0,-1.0,0.0,0.0,0.0,0.0,177.0,-3.0,82.0,Benign
60.0,0.0,0.0,0.0,0.0,0.0,177.0,-3.0,82.0,Benign
60.0,0.0,0.0,0.0,0.0,0.0,177.0,-4.0,83.0,Benign
60.0,-1.0,0.0,0.0,-9.0,0.0,177.0,-5.0,83.0,Benign
60.0,-3.0,0.0,0.0,1.0,0.0,177.0,-6.0,82.0,Benign
60.0,-2.0,0.0,0.0,0.0,0.0,177.0,-13.0,76.0,Benign
60.0,-2.0,0.0,0.0,-1.0,0.0,177.0,-9.0,77.0,Benign
60.0,-2.0,0.0,0.0,-1.0,0.0,177.0,-4.0,79.0,Benign
60.0,-2.0,0.0,0.0,0.0,0.0,177.0,-4.0,79.0,Benign
60.0,0.0,0.0,0.0,0.0,0.0,177.0,-4.0,79.0,Benign
60.0,4.0,0.0,0.0,4.0,0.0,177.0,-4.0,79.0,Benign
60.0,4.0,0.0,0.0,0.0,0.0,178.0,-16.0,78.0,Benign
60.0,2.0,0.0,0.0,-1.0,0.0,177.0,-11.0,81.0,Benign
60.0,1.0,0.0,0.0,0.0,0.0,177.0,-9.0,82.0,Benign
60.0,0.0,0.0,0.0,0.0,0.0,177.0,-5.0,83.0,Benign
60.0,0.0,0.0,0.0,0.0,0.0,177.0,-5.0,83.0,Benign
60.0,0.0,0.0,0.0,0.0,0.0,177.0,-4.0,84.0,Benign
70.0,0.0,0.0,0.0,-5.0,0.0,177.0,-4.0,83.0,Benign
60.0,-4.0,0.0,0.0,1.0,0.0,177.0,-10.0,81.0,Benign
60.0,-2.0,0.0,0.0,0.0,0.0,177.0,-2.0,82.0,Benign
60.0,-2.0,0.0,0.0,-1.0,0.0,177.0,-2.0,82.0,Benign
60.0,-2.0,0.0,0.0,-1.0,0.0,177.0,-2.0,82.0,Benign
60.0,0.0,0.0,0.0,0.0,0.0,177.0,-2.0,82.0,Benign
70.0,3.0,0.0,-1.0,4.0,0.0,177.0,-2.0,82.0,Benign
80.0,5.0,0.0,0.0,1.0,0.0,177.0,-2.0,82.0,Benign
80.0,4.0,0.0,1.0,-1.0,0.0,178.0,-4.0,96.0,Benign
70.0,2.0,0.0,1.0,0.0,0.0,178.0,-11.0,87.0,Benign
60.0,1.0,0.0,0.0,0.0,0.0,177.0,-9.0,82.0,Benign
60.0,1.0,0.0,0.0,0.0,0.0,177.0,-9.0,80.0,Benign
60.0,0.0,0.0,0.0,-2.0,1.0,177.0,-6.0,79.0,Benign
60.0,0.0,0.0,0.0,0.0,0.0,-168.0,-6.0,78.0,Benign
50.0,0.0,0.0,0.0,0.0,0.0,-138.0,-8.0,78.0,Benign
50.0,0.0,0.0,0.0,0.0,0.0,-107.0,-9.0,76.0,Benign
50.0,0.0,0.0,0.0,0.0,1.0,-77.0,-9.0,76.0,Benign
50.0,0.0,0.0,0.0,0.0,0.0,-47.0,-5.0,77.0,Benign
50.0,0.0,0.0,0.0,0.0,0.0,-14.0,-2.0,77.0,Benign
50.0,0.0,0.0,0.0,0.0,0.0,-5.0,-1.0,78.0,Benign
60.0,0.0,0.0,0.0,0.0,0.0,-4.0,-200.0,-200.0,Benign
50.0,0.0,0.0,0.0,0.0,0.0,-3.0,-200.0,-200.0,Benign
50.0,0.0,0.0,2.0,0.0,0.0,-3.0,-200.0,-200.0,Benign
20.0,0.0,0.0,4.0,0.0,0.0,-3.0,-200.0,-200.0,Benign
0.0,0.0,0.0,4.0,0.0,0.0,-3.0,-200.0,-200.0,Benign
-10.0,0.0,0.0,2.0,0.0,0.0,-3.0,-200.0,-200.0,Benign
-10.0,0.0,0.0,0.0,0.0,1.0,-5.0,-200.0,-200.0,Benign
80.0,0.0,0.0,0.0,0.0,0.0,0.0,-3.0,84.0,Benign
80.0,0.0,0.0,0.0,0.0,0.0,0.0,-4.0,84.0,Benign
80.0,0.0,0.0,0.0,0.0,0.0,0.0,-4.0,85.0,Benign
80.0,0.0,0.0,0.0,0.0,0.0,0.0,-5.0,84.0,Benign
80.0,0.0,0.0,0.0,0.0,0.0,0.0,-6.0,85.0,Benign
80.0,0.0,0.0,0.0,0.0,-1.0,0.0,-7.0,85.0,Benign
80.0,0.0,0.0,0.0,0.0,0.0,0.0,-7.0,85.0,Benign
80.0,0.0,0.0,0.0,0.0,0.0,0.0,-7.0,84.0,Benign
80.0,0.0,0.0,0.0,0.0,0.0,0.0,-8.0,84.0,Benign
80.0,0.0,0.0,0.0,0.0,0.0,0.0,-8.0,84.0,Benign
80.0,0.0,0.0,0.0,0.0,-1.0,0.0,-14.0,85.0,Benign
80.0,0.0,0.0,0.0,0.0,-1.0,0.0,-20.0,84.0,Benign
80.0,0.0,0.0,0.0,0.0,-1.0,0.0,-23.0,84.0,Benign
80.0,0.0,0.0,0.0,0.0,0.0,0.0,-23.0,84.0,Benign
80.0,0.0,0.0,0.0,0.0,-1.0,0.0,-23.0,85.0,Benign
80.0,0.0,0.0,0.0,0.0,-1.0,0.0,-25.0,85.0,Benign
80.0,0.0,0.0,0.0,0.0,-1.0,0.0,-1.0,90.0,Benign
80.0,0.0,0.0,0.0,0.0,-1.0,0.0,-6.0,90.0,Benign
80.0,0.0,0.0,0.0,0.0,-1.0,0.0,-8.0,91.0,Benign
80.0,0.0,0.0,0.0,0.0,-1.0,0.0,-6.0,91.0,Benign
80.0,0.0,0.0,0.0,-6.0,1.0,0.0,-13.0,90.0,Benign
80.0,2.0,0.0,0.0,-1.0,0.0,0.0,-16.0,91.0,Benign
80.0,2.0,0.0,0.0,0.0,-2.0,0.0,-16.0,91.0,Benign
80.0,0.0,0.0,0.0,1.0,1.0,0.0,-16.0,91.0,Benign
80.0,-1.0,0.0,0.0,5.0,0.0,0.0,33.0,63.0,Benign
80.0,-2.0,0.0,0.0,0.0,-2.0,0.0,33.0,63.0,Benign
80.0,-2.0,-1.0,0.0,0.0,-2.0,0.0,33.0,63.0,Benign
80.0,0.0,-1.0,0.0,-1.0,3.0,0.0,33.0,63.0,Benign
80.0,0.0,0.0,0.0,0.0,0.0,0.0,33.0,63.0,Benign
80.0,4.0,-1.0,0.0,-3.0,-2.0,0.0,33.0,63.0,Benign
80.0,4.0,-1.0,0.0,-2.0,-1.0,0.0,33.0,63.0,Benign
80.0,4.0,-2.0,0.0,-3.0,-2.0,0.0,33.0,63.0,Benign
80.0,3.0,-1.0,0.0,0.0,0.0,0.0,12.0,81.0,Benign
80.0,1.0,-1.0,0.0,0.0,0.0,0.0,6.0,81.0,Benign
80.0,0.0,-1.0,0.0,0.0,-1.0,0.0,4.0,81.0,Benign
80.0,0.0,0.0,0.0,0.0,0.0,0.0,4.0,81.0,Benign
80.0,0.0,0.0,0.0,-1.0,-1.0,0.0,3.0,81.0,Benign
80.0,3.0,0.0,0.0,-8.0,0.0,0.0,5.0,82.0,Benign
80.0,2.0,0.0,0.0,-1.0,-1.0,0.0,15.0,81.0,Benign
80.0,2.0,0.0,0.0,-1.0,-1.0,0.0,18.0,78.0,Benign
80.0,2.0,0.0,0.0,-1.0,-1.0,0.0,31.0,77.0,Benign
80.0,2.0,0.0,0.0,-1.0,-1.0,0.0,-13.0,84.0,Benign
80.0,1.0,-1.0,0.0,-1.0,-1.0,0.0,-15.0,82.0,Benign
80.0,1.0,-1.0,0.0,2.0,-2.0,0.0,-14.0,80.0,Benign
80.0,0.0,0.0,0.0,0.0,-1.0,0.0,-8.0,81.0,Benign
80.0,0.0,0.0,0.0,-2.0,-2.0,0.0,-13.0,80.0,Benign
80.0,0.0,0.0,0.0,-1.0,-2.0,0.0,-11.0,81.0,Benign
80.0,1.0,-1.0,0.0,0.0,-1.0,0.0,-8.0,82.0,Benign
80.0,0.0,-1.0,0.0,0.0,0.0,0.0,-5.0,83.0,Benign
80.0,0.0,0.0,0.0,0.0,0.0,0.0,-3.0,83.0,Benign
80.0,0.0,0.0,0.0,-1.0,-1.0,0.0,-7.0,84.0,Benign
80.0,0.0,0.0,0.0,0.0,-1.0,21.0,-8.0,85.0,Benign
80.0,0.0,0.0,0.0,0.0,-1.0,31.0,-9.0,85.0,Benign
80.0,0.0,0.0,0.0,0.0,-1.0,35.0,-13.0,85.0,Benign
80.0,0.0,0.0,0.0,0.0,-1.0,12.0,-13.0,85.0,Benign
80.0,0.0,0.0,0.0,-1.0,0.0,1.0,-13.0,84.0,Benign
80.0,0.0,0.0,0.0,-1.0,0.0,0.0,-12.0,83.0,Benign
80.0,1.0,0.0,0.0,-1.0,0.0,0.0,-10.0,82.0,Benign
80.0,1.0,0.0,0.0,0.0,0.0,0.0,-6.0,81.0,Benign
80.0,0.0,0.0,0.0,-5.0,0.0,0.0,-6.0,81.0,Benign
80.0,3.0,0.0,0.0,1.0,0.0,0.0,-7.0,82.0,Benign
80.0,2.0,0.0,0.0,-1.0,0.0,0.0,-13.0,82.0,Benign
80.0,2.0,0.0,0.0,-1.0,-1.0,0.0,-17.0,81.0,Benign
80.0,2.0,0.0,0.0,-1.0,0.0,0.0,3.0,80.0,Benign
80.0,2.0,0.0,0.0,-1.0,-1.0,0.0,-2.0,82.0,Benign
80.0,1.0,0.0,0.0,3.0,0.0,0.0,1.0,83.0,Benign
80.0,0.0,-1.0,0.0,0.0,2.0,0.0,-2.0,83.0,Benign
80.0,0.0,0.0,0.0,-5.0,0.0,0.0,-1.0,83.0,Benign
80.0,1.0,0.0,0.0,-1.0,0.0,0.0,-5.0,83.0,Benign
80.0,1.0,0.0,0.0,-1.0,-1.0,0.0,-8.0,82.0,Benign
80.0,0.0,0.0,0.0,0.0,0.0,0.0,-8.0,82.0,Benign
80.0,0.0,0.0,0.0,-1.0,1.0,0.0,-8.0,82.0,Benign
80.0,0.0,0.0,0.0,-1.0,0.0,0.0,-12.0,82.0,Benign
80.0,0.0,0.0,0.0,-1.0,-1.0,0.0,-14.0,83.0,Benign
80.0,4.0,0.0,0.0,0.0,0.0,0.0,-19.0,82.0,Benign
80.0,2.0,0.0,0.0,-1.0,0.0,0.0,-26.0,79.0,Benign
80.0,2.0,0.0,0.0,-1.0,-1.0,0.0,-30.0,77.0,Benign
80.0,2.0,0.0,0.0,-1.0,-1.0,0.0,-32.0,77.0,Benign
80.0,2.0,0.0,0.0,-1.0,-1.0,0.0,-27.0,69.0,Benign
80.0,2.0,-1.0,0.0,-1.0,-1.0,0.0,-32.0,69.0,Benign
80.0,0.0,0.0,0.0,0.0,0.0,0.0,-32.0,69.0,Benign
80.0,-3.0,-1.0,0.0,3.0,-2.0,0.0,-32.0,69.0,Benign
80.0,-3.0,-2.0,0.0,-1.0,0.0,0.0,-21.0,79.0,Benign
80.0,-2.0,-1.0,0.0,-1.0,0.0,0.0,-5.0,83.0,Benign
80.0,0.0,-1.0,0.0,-2.0,0.0,0.0,-3.0,83.0,Benign
80.0,0.0,0.0,0.0,0.0,0.0,0.0,-1.0,83.0,Benign
80.0,0.0,0.0,0.0,0.0,0.0,13.0,-4.0,83.0,Benign
80.0,0.0,0.0,0.0,0.0,0.0,37.0,-8.0,83.0,Benign
80.0,0.0,0.0,0.0,0.0,0.0,74.0,-5.0,84.0,Benign
80.0,0.0,0.0,0.0,0.0,0.0,104.0,-18.0,81.0,Benign
80.0,0.0,0.0,0.0,0.0,0.0,135.0,-10.0,84.0,Benign
80.0,0.0,0.0,0.0,0.0,0.0,164.0,-8.0,84.0,Benign
80.0,0.0,0.0,0.0,0.0,0.0,177.0,-12.0,84.0,Benign
80.0,0.0,0.0,0.0,0.0,0.0,178.0,-9.0,84.0,Benign
80.0,0.0,0.0,0.0,0.0,0.0,178.0,-10.0,84.0,Benign
80.0,0.0,0.0,0.0,-8.0,0.0,178.0,-6.0,83.0,Benign
80.0,-3.0,0.0,0.0,1.0,0.0,178.0,-3.0,84.0,Benign
80.0,-2.0,0.0,0.0,-1.0,0.0,178.0,0.0,83.0,Benign
80.0,-2.0,0.0,0.0,-1.0,0.0,178.0,7.0,84.0,Benign
80.0,-2.0,0.0,0.0,-1.0,-1.0,178.0,-17.0,81.0,Benign
80.0,-2.0,0.0,0.0,0.0,0.0,178.0,-15.0,82.0,Benign
80.0,0.0,0.0,0.0,0.0,1.0,178.0,-12.0,81.0,Benign
80.0,0.0,0.0,0.0,1.0,0.0,178.0,-11.0,82.0,Benign
80.0,0.0,0.0,0.0,-1.0,-1.0,178.0,-3.0,84.0,Benign
80.0,0.0,0.0,0.0,0.0,-1.0,178.0,-1.0,84.0,Benign
80.0,0.0,0.0,0.0,-1.0,-1.0,178.0,2.0,84.0,Benign
80.0,-4.0,0.0,0.0,-1.0,-1.0,178.0,8.0,84.0,Benign
80.0,-2.0,0.0,0.0,-1.0,0.0,178.0,13.0,83.0,Benign
80.0,-2.0,0.0,0.0,-1.0,-1.0,178.0,22.0,80.0,Benign
80.0,-2.0,0.0,0.0,0.0,0.0,178.0,24.0,78.0,Benign
80.0,-2.0,1.0,0.0,0.0,-1.0,178.0,-31.0,68.0,Benign
80.0,0.0,0.0,0.0,1.0,1.0,178.0,-15.0,81.0,Benign
80.0,0.0,0.0,0.0,-4.0,-3.0,178.0,-27.0,80.0,Benign
80.0,-1.0,1.0,0.0,0.0,-1.0,178.0,-22.0,74.0,Benign
80.0,-1.0,1.0,0.0,0.0,-1.0,178.0,-9.0,82.0,Benign
80.0,0.0,1.0,0.0,1.0,-1.0,178.0,-3.0,82.0,Benign
80.0,0.0,0.0,0.0,0.0,-1.0,178.0,-4.0,83.0,Benign
80.0,0.0,0.0,0.0,0.0,0.0,178.0,-2.0,81.0,Benign
80.0,0.0,0.0,0.0,0.0,-1.0,178.0,-10.0,80.0,Benign
70.0,0.0,0.0,0.0,-8.0,0.0,178.0,-15.0,78.0,Benign
70.0,-3.0,0.0,0.0,0.0,-1.0,178.0,-19.0,79.0,Benign
70.0,-2.0,0.0,0.0,-1.0,-1.0,178.0,-25.0,76.0,Benign
70.0,-2.0,0.0,0.0,-1.0,0.0,178.0,-25.0,76.0,Benign
80.0,-2.0,0.0,0.0,-1.0,0.0,178.0,-25.0,76.0,Benign
80.0,-2.0,0.0,0.0,-1.0,0.0,178.0,-25.0,76.0,Benign
70.0,-1.0,0.0,0.0,0.0,1.0,178.0,-25.0,76.0,Benign
70.0,0.0,0.0,0.0,0.0,0.0,178.0,4.0,79.0,Benign
80.0,-2.0,0.0,0.0,-2.0,-1.0,178.0,6.0,82.0,Benign
80.0,-2.0,0.0,0.0,0.0,0.0,178.0,8.0,81.0,Benign
80.0,-1.0,0.0,0.0,0.0,-1.0,178.0,5.0,82.0,Benign
80.0,0.0,0.0,0.0,0.0,-1.0,178.0,4.0,82.0,Benign
80.0,0.0,0.0,0.0,0.0,0.0,-179.0,2.0,82.0,Benign
80.0,0.0,0.0,0.0,0.0,0.0,-148.0,2.0,81.0,Benign
70.0,0.0,0.0,0.0,0.0,0.0,-112.0,1.0,80.0,Benign
80.0,0.0,0.0,0.0,0.0,0.0,-75.0,6.0,81.0,Benign
80.0,0.0,0.0,0.0,0.0,0.0,-45.0,7.0,82.0,Benign
80.0,0.0,0.0,0.0,0.0,0.0,-13.0,10.0,84.0,Benign
80.0,0.0,0.0,0.0,0.0,0.0,-4.0,10.0,85.0,Benign
80.0,0.0,0.0,0.0,0.0,0.0,-3.0,-200.0,-200.0,Benign
80.0,0.0,0.0,0.0,0.0,0.0,-3.0,-200.0,-200.0,Benign
70.0,0.0,0.0,3.0,0.0,0.0,-3.0,-200.0,-200.0,Benign
40.0,0.0,0.0,4.0,0.0,0.0,-3.0,-200.0,-200.0,Benign
20.0,0.0,0.0,4.0,0.0,0.0,-2.0,-200.0,-200.0,Benign
0.0,0.0,0.0,2.0,0.0,0.0,-2.0,-200.0,-200.0,Benign
80.0,0.0,0.0,0.0,0.0,0.0,0.0,-2.0,85.0,Benign
80.0,0.0,0.0,0.0,0.0,0.0,0.0,-2.0,85.0,Benign
80.0,0.0,0.0,0.0,0.0,0.0,0.0,-2.0,85.0,Benign
80.0,0.0,0.0,0.0,0.0,0.0,0.0,-1.0,84.0,Benign
80.0,0.0,0.0,0.0,0.0,0.0,0.0,-2.0,84.0,Benign
80.0,0.0,0.0,0.0,0.0,0.0,0.0,-4.0,84.0,Benign
80.0,0.0,0.0,0.0,0.0,0.0,0.0,-3.0,85.0,Benign
80.0,0.0,0.0,0.0,0.0,0.0,0.0,-5.0,85.0,Benign
80.0,0.0,0.0,0.0,0.0,0.0,0.0,-6.0,85.0,Benign
80.0,0.0,0.0,0.0,0.0,0.0,0.0,-7.0,85.0,Benign
80.0,0.0,0.0,0.0,0.0,0.0,0.0,-6.0,85.0,Benign
80.0,0.0,0.0,0.0,0.0,0.0,0.0,-8.0,86.0,Benign
80.0,0.0,0.0,0.0,0.0,0.0,0.0,-9.0,85.0,Benign
80.0,1.0,0.0,0.0,-8.0,0.0,0.0,-8.0,86.0,Benign
80.0,3.0,0.0,0.0,0.0,0.0,0.0,-16.0,86.0,Benign
80.0,2.0,0.0,0.0,-1.0,-1.0,0.0,-20.0,89.0,Benign
80.0,2.0,0.0,0.0,-1.0,-1.0,0.0,8.0,83.0,Benign
80.0,2.0,-1.0,0.0,0.0,-1.0,0.0,11.0,81.0,Benign
80.0,0.0,-1.0,0.0,2.0,-2.0,0.0,9.0,83.0,Benign
80.0,0.0,0.0,0.0,0.0,0.0,0.0,5.0,85.0,Benign
80.0,1.0,0.0,0.0,-1.0,-1.0,0.0,6.0,85.0,Benign
80.0,1.0,0.0,0.0,0.0,-1.0,0.0,6.0,84.0,Benign
70.0,0.0,0.0,0.0,0.0,0.0,0.0,6.0,82.0,Benign
70.0,0.0,0.0,0.0,0.0,0.0,0.0,7.0,82.0,Benign
70.0,0.0,0.0,0.0,0.0,0.0,0.0,10.0,82.0,Benign
80.0,4.0,0.0,0.0,-7.0,0.0,0.0,14.0,83.0,Benign
80.0,2.0,0.0,0.0,0.0,0.0,0.0,17.0,83.0,Benign
80.0,2.0,0.0,0.0,-1.0,-1.0,0.0,26.0,79.0,Benign
80.0,2.0,0.0,0.0,-1.0,-1.0,0.0,-17.0,87.0,Benign
80.0,2.0,0.0,0.0,0.0,-1.0,0.0,-25.0,81.0,Benign
70.0,1.0,-1.0,0.0,0.0,-1.0,0.0,-22.0,80.0,Benign
70.0,0.0,0.0,0.0,0.0,0.0,0.0,-15.0,82.0,Benign
80.0,0.0,-1.0,0.0,0.0,-1.0,0.0,-19.0,82.0,Benign
80.0,0.0,-1.0,0.0,0.0,-1.0,0.0,-14.0,82.0,Benign
70.0,0.0,-1.0,0.0,0.0,0.0,0.0,-10.0,82.0,Benign
70.0,0.0,-1.0,0.0,0.0,0.0,0.0,-8.0,82.0,Benign
70.0,0.0,0.0,0.0,0.0,0.0,0.0,-7.0,82.0,Benign
80.0,0.0,0.0,0.0,0.0,0.0,0.0,-11.0,83.0,Benign
80.0,0.0,0.0,0.0,0.0,0.0,0.0,-14.0,83.0,Benign
80.0,0.0,0.0,-2.0,0.0,0.0,0.0,-17.0,87.0,Benign
100.0,0.0,0.0,-1.0,0.0,0.0,0.0,-19.0,100.0,Benign
110.0,0.0,0.0,-1.0,0.0,0.0,0.0,-17.0,114.0,Benign
110.0,0.0,0.0,0.0,0.0,0.0,0.0,-17.0,119.0,Benign
110.0,0.0,0.0,1.0,0.0,0.0,0.0,-22.0,116.0,Benign
100.0,0.0,0.0,2.0,0.0,0.0,0.0,-19.0,110.0,Benign
90.0,0.0,0.0,1.0,0.0,-1.0,0.0,-23.0,99.0,Benign
80.0,0.0,0.0,1.0,0.0,0.0,0.0,-24.0,88.0,Benign
80.0,0.0,0.0,0.0,0.0,-1.0,0.0,-27.0,83.0,Benign
80.0,0.0,-1.0,0.0,-2.0,-4.0,0.0,-28.0,81.0,Benign
80.0,0.0,-1.0,0.0,0.0,0.0,0.0,-23.0,82.0,Benign
70.0,0.0,-1.0,0.0,0.0,-1.0,0.0,-12.0,82.0,Benign
70.0,0.0,0.0,0.0,0.0,0.0,0.0,-8.0,82.0,Benign
70.0,0.0,0.0,0.0,-1.0,-1.0,0.0,-5.0,81.0,Benign
70.0,0.0,0.0,0.0,0.0,0.0,0.0,-5.0,81.0,Benign
70.0,4.0,0.0,0.0,-2.0,0.0,0.0,-7.0,80.0,Benign
70.0,2.0,0.0,0.0,0.0,-1.0,0.0,-19.0,78.0,Benign
70.0,2.0,0.0,0.0,-1.0,-1.0,0.0,-23.0,80.0,Benign
70.0,2.0,0.0,0.0,-1.0,-1.0,0.0,-40.0,76.0,Benign
70.0,1.0,0.0,0.0,-1.0,-1.0,0.0,-9.0,85.0,Benign
70.0,1.0,-1.0,0.0,-1.0,-1.0,0.0,-8.0,83.0,Benign
70.0,0.0,-1.0,0.0,0.0,4.0,0.0,-4.0,83.0,Benign
70.0,0.0,0.0,0.0,0.0,0.0,0.0,-1.0,83.0,Benign
70.0,1.0,0.0,0.0,0.0,0.0,0.0,-7.0,83.0,Benign
70.0,1.0,0.0,0.0,0.0,-1.0,0.0,-11.0,83.0,Benign
70.0,0.0,0.0,0.0,0.0,-1.0,0.0,-9.0,82.0,Benign
70.0,0.0,0.0,0.0,0.0,0.0,0.0,-8.0,82.0,Benign
70.0,0.0,0.0,0.0,0.0,0.0,6.0,-7.0,83.0,Benign
70.0,0.0,0.0,0.0,0.0,-1.0,37.0,-7.0,84.0,Benign
70.0,0.0,0.0,0.0,0.0,0.0,67.0,-12.0,83.0,Benign
70.0,0.0,0.0,0.0,0.0,0.0,97.0,-14.0,84.0,Benign
70.0,0.0,0.0,0.0,0.0,0.0,127.0,-19.0,83.0,Benign
70.0,0.0,0.0,0.0,0.0,0.0,157.0,-22.0,83.0,Benign
80.0,0.0,0.0,0.0,0.0,0.0,176.0,-21.0,85.0,Benign
80.0,0.0,0.0,0.0,0.0,0.0,179.0,-18.0,85.0,Benign
80.0,0.0,0.0,0.0,0.0,0.0,178.0,-14.0,85.0,Benign
80.0,0.0,0.0,0.0,0.0,0.0,178.0,-13.0,85.0,Benign
80.0,-4.0,0.0,0.0,-1.0,0.0,178.0,-9.0,86.0,Benign
80.0,-2.0,0.0,0.0,0.0,0.0,178.0,-6.0,85.0,Benign
70.0,-2.0,0.0,0.0,0.0,0.0,178.0,4.0,80.0,Benign
70.0,-2.0,0.0,0.0,-1.0,0.0,178.0,-40.0,67.0,Benign
70.0,-1.0,0.0,0.0,0.0,0.0,178.0,-17.0,80.0,Benign
70.0,0.0,1.0,0.0,0.0,-2.0,178.0,-15.0,81.0,Benign
70.0,0.0,0.0,0.0,0.0,0.0,178.0,-15.0,81.0,Benign
70.0,0.0,-1.0,0.0,0.0,-1.0,179.0,-9.0,82.0,Benign
70.0,0.0,0.0,0.0,0.0,0.0,179.0,0.0,81.0,Benign
70.0,0.0,0.0,0.0,0.0,-1.0,179.0,0.0,83.0,Benign
80.0,0.0,0.0,0.0,-8.0,0.0,178.0,6.0,83.0,Benign
80.0,-3.0,0.0,0.0,1.0,-1.0,179.0,18.0,81.0,Benign
80.0,-2.0,0.0,0.0,-1.0,0.0,178.0,22.0,80.0,Benign
80.0,-2.0,0.0,0.0,-1.0,-1.0,179.0,21.0,80.0,Benign
80.0,-2.0,0.0,0.0,-1.0,-1.0,179.0,-44.0,75.0,Benign
70.0,-1.0,1.0,0.0,0.0,-2.0,178.0,-39.0,71.0,Benign
70.0,-1.0,1.0,0.0,0.0,-1.0,179.0,-30.0,77.0,Benign
70.0,0.0,0.0,0.0,0.0,0.0,178.0,-19.0,82.0,Benign
80.0,-1.0,1.0,0.0,-2.0,-2.0,179.0,-32.0,74.0,Benign
70.0,-1.0,1.0,0.0,-1.0,-1.0,178.0,-20.0,82.0,Benign
70.0,-1.0,1.0,0.0,0.0,0.0,178.0,-10.0,82.0,Benign
70.0,0.0,0.0,0.0,-1.0,-1.0,178.0,-8.0,81.0,Benign
70.0,0.0,0.0,0.0,0.0,0.0,178.0,-6.0,81.0,Benign
70.0,0.0,0.0,0.0,0.0,1.0,179.0,-4.0,81.0,Benign
70.0,0.0,0.0,0.0,-1.0,-1.0,179.0,-10.0,81.0,Benign
70.0,0.0,0.0,0.0,0.0,-1.0,179.0,-18.0,81.0,Benign
70.0,-4.0,0.0,0.0,-2.0,-1.0,179.0,-29.0,75.0,Benign
70.0,-2.0,0.0,0.0,0.0,-1.0,178.0,-27.0,80.0,Benign
70.0,-2.0,0.0,0.0,-1.0,-1.0,178.0,-27.0,80.0,Benign
70.0,-2.0,0.0,0.0,-1.0,-1.0,178.0,-27.0,80.0,Benign
70.0,-2.0,0.0,0.0,-1.0,-1.0,178.0,-27.0,80.0,Benign
70.0,-1.0,1.0,0.0,-1.0,-1.0,178.0,-27.0,80.0,Benign
70.0,0.0,0.0,0.0,0.0,0.0,178.0,2.0,80.0,Benign
70.0,0.0,0.0,0.0,0.0,0.0,178.0,4.0,80.0,Benign
70.0,0.0,0.0,0.0,-1.0,-1.0,178.0,-3.0,82.0,Benign
70.0,0.0,0.0,0.0,0.0,-1.0,178.0,-3.0,82.0,Benign
70.0,0.0,0.0,0.0,0.0,0.0,178.0,-3.0,82.0,Benign
70.0,0.0,0.0,0.0,0.0,0.0,179.0,8.0,84.0,Benign
70.0,0.0,0.0,0.0,0.0,0.0,179.0,8.0,84.0,Benign
70.0,0.0,0.0,0.0,0.0,0.0,179.0,8.0,84.0,Benign
70.0,0.0,0.0,0.0,0.0,0.0,179.0,6.0,82.0,Benign
70.0,0.0,0.0,0.0,0.0,0.0,178.0,6.0,82.0,Benign
70.0,0.0,0.0,0.0,0.0,0.0,178.0,13.0,80.0,Benign
70.0,0.0,0.0,0.0,0.0,0.0,178.0,7.0,75.0,Benign
70.0,0.0,0.0,0.0,0.0,0.0,179.0,7.0,80.0,Benign
70.0,0.0,0.0,0.0,0.0,0.0,0.0,-8.0,86.0,Benign
70.0,0.0,0.0,0.0,0.0,0.0,0.0,-10.0,85.0,Benign
70.0,0.0,0.0,0.0,0.0,0.0,0.0,-10.0,84.0,Benign
70.0,0.0,0.0,0.0,0.0,0.0,0.0,-10.0,85.0,Benign
70.0,0.0,0.0,0.0,-1.0,0.0,0.0,-12.0,84.0,Benign
70.0,0.0,0.0,0.0,-2.0,-1.0,0.0,-12.0,84.0,Benign
70.0,1.0,-1.0,0.0,-1.0,-1.0,0.0,-9.0,84.0,Benign
70.0,0.0,0.0,0.0,1.0,0.0,0.0,-5.0,84.0,Benign
70.0,0.0,0.0,0.0,0.0,0.0,0.0,-4.0,83.0,Benign
70.0,0.0,0.0,0.0,0.0,0.0,0.0,-8.0,83.0,Benign
70.0,0.0,0.0,0.0,-1.0,0.0,0.0,-13.0,84.0,Benign
70.0,0.0,0.0,0.0,-1.0,0.0,0.0,-15.0,84.0,Benign
70.0,0.0,0.0,0.0,-1.0,0.0,0.0,-16.0,83.0,Benign
70.0,0.0,0.0,-2.0,-1.0,0.0,0.0,-15.0,91.0,Benign
80.0,0.0,0.0,-2.0,0.0,0.0,0.0,-8.0,103.0,Benign
100.0,0.0,0.0,-1.0,0.0,0.0,0.0,-4.0,117.0,Benign
100.0,0.0,0.0,0.0,0.0,0.0,0.0,0.0,121.0,Benign
100.0,0.0,0.0,1.0,0.0,0.0,0.0,-7.0,122.0,Benign
90.0,0.0,0.0,2.0,0.0,0.0,0.0,-8.0,114.0,Benign
80.0,0.0,0.0,1.0,0.0,0.0,0.0,-14.0,99.0,Benign
70.0,0.0,0.0,1.0,-1.0,0.0,0.0,-18.0,93.0,Benign
70.0,0.0,0.0,0.0,-1.0,0.0,0.0,-23.0,86.0,Benign
70.0,0.0,0.0,0.0,-2.0,-3.0,0.0,-23.0,82.0,Benign
70.0,0.0,-1.0,0.0,-1.0,0.0,0.0,-18.0,83.0,Benign
70.0,0.0,-1.0,0.0,0.0,0.0,0.0,-9.0,82.0,Benign
60.0,0.0,-1.0,0.0,0.0,0.0,0.0,-7.0,81.0,Benign
60.0,0.0,-1.0,0.0,-3.0,0.0,0.0,-5.0,81.0,Benign
60.0,0.0,0.0,0.0,0.0,0.0,0.0,-6.0,81.0,Benign
70.0,4.0,0.0,0.0,0.0,0.0,0.0,-13.0,83.0,Benign
70.0,2.0,0.0,0.0,-1.0,-1.0,0.0,-21.0,85.0,Benign
70.0,2.0,0.0,0.0,-1.0,-1.0,0.0,-21.0,89.0,Benign
60.0,2.0,-1.0,0.0,-1.0,-1.0,0.0,-33.0,69.0,Benign
60.0,1.0,-1.0,0.0,-1.0,-1.0,0.0,10.0,80.0,Benign
60.0,1.0,-1.0,0.0,-1.0,-1.0,0.0,9.0,79.0,Benign
70.0,0.0,0.0,0.0,0.0,1.0,0.0,3.0,79.0,Benign
70.0,1.0,0.0,0.0,-6.0,-1.0,0.0,5.0,79.0,Benign
70.0,2.0,0.0,0.0,0.0,-1.0,0.0,9.0,83.0,Benign
70.0,1.0,0.0,0.0,0.0,-1.0,0.0,9.0,82.0,Benign
60.0,0.0,0.0,0.0,1.0,0.0,0.0,9.0,81.0,Benign
60.0,0.0,-1.0,0.0,0.0,0.0,0.0,8.0,81.0,Benign
60.0,0.0,0.0,0.0,0.0,0.0,0.0,7.0,80.0,Benign
60.0,0.0,0.0,0.0,-1.0,0.0,0.0,6.0,82.0,Benign
70.0,0.0,0.0,0.0,0.0,-5.0,0.0,10.0,83.0,Benign
70.0,0.0,-2.0,0.0,0.0,0.0,0.0,7.0,82.0,Benign
60.0,0.0,-2.0,0.0,0.0,-1.0,0.0,0.0,81.0,Benign
60.0,0.0,-2.0,0.0,0.0,0.0,0.0,-12.0,81.0,Benign
60.0,0.0,0.0,0.0,0.0,0.0,0.0,-20.0,81.0,Benign
60.0,0.0,2.0,0.0,0.0,0.0,0.0,-8.0,80.0,Benign
60.0,0.0,2.0,0.0,0.0,0.0,0.0,1.0,80.0,Benign
60.0,0.0,0.0,0.0,0.0,-2.0,0.0,22.0,77.0,Benign
60.0,0.0,-1.0,0.0,-2.0,-5.0,0.0,25.0,79.0,Benign
70.0,0.0,-1.0,0.0,0.0,-1.0,0.0,20.0,81.0,Benign
70.0,0.0,-1.0,0.0,0.0,0.0,0.0,12.0,81.0,Benign
60.0,0.0,-1.0,0.0,0.0,0.0,0.0,9.0,81.0,Benign
60.0,0.0,-1.0,0.0,0.0,0.0,0.0,5.0,81.0,Benign
60.0,3.0,0.0,0.0,-8.0,0.0,0.0,4.0,82.0,Benign
70.0,2.0,0.0,0.0,0.0,0.0,0.0,14.0,80.0,Benign
70.0,2.0,0.0,0.0,-1.0,-1.0,0.0,22.0,77.0,Benign
60.0,2.0,0.0,0.0,-1.0,-1.0,0.0,23.0,78.0,Benign
60.0,2.0,0.0,0.0,-1.0,-1.0,0.0,43.0,65.0,Benign
60.0,2.0,-1.0,0.0,-1.0,-1.0,0.0,-18.0,79.0,Benign
60.0,1.0,0.0,0.0,3.0,1.0,0.0,-17.0,79.0,Benign
60.0,0.0,-1.0,0.0,-2.0,-2.0,0.0,-15.0,79.0,Benign
70.0,1.0,-1.0,0.0,0.0,0.0,0.0,-10.0,81.0,Benign
70.0,0.0,-1.0,0.0,0.0,0.0,0.0,-7.0,81.0,Benign
70.0,0.0,0.0,0.0,0.0,0.0,0.0,-5.0,81.0,Benign
70.0,0.0,0.0,0.0,0.0,0.0,0.0,-5.0,81.0,Benign
70.0,0.0,0.0,0.0,0.0,0.0,0.0,-7.0,85.0,Benign
70.0,0.0,0.0,-1.0,-1.0,0.0,0.0,-8.0,87.0,Benign
80.0,0.0,0.0,-1.0,0.0,0.0,0.0,-9.0,98.0,Benign
90.0,0.0,0.0,-1.0,0.0,0.0,0.0,-8.0,104.0,Benign
100.0,0.0,0.0,0.0,0.0,0.0,0.0,-9.0,111.0,Benign
100.0,0.0,0.0,0.0,0.0,0.0,0.0,-7.0,114.0,Benign
100.0,0.0,0.0,1.0,0.0,0.0,0.0,-8.0,111.0,Benign
90.0,0.0,0.0,2.0,0.0,0.0,0.0,-10.0,103.0,Benign
80.0,0.0,0.0,1.0,0.0,0.0,0.0,-7.0,94.0,Benign
70.0,0.0,0.0,0.0,0.0,0.0,0.0,-7.0,83.0,Benign
70.0,0.0,0.0,0.0,0.0,-2.0,0.0,-8.0,81.0,Benign
70.0,0.0,0.0,0.0,0.0,1.0,0.0,-5.0,82.0,Benign
70.0,3.0,0.0,0.0,-8.0,0.0,0.0,-5.0,81.0,Benign
70.0,3.0,0.0,0.0,1.0,0.0,0.0,-9.0,82.0,Benign
70.0,2.0,0.0,0.0,0.0,0.0,0.0,-17.0,81.0,Benign
70.0,2.0,0.0,0.0,-1.0,0.0,0.0,-20.0,81.0,Benign
70.0,2.0,0.0,0.0,-1.0,0.0,0.0,-2.0,83.0,Benign
70.0,1.0,0.0,0.0,0.0,0.0,0.0,-6.0,83.0,Benign
70.0,0.0,0.0,0.0,0.0,0.0,0.0,-7.0,85.0,Benign
70.0,1.0,0.0,0.0,0.0,0.0,0.0,-6.0,84.0,Benign
70.0,1.0,0.0,0.0,0.0,0.0,0.0,-5.0,83.0,Benign
70.0,0.0,0.0,0.0,0.0,0.0,20.0,-3.0,82.0,Benign
70.0,0.0,0.0,0.0,0.0,0.0,56.0,-4.0,82.0,Benign
70.0,0.0,0.0,0.0,0.0,0.0,85.0,-5.0,82.0,Benign
70.0,0.0,0.0,0.0,0.0,0.0,113.0,-5.0,82.0,Benign
70.0,0.0,0.0,0.0,0.0,0.0,142.0,-7.0,83.0,Benign
70.0,0.0,0.0,0.0,0.0,0.0,168.0,-10.0,82.0,Benign
60.0,0.0,0.0,0.0,0.0,0.0,176.0,-10.0,82.0,Benign
70.0,0.0,0.0,0.0,0.0,0.0,178.0,-8.0,83.0,Benign
70.0,0.0,0.0,0.0,0.0,0.0,178.0,-9.0,84.0,Benign
70.0,0.0,0.0,0.0,-1.0,0.0,178.0,-14.0,84.0,Benign
70.0,-4.0,0.0,0.0,0.0,0.0,178.0,-7.0,84.0,Benign
70.0,-2.0,0.0,0.0,-1.0,0.0,178.0,-1.0,86.0,Benign
70.0,-2.0,0.0,0.0,-1.0,0.0,178.0,4.0,86.0,Benign
70.0,-2.0,0.0,0.0,-1.0,0.0,178.0,-16.0,81.0,Benign
70.0,-1.0,0.0,0.0,3.0,0.0,178.0,-12.0,81.0,Benign
70.0,0.0,0.0,0.0,0.0,2.0,178.0,-8.0,82.0,Benign
70.0,0.0,0.0,0.0,0.0,0.0,178.0,-5.0,82.0,Benign
70.0,0.0,0.0,0.0,0.0,0.0,178.0,-5.0,80.0,Benign
70.0,0.0,0.0,0.0,0.0,0.0,178.0,-4.0,82.0,Benign
70.0,-2.0,0.0,0.0,-8.0,0.0,178.0,-7.0,80.0,Benign
70.0,-2.0,0.0,0.0,0.0,0.0,178.0,-1.0,81.0,Benign
70.0,-2.0,0.0,0.0,-1.0,0.0,178.0,0.0,81.0,Benign
70.0,-2.0,0.0,0.0,-1.0,0.0,178.0,7.0,79.0,Benign
70.0,-2.0,0.0,0.0,-1.0,0.0,178.0,8.0,78.0,Benign
70.0,-1.0,0.0,0.0,3.0,0.0,178.0,5.0,80.0,Benign
60.0,0.0,0.0,0.0,0.0,0.0,178.0,5.0,79.0,Benign
70.0,0.0,0.0,0.0,0.0,0.0,178.0,4.0,81.0,Benign
70.0,0.0,0.0,0.0,0.0,0.0,178.0,0.0,82.0,Benign
70.0,0.0,0.0,0.0,-7.0,0.0,178.0,7.0,81.0,Benign
70.0,-4.0,0.0,0.0,1.0,0.0,178.0,5.0,81.0,Benign
70.0,-2.0,0.0,0.0,-1.0,0.0,178.0,1.0,80.0,Benign
70.0,-2.0,0.0,0.0,-1.0,0.0,178.0,2.0,78.0,Benign
70.0,-2.0,0.0,0.0,-1.0,0.0,178.0,-3.0,77.0,Benign
70.0,-2.0,0.0,0.0,-1.0,0.0,178.0,-11.0,85.0,Benign
60.0,0.0,0.0,0.0,0.0,0.0,178.0,-13.0,79.0,Benign
60.0,-2.0,0.0,0.0,-2.0,1.0,178.0,-7.0,83.0,Benign
60.0,-1.0,0.0,0.0,0.0,0.0,178.0,-14.0,78.0,Benign
70.0,-1.0,0.0,0.0,-1.0,0.0,178.0,-5.0,81.0,Benign
70.0,0.0,0.0,0.0,0.0,0.0,178.0,-3.0,81.0,Benign
70.0,0.0,0.0,0.0,0.0,0.0,-154.0,-3.0,81.0,Benign
70.0,0.0,0.0,0.0,0.0,0.0,-117.0,-2.0,81.0,Benign
60.0,0.0,0.0,0.0,0.0,0.0,-88.0,-2.0,80.0,Benign
60.0,0.0,0.0,0.0,0.0,0.0,-58.0,-1.0,80.0,Benign
60.0,0.0,0.0,0.0,0.0,0.0,-28.0,0.0,80.0,Benign
60.0,0.0,0.0,0.0,0.0,0.0,-6.0,0.0,80.0,Benign
60.0,0.0,0.0,0.0,0.0,0.0,-3.0,0.0,80.0,Benign
70.0,0.0,0.0,0.0,0.0,0.0,-3.0,-200.0,-200.0,Benign
60.0,0.0,0.0,2.0,0.0,0.0,-3.0,-200.0,-200.0,Benign
40.0,0.0,0.0,4.0,0.0,0.0,-3.0,-200.0,-200.0,Benign
20.0,0.0,0.0,4.0,0.0,0.0,-2.0,-200.0,-200.0,Benign
0.0,0.0,0.0,3.0,0.0,0.0,-3.0,-200.0,-200.0,Benign
0.0,0.0,0.0,0.0,0.0,0.0,-2.0,-200.0,-200.0,Benign
0.0,-1.0,0.0,0.0,0.0,0.0,-2.0,-200.0,-200.0,Benign
70.0,0.0,0.0,0.0,-1.0,0.0,0.0,-8.0,86.0,Benign
70.0,0.0,0.0,0.0,-1.0,0.0,0.0,-11.0,86.0,Benign
70.0,0.0,0.0,0.0,-1.0,0.0,0.0,-14.0,85.0,Benign
70.0,0.0,0.0,0.0,-3.0,-1.0,0.0,-12.0,86.0,Benign
70.0,1.0,0.0,0.0,-1.0,0.0,0.0,-10.0,85.0,Benign
70.0,1.0,0.0,0.0,0.0,0.0,0.0,-7.0,84.0,Benign
70.0,0.0,0.0,0.0,1.0,0.0,0.0,-5.0,84.0,Benign
70.0,0.0,0.0,0.0,0.0,0.0,0.0,-7.0,84.0,Benign
70.0,0.0,0.0,0.0,-1.0,0.0,0.0,-11.0,85.0,Benign
70.0,0.0,0.0,0.0,0.0,0.0,0.0,-14.0,86.0,Benign
70.0,0.0,0.0,0.0,-1.0,0.0,0.0,-19.0,85.0,Benign
70.0,4.0,0.0,0.0,-1.0,0.0,0.0,-19.0,85.0,Benign
70.0,2.0,0.0,0.0,-1.0,0.0,0.0,-19.0,87.0,Benign
70.0,2.0,0.0,0.0,-1.0,-1.0,0.0,-10.0,85.0,Benign
70.0,2.0,0.0,0.0,-1.0,-1.0,0.0,-23.0,93.0,Benign
70.0,2.0,0.0,0.0,-1.0,-1.0,0.0,-38.0,74.0,Benign
70.0,1.0,-1.0,0.0,-1.0,-1.0,0.0,12.0,81.0,Benign
70.0,0.0,0.0,0.0,0.0,0.0,0.0,14.0,81.0,Benign
70.0,2.0,-1.0,0.0,-1.0,-1.0,0.0,18.0,81.0,Benign
70.0,2.0,0.0,0.0,0.0,0.0,0.0,10.0,81.0,Benign
70.0,1.0,0.0,0.0,-1.0,-1.0,0.0,9.0,81.0,Benign
70.0,0.0,0.0,0.0,-1.0,-1.0,0.0,5.0,80.0,Benign
70.0,0.0,0.0,0.0,0.0,0.0,0.0,5.0,80.0,Benign
70.0,0.0,0.0,0.0,0.0,0.0,0.0,5.0,80.0,Benign
70.0,0.0,0.0,0.0,-1.0,0.0,0.0,7.0,80.0,Benign
70.0,0.0,-1.0,0.0,0.0,-4.0,0.0,14.0,80.0,Benign
70.0,0.0,-2.0,0.0,0.0,-1.0,0.0,7.0,81.0,Benign
70.0,0.0,-2.0,0.0,-2.0,0.0,0.0,-1.0,82.0,Benign
70.0,0.0,-1.0,0.0,1.0,0.0,0.0,-11.0,82.0,Benign
70.0,0.0,0.0,0.0,0.0,0.0,0.0,-16.0,80.0,Benign
70.0,0.0,2.0,0.0,0.0,0.0,0.0,-7.0,80.0,Benign
70.0,0.0,2.0,0.0,-2.0,-3.0,0.0,10.0,79.0,Benign
70.0,0.0,0.0,0.0,0.0,-1.0,0.0,21.0,78.0,Benign
70.0,1.0,-1.0,0.0,-2.0,-4.0,0.0,28.0,78.0,Benign
70.0,1.0,-1.0,0.0,0.0,-1.0,0.0,22.0,80.0,Benign
70.0,0.0,-1.0,0.0,0.0,0.0,0.0,12.0,82.0,Benign
70.0,0.0,-1.0,0.0,1.0,-1.0,0.0,8.0,82.0,Benign
70.0,0.0,-1.0,0.0,0.0,-1.0,0.0,7.0,81.0,Benign
70.0,0.0,0.0,0.0,0.0,-1.0,0.0,5.0,81.0,Benign
70.0,0.0,0.0,0.0,-9.0,0.0,0.0,4.0,80.0,Benign
70.0,3.0,0.0,0.0,0.0,0.0,0.0,8.0,81.0,Benign
70.0,2.0,0.0,0.0,-1.0,-1.0,0.0,21.0,77.0,Benign
70.0,2.0,0.0,0.0,-1.0,-1.0,0.0,24.0,78.0,Benign
70.0,2.0,0.0,0.0,-1.0,-1.0,0.0,-11.0,84.0,Benign
70.0,1.0,-1.0,0.0,-1.0,-1.0,0.0,-15.0,80.0,Benign
70.0,1.0,0.0,0.0,1.0,1.0,0.0,-14.0,78.0,Benign
70.0,0.0,0.0,0.0,-3.0,-2.0,0.0,-15.0,78.0,Benign
70.0,1.0,-1.0,0.0,0.0,-1.0,0.0,-14.0,80.0,Benign
70.0,0.0,-1.0,0.0,0.0,-1.0,0.0,-11.0,81.0,Benign
70.0,0.0,-1.0,0.0,0.0,0.0,0.0,-5.0,81.0,Benign
70.0,0.0,0.0,0.0,0.0,1.0,0.0,-5.0,81.0,Benign
70.0,0.0,0.0,0.0,0.0,0.0,0.0,-3.0,82.0,Benign
70.0,0.0,0.0,0.0,-7.0,0.0,0.0,-7.0,80.0,Benign
70.0,3.0,0.0,0.0,0.0,0.0,0.0,-10.0,81.0,Benign
70.0,2.0,0.0,0.0,-1.0,-1.0,0.0,-21.0,77.0,Benign
70.0,2.0,0.0,0.0,-1.0,-1.0,0.0,-24.0,78.0,Benign
70.0,2.0,0.0,0.0,-1.0,0.0,0.0,-24.0,83.0,Benign
70.0,2.0,0.0,0.0,-1.0,-1.0,0.0,-3.0,85.0,Benign
70.0,1.0,0.0,0.0,0.0,1.0,0.0,-5.0,84.0,Benign
70.0,0.0,0.0,0.0,0.0,0.0,0.0,-4.0,82.0,Benign
70.0,1.0,0.0,0.0,-1.0,0.0,0.0,-6.0,82.0,Benign
70.0,1.0,0.0,0.0,0.0,0.0,0.0,-3.0,82.0,Benign
70.0,0.0,0.0,0.0,1.0,0.0,0.0,-5.0,81.0,Benign
70.0,0.0,0.0,0.0,0.0,0.0,22.0,-4.0,81.0,Benign
70.0,0.0,0.0,0.0,0.0,0.0,53.0,-6.0,81.0,Benign
70.0,0.0,0.0,0.0,0.0,0.0,84.0,-7.0,81.0,Benign
70.0,0.0,0.0,0.0,0.0,0.0,114.0,-9.0,82.0,Benign
70.0,0.0,0.0,0.0,0.0,0.0,144.0,-11.0,82.0,Benign
70.0,0.0,0.0,0.0,0.0,0.0,169.0,-14.0,81.0,Benign
70.0,0.0,0.0,0.0,0.0,0.0,177.0,-15.0,81.0,Benign
70.0,0.0,0.0,0.0,0.0,0.0,178.0,-13.0,81.0,Benign
70.0,0.0,0.0,0.0,0.0,0.0,178.0,-12.0,83.0,Benign
70.0,-3.0,0.0,0.0,-7.0,0.0,178.0,-13.0,84.0,Benign
70.0,-2.0,0.0,0.0,0.0,0.0,178.0,-8.0,86.0,Benign
70.0,-2.0,0.0,0.0,0.0,0.0,178.0,-2.0,89.0,Benign
70.0,-2.0,0.0,0.0,0.0,0.0,178.0,-2.0,89.0,Benign
70.0,-2.0,0.0,0.0,1.0,0.0,178.0,-20.0,80.0,Benign
70.0,0.0,0.0,0.0,0.0,0.0,178.0,-19.0,80.0,Benign
70.0,0.0,-1.0,0.0,0.0,0.0,178.0,-16.0,81.0,Benign
70.0,0.0,-1.0,0.0,0.0,0.0,178.0,-8.0,81.0,Benign
70.0,0.0,0.0,0.0,0.0,0.0,178.0,-4.0,81.0,Benign
70.0,0.0,0.0,0.0,0.0,0.0,178.0,-3.0,81.0,Benign
70.0,0.0,0.0,0.0,-9.0,0.0,178.0,2.0,80.0,Benign
70.0,-3.0,0.0,0.0,1.0,0.0,178.0,0.0,82.0,Benign
70.0,-2.0,0.0,0.0,-1.0,0.0,178.0,3.0,83.0,Benign
70.0,-2.0,0.0,0.0,-1.0,0.0,178.0,5.0,76.0,Benign
70.0,-2.0,0.0,0.0,-1.0,0.0,178.0,4.0,78.0,Benign
60.0,-2.0,0.0,0.0,2.0,0.0,178.0,3.0,78.0,Benign
70.0,0.0,0.0,0.0,0.0,0.0,178.0,3.0,79.0,Benign
70.0,0.0,0.0,0.0,0.0,0.0,178.0,3.0,81.0,Benign
70.0,0.0,0.0,0.0,0.0,0.0,178.0,3.0,80.0,Benign
70.0,-4.0,0.0,0.0,-4.0,0.0,178.0,5.0,79.0,Benign
70.0,-2.0,0.0,0.0,0.0,0.0,178.0,4.0,80.0,Benign
70.0,-2.0,0.0,0.0,-1.0,0.0,178.0,1.0,77.0,Benign
70.0,-2.0,0.0,0.0,-1.0,0.0,178.0,1.0,80.0,Benign
70.0,-2.0,0.0,0.0,-1.0,0.0,178.0,-9.0,84.0,Benign
70.0,-1.0,0.0,0.0,3.0,0.0,178.0,-11.0,81.0,Benign
60.0,0.0,0.0,0.0,-5.0,2.0,178.0,-11.0,80.0,Benign
70.0,-1.0,0.0,0.0,0.0,0.0,178.0,-9.0,80.0,Benign
70.0,-1.0,0.0,0.0,0.0,0.0,178.0,-8.0,79.0,Benign
70.0,0.0,0.0,0.0,0.0,0.0,178.0,0.0,80.0,Benign
70.0,0.0,0.0,0.0,0.0,0.0,-164.0,-2.0,81.0,Benign
70.0,0.0,0.0,0.0,0.0,0.0,-135.0,-4.0,81.0,Benign
70.0,0.0,0.0,0.0,0.0,0.0,-99.0,-1.0,80.0,Benign
60.0,0.0,0.0,0.0,0.0,0.0,-70.0,-2.0,79.0,Benign
70.0,0.0,0.0,0.0,0.0,0.0,-34.0,-1.0,80.0,Benign
70.0,0.0,0.0,0.0,0.0,0.0,-11.0,1.0,81.0,Benign
70.0,0.0,0.0,0.0,0.0,0.0,-3.0,2.0,82.0,Benign
70.0,0.0,0.0,0.0,0.0,0.0,-3.0,-200.0,-200.0,Benign
70.0,0.0,0.0,1.0,0.0,0.0,-3.0,-200.0,-200.0,Benign
50.0,0.0,0.0,4.0,0.0,0.0,-3.0,-200.0,-200.0,Benign
30.0,0.0,0.0,4.0,0.0,0.0,-3.0,-200.0,-200.0,Benign
0.0,0.0,0.0,4.0,0.0,0.0,-3.0,-200.0,-200.0,Benign
80.0,0.0,0.0,0.0,0.0,0.0,0.0,0.0,86.0,Benign
80.0,0.0,0.0,0.0,0.0,0.0,0.0,-3.0,86.0,Benign
80.0,0.0,0.0,0.0,0.0,0.0,0.0,-1.0,86.0,Benign
80.0,0.0,0.0,0.0,0.0,0.0,0.0,-2.0,86.0,Benign
80.0,0.0,0.0,0.0,0.0,0.0,0.0,-3.0,86.0,Benign
80.0,0.0,0.0,0.0,-1.0,0.0,0.0,-5.0,85.0,Benign
80.0,0.0,0.0,0.0,0.0,0.0,0.0,-5.0,85.0,Benign
80.0,0.0,0.0,0.0,0.0,-1.0,0.0,-9.0,87.0,Benign
80.0,0.0,0.0,0.0,0.0,-1.0,0.0,-11.0,88.0,Benign
80.0,0.0,0.0,0.0,0.0,0.0,0.0,-15.0,88.0,Benign
80.0,0.0,0.0,0.0,0.0,-1.0,0.0,-16.0,89.0,Benign
80.0,0.0,0.0,0.0,0.0,0.0,0.0,-17.0,89.0,Benign
80.0,1.0,0.0,0.0,-6.0,0.0,0.0,-21.0,88.0,Benign
80.0,2.0,0.0,0.0,-1.0,0.0,0.0,-22.0,90.0,Benign
80.0,2.0,0.0,0.0,0.0,-3.0,0.0,-25.0,92.0,Benign
80.0,0.0,0.0,0.0,0.0,0.0,0.0,-16.0,95.0,Benign
80.0,-2.0,0.0,0.0,1.0,0.0,0.0,13.0,77.0,Benign
80.0,-2.0,0.0,0.0,0.0,-2.0,0.0,-29.0,93.0,Benign
80.0,-2.0,-1.0,0.0,-2.0,1.0,0.0,-29.0,93.0,Benign
80.0,0.0,0.0,0.0,-1.0,0.0,0.0,-29.0,93.0,Benign
80.0,0.0,-2.0,0.0,0.0,0.0,0.0,-29.0,93.0,Benign
80.0,0.0,-2.0,0.0,0.0,0.0,0.0,-27.0,83.0,Benign
70.0,0.0,-1.0,0.0,0.0,0.0,0.0,-14.0,83.0,Benign
70.0,0.0,-1.0,0.0,0.0,-1.0,0.0,-10.0,82.0,Benign
80.0,0.0,-1.0,0.0,0.0,0.0,0.0,-9.0,82.0,Benign
80.0,0.0,0.0,0.0,0.0,2.0,0.0,-5.0,82.0,Benign
80.0,4.0,0.0,0.0,-3.0,0.0,0.0,-6.0,84.0,Benign
80.0,2.0,0.0,0.0,0.0,-1.0,0.0,-12.0,85.0,Benign
80.0,2.0,0.0,0.0,-1.0,-1.0,0.0,-14.0,89.0,Benign
80.0,2.0,0.0,0.0,-1.0,-1.0,0.0,-30.0,85.0,Benign
80.0,1.0,-1.0,0.0,-1.0,-2.0,0.0,9.0,85.0,Benign
80.0,1.0,-1.0,0.0,0.0,-2.0,0.0,10.0,83.0,Benign
80.0,0.0,0.0,0.0,0.0,0.0,0.0,0.0,83.0,Benign
80.0,0.0,0.0,0.0,-5.0,0.0,0.0,2.0,81.0,Benign
80.0,1.0,0.0,0.0,-1.0,-2.0,0.0,8.0,81.0,Benign
80.0,1.0,0.0,0.0,0.0,-2.0,0.0,9.0,81.0,Benign
70.0,0.0,0.0,0.0,1.0,-1.0,0.0,8.0,80.0,Benign
70.0,0.0,0.0,0.0,0.0,0.0,0.0,6.0,80.0,Benign
70.0,0.0,0.0,0.0,0.0,0.0,0.0,8.0,80.0,Benign
70.0,0.0,0.0,0.0,-1.0,-1.0,0.0,11.0,80.0,Benign
70.0,4.0,0.0,0.0,0.0,-1.0,0.0,18.0,79.0,Benign
80.0,2.0,0.0,0.0,-1.0,-1.0,0.0,23.0,77.0,Benign
70.0,2.0,0.0,0.0,-1.0,-1.0,0.0,30.0,73.0,Benign
70.0,2.0,0.0,0.0,-1.0,-1.0,0.0,36.0,69.0,Benign
70.0,2.0,-1.0,0.0,-1.0,-1.0,0.0,37.0,64.0,Benign
70.0,1.0,-1.0,0.0,0.0,-1.0,0.0,-19.0,79.0,Benign
70.0,0.0,0.0,0.0,0.0,0.0,0.0,-19.0,76.0,Benign
70.0,1.0,-1.0,0.0,-1.0,-1.0,0.0,-21.0,76.0,Benign
80.0,1.0,-1.0,0.0,0.0,0.0,0.0,-15.0,78.0,Benign
80.0,0.0,0.0,0.0,0.0,-2.0,0.0,-11.0,80.0,Benign
80.0,0.0,-1.0,0.0,0.0,-1.0,0.0,-8.0,80.0,Benign
80.0,0.0,-1.0,0.0,0.0,-1.0,0.0,-6.0,81.0,Benign
80.0,0.0,0.0,0.0,0.0,0.0,0.0,-4.0,81.0,Benign
80.0,0.0,0.0,0.0,0.0,-1.0,0.0,-5.0,82.0,Benign
80.0,0.0,0.0,0.0,0.0,-1.0,8.0,-8.0,82.0,Benign
80.0,0.0,0.0,0.0,0.0,-1.0,27.0,-8.0,83.0,Benign
80.0,0.0,0.0,0.0,0.0,0.0,32.0,-9.0,82.0,Benign
80.0,0.0,0.0,0.0,0.0,0.0,11.0,-9.0,82.0,Benign
80.0,0.0,0.0,0.0,0.0,0.0,1.0,-10.0,83.0,Benign
80.0,0.0,0.0,0.0,-1.0,0.0,0.0,-10.0,83.0,Benign
80.0,0.0,-1.0,0.0,0.0,0.0,-2.0,-9.0,82.0,Benign
80.0,0.0,0.0,0.0,0.0,0.0,-3.0,-5.0,81.0,Benign
80.0,4.0,0.0,0.0,0.0,0.0,-3.0,-2.0,80.0,Benign
80.0,2.0,0.0,0.0,-1.0,0.0,-2.0,-10.0,79.0,Benign
80.0,2.0,0.0,0.0,-1.0,0.0,-2.0,-12.0,78.0,Benign
80.0,2.0,0.0,0.0,-1.0,0.0,-2.0,-15.0,83.0,Benign
80.0,2.0,0.0,0.0,0.0,-3.0,-2.0,5.0,80.0,Benign
80.0,0.0,0.0,0.0,2.0,0.0,-2.0,4.0,82.0,Benign
80.0,0.0,0.0,0.0,-2.0,1.0,-3.0,4.0,82.0,Benign
80.0,1.0,0.0,0.0,0.0,0.0,-2.0,0.0,83.0,Benign
80.0,0.0,0.0,0.0,0.0,0.0,0.0,-3.0,83.0,Benign
80.0,0.0,0.0,0.0,0.0,0.0,29.0,-1.0,83.0,Benign
80.0,0.0,0.0,0.0,0.0,0.0,59.0,0.0,83.0,Benign
80.0,0.0,0.0,0.0,0.0,0.0,89.0,-2.0,83.0,Benign
80.0,0.0,0.0,0.0,0.0,0.0,124.0,-4.0,82.0,Benign
80.0,0.0,0.0,0.0,0.0,0.0,147.0,-5.0,83.0,Benign
80.0,0.0,0.0,0.0,0.0,0.0,170.0,-9.0,83.0,Benign
80.0,0.0,0.0,0.0,0.0,0.0,175.0,-9.0,83.0,Benign
80.0,0.0,0.0,0.0,0.0,0.0,175.0,-9.0,82.0,Benign
80.0,0.0,0.0,0.0,0.0,0.0,175.0,-6.0,82.0,Benign
80.0,-4.0,0.0,0.0,0.0,0.0,175.0,-8.0,82.0,Benign
80.0,-2.0,0.0,0.0,-1.0,0.0,175.0,-7.0,80.0,Benign
80.0,-2.0,0.0,0.0,-1.0,0.0,175.0,2.0,88.0,Benign
80.0,-2.0,0.0,0.0,-1.0,-1.0,175.0,-23.0,77.0,Benign
80.0,-2.0,0.0,0.0,0.0,0.0,175.0,-18.0,79.0,Benign
80.0,0.0,0.0,0.0,0.0,0.0,175.0,-17.0,80.0,Benign
80.0,0.0,-1.0,0.0,0.0,2.0,175.0,-18.0,80.0,Benign
80.0,0.0,-1.0,0.0,-1.0,0.0,175.0,-16.0,79.0,Benign
80.0,0.0,0.0,0.0,-1.0,-1.0,175.0,-9.0,80.0,Benign
80.0,0.0,0.0,0.0,0.0,0.0,175.0,-7.0,81.0,Benign
80.0,0.0,0.0,0.0,-3.0,0.0,175.0,-8.0,82.0,Benign
80.0,-4.0,0.0,0.0,0.0,0.0,175.0,-9.0,81.0,Benign
80.0,-2.0,0.0,0.0,-1.0,0.0,175.0,-4.0,83.0,Benign
80.0,-2.0,0.0,0.0,-1.0,0.0,175.0,-3.0,80.0,Benign
80.0,-2.0,0.0,0.0,-1.0,0.0,175.0,-1.0,82.0,Benign
80.0,-2.0,0.0,0.0,0.0,0.0,175.0,8.0,77.0,Benign
80.0,0.0,0.0,0.0,0.0,0.0,175.0,7.0,79.0,Benign
70.0,0.0,0.0,0.0,-3.0,1.0,175.0,9.0,77.0,Benign
80.0,-1.0,0.0,0.0,-2.0,0.0,175.0,4.0,80.0,Benign
80.0,-1.0,0.0,0.0,0.0,0.0,175.0,2.0,81.0,Benign
80.0,0.0,0.0,0.0,0.0,0.0,175.0,1.0,81.0,Benign
70.0,0.0,0.0,0.0,0.0,0.0,175.0,-1.0,80.0,Benign
70.0,0.0,0.0,0.0,-5.0,0.0,175.0,1.0,80.0,Benign
80.0,-4.0,0.0,0.0,0.0,0.0,175.0,3.0,81.0,Benign
80.0,-2.0,0.0,0.0,-1.0,0.0,175.0,-1.0,81.0,Benign
80.0,-2.0,0.0,0.0,-1.0,0.0,175.0,2.0,79.0,Benign
80.0,-2.0,0.0,0.0,-1.0,0.0,175.0,2.0,81.0,Benign
80.0,-2.0,0.0,0.0,-1.0,0.0,175.0,2.0,81.0,Benign
80.0,-1.0,0.0,0.0,3.0,0.0,175.0,-16.0,83.0,Benign
80.0,-1.0,0.0,0.0,-3.0,2.0,175.0,-11.0,85.0,Benign
80.0,-1.0,-1.0,0.0,0.0,0.0,175.0,-11.0,83.0,Benign
80.0,-1.0,0.0,0.0,0.0,0.0,175.0,-7.0,81.0,Benign
80.0,0.0,0.0,0.0,0.0,0.0,175.0,-3.0,82.0,Benign
80.0,0.0,0.0,0.0,0.0,0.0,-160.0,-2.0,83.0,Benign
80.0,0.0,0.0,0.0,0.0,0.0,-124.0,-3.0,83.0,Benign
80.0,0.0,0.0,0.0,0.0,0.0,-100.0,0.0,83.0,Benign
80.0,0.0,0.0,0.0,0.0,0.0,-65.0,-3.0,83.0,Benign
80.0,0.0,0.0,0.0,0.0,0.0,-35.0,-1.0,82.0,Benign
80.0,0.0,0.0,0.0,0.0,0.0,-12.0,0.0,82.0,Benign
80.0,0.0,0.0,0.0,0.0,0.0,-6.0,0.0,81.0,Benign
70.0,0.0,0.0,0.0,0.0,0.0,-6.0,-200.0,-200.0,Benign
70.0,0.0,0.0,2.0,0.0,0.0,-6.0,-200.0,-200.0,Benign
50.0,0.0,0.0,4.0,0.0,0.0,-6.0,-200.0,-200.0,Benign
20.0,0.0,0.0,4.0,0.0,0.0,-6.0,-200.0,-200.0,Benign
0.0,0.0,0.0,3.0,0.0,0.0,-6.0,-200.0,-200.0,Benign
80.0,0.0,0.0,0.0,0.0,0.0,0.0,-3.0,82.0,Benign
80.0,0.0,0.0,0.0,0.0,0.0,0.0,-4.0,82.0,Benign
80.0,0.0,0.0,0.0,0.0,0.0,0.0,-4.0,85.0,Benign
80.0,0.0,0.0,0.0,0.0,0.0,0.0,-4.0,86.0,Benign
80.0,0.0,0.0,0.0,0.0,0.0,0.0,-2.0,84.0,Benign
80.0,0.0,0.0,0.0,0.0,0.0,0.0,-3.0,84.0,Benign
80.0,0.0,0.0,0.0,0.0,0.0,0.0,-4.0,85.0,Benign
80.0,0.0,0.0,0.0,0.0,0.0,0.0,-3.0,84.0,Benign
80.0,0.0,0.0,0.0,0.0,0.0,0.0,-4.0,84.0,Benign
80.0,0.0,0.0,0.0,0.0,0.0,0.0,-5.0,84.0,Benign
80.0,0.0,0.0,0.0,0.0,0.0,0.0,-8.0,84.0,Benign
80.0,0.0,0.0,0.0,0.0,0.0,0.0,-7.0,85.0,Benign
80.0,0.0,0.0,0.0,0.0,0.0,0.0,-4.0,86.0,Benign
80.0,0.0,0.0,0.0,0.0,0.0,0.0,-4.0,86.0,Benign
80.0,4.0,0.0,0.0,-2.0,0.0,0.0,-5.0,87.0,Benign
80.0,2.0,0.0,0.0,0.0,0.0,0.0,-6.0,87.0,Benign
80.0,2.0,0.0,0.0,-1.0,0.0,0.0,-2.0,88.0,Benign
80.0,2.0,0.0,0.0,-1.0,0.0,0.0,-21.0,67.0,Benign
80.0,2.0,0.0,0.0,0.0,0.0,0.0,-8.0,78.0,Benign
80.0,0.0,0.0,0.0,0.0,0.0,0.0,-8.0,77.0,Benign
80.0,1.0,0.0,0.0,-3.0,1.0,0.0,-11.0,75.0,Benign
80.0,1.0,0.0,0.0,0.0,0.0,0.0,-6.0,79.0,Benign
80.0,1.0,0.0,0.0,0.0,0.0,0.0,-2.0,80.0,Benign
80.0,0.0,0.0,0.0,0.0,0.0,0.0,0.0,82.0,Benign
80.0,0.0,0.0,0.0,0.0,0.0,0.0,0.0,83.0,Benign
80.0,0.0,0.0,0.0,0.0,0.0,0.0,0.0,83.0,Benign
80.0,0.0,0.0,-1.0,0.0,0.0,0.0,0.0,88.0,Benign
90.0,0.0,0.0,-1.0,0.0,0.0,0.0,0.0,96.0,Benign
100.0,0.0,0.0,-1.0,0.0,0.0,0.0,0.0,102.0,Benign
110.0,0.0,0.0,0.0,0.0,0.0,0.0,2.0,109.0,Benign
100.0,0.0,0.0,0.0,0.0,0.0,0.0,2.0,109.0,Benign
100.0,0.0,0.0,1.0,0.0,0.0,0.0,3.0,104.0,Benign
90.0,0.0,0.0,1.0,0.0,0.0,0.0,-1.0,92.0,Benign
80.0,0.0,0.0,0.0,0.0,0.0,0.0,0.0,87.0,Benign
80.0,0.0,0.0,0.0,0.0,0.0,0.0,0.0,84.0,Benign
80.0,3.0,0.0,0.0,-8.0,0.0,0.0,-3.0,84.0,Benign
80.0,3.0,0.0,0.0,0.0,0.0,0.0,-2.0,84.0,Benign
80.0,2.0,0.0,0.0,-1.0,0.0,0.0,-1.0,83.0,Benign
80.0,2.0,0.0,0.0,-1.0,0.0,0.0,11.0,83.0,Benign
80.0,2.0,0.0,0.0,-1.0,0.0,0.0,9.0,82.0,Benign
80.0,0.0,0.0,0.0,0.0,0.0,0.0,4.0,83.0,Benign
80.0,1.0,0.0,0.0,-1.0,0.0,0.0,2.0,83.0,Benign
80.0,0.0,0.0,0.0,1.0,0.0,0.0,4.0,82.0,Benign
80.0,0.0,0.0,0.0,0.0,0.0,0.0,5.0,82.0,Benign
80.0,0.0,0.0,0.0,-6.0,0.0,0.0,5.0,83.0,Benign
80.0,4.0,0.0,0.0,1.0,0.0,0.0,8.0,83.0,Benign
80.0,2.0,0.0,0.0,0.0,0.0,0.0,7.0,85.0,Benign
80.0,2.0,0.0,0.0,-1.0,0.0,0.0,8.0,87.0,Benign
80.0,2.0,0.0,0.0,-1.0,0.0,0.0,26.0,73.0,Benign
80.0,2.0,0.0,0.0,0.0,0.0,0.0,32.0,78.0,Benign
80.0,0.0,0.0,0.0,0.0,4.0,0.0,35.0,75.0,Benign
80.0,0.0,0.0,0.0,0.0,0.0,0.0,26.0,78.0,Benign
80.0,1.0,2.0,0.0,0.0,0.0,0.0,26.0,77.0,Benign
80.0,0.0,1.0,0.0,0.0,0.0,0.0,6.0,82.0,Benign
80.0,0.0,0.0,0.0,0.0,0.0,0.0,1.0,82.0,Benign
80.0,0.0,0.0,0.0,0.0,0.0,14.0,1.0,81.0,Benign
80.0,0.0,0.0,0.0,-1.0,0.0,44.0,2.0,82.0,Benign
80.0,0.0,0.0,0.0,-1.0,0.0,74.0,1.0,82.0,Benign
80.0,0.0,0.0,0.0,0.0,0.0,104.0,1.0,82.0,Benign
80.0,0.0,0.0,0.0,0.0,0.0,140.0,3.0,83.0,Benign
80.0,0.0,0.0,0.0,0.0,0.0,167.0,-4.0,82.0,Benign
80.0,0.0,0.0,0.0,0.0,0.0,177.0,-5.0,83.0,Benign
80.0,0.0,0.0,0.0,0.0,0.0,178.0,-1.0,83.0,Benign
80.0,0.0,0.0,0.0,0.0,0.0,178.0,-3.0,83.0,Benign
80.0,-1.0,0.0,0.0,-8.0,0.0,178.0,-5.0,82.0,Benign
80.0,-3.0,0.0,0.0,1.0,0.0,178.0,-1.0,83.0,Benign
80.0,-2.0,0.0,0.0,-1.0,0.0,178.0,-3.0,83.0,Benign
80.0,-2.0,0.0,0.0,-1.0,0.0,178.0,11.0,83.0,Benign
80.0,-2.0,0.0,0.0,0.0,0.0,178.0,-17.0,78.0,Benign
80.0,0.0,0.0,0.0,0.0,0.0,178.0,-13.0,79.0,Benign
80.0,0.0,-1.0,0.0,0.0,1.0,178.0,-12.0,78.0,Benign
80.0,0.0,0.0,0.0,0.0,0.0,178.0,-4.0,79.0,Benign
80.0,0.0,0.0,0.0,0.0,0.0,178.0,-3.0,80.0,Benign
80.0,0.0,0.0,0.0,0.0,0.0,178.0,0.0,79.0,Benign
80.0,-3.0,0.0,0.0,-8.0,0.0,178.0,-5.0,80.0,Benign
80.0,-2.0,0.0,0.0,0.0,0.0,178.0,-2.0,80.0,Benign
80.0,-2.0,0.0,0.0,-1.0,0.0,178.0,-3.0,80.0,Benign
80.0,-2.0,0.0,0.0,-1.0,0.0,178.0,12.0,78.0,Benign
80.0,-2.0,0.0,0.0,0.0,0.0,178.0,14.0,78.0,Benign
80.0,0.0,0.0,0.0,0.0,3.0,178.0,13.0,81.0,Benign
80.0,0.0,0.0,0.0,0.0,3.0,178.0,13.0,82.0,Benign
80.0,0.0,-1.0,0.0,0.0,0.0,178.0,10.0,82.0,Benign
80.0,0.0,0.0,0.0,0.0,0.0,178.0,4.0,81.0,Benign
80.0,0.0,0.0,0.0,0.0,0.0,178.0,3.0,82.0,Benign
80.0,0.0,0.0,0.0,-8.0,0.0,178.0,5.0,82.0,Benign
80.0,-4.0,0.0,0.0,1.0,0.0,178.0,6.0,81.0,Benign
80.0,-2.0,0.0,0.0,-1.0,0.0,178.0,6.0,78.0,Benign
80.0,-2.0,0.0,0.0,-1.0,0.0,178.0,5.0,76.0,Benign
80.0,-2.0,0.0,0.0,0.0,0.0,178.0,4.0,65.0,Benign
80.0,-1.0,0.0,0.0,2.0,0.0,178.0,-12.0,88.0,Benign
80.0,0.0,0.0,0.0,0.0,0.0,178.0,-19.0,87.0,Benign
80.0,-2.0,-2.0,0.0,-1.0,0.0,178.0,-19.0,84.0,Benign
80.0,-1.0,-1.0,0.0,0.0,0.0,178.0,-19.0,80.0,Benign
80.0,0.0,-1.0,0.0,0.0,0.0,178.0,-9.0,81.0,Benign
80.0,0.0,0.0,0.0,0.0,0.0,179.0,-4.0,80.0,Benign
80.0,0.0,0.0,0.0,0.0,0.0,-149.0,-5.0,80.0,Benign
80.0,0.0,0.0,0.0,-1.0,0.0,-119.0,-5.0,81.0,Benign
80.0,0.0,0.0,0.0,0.0,0.0,-89.0,-3.0,83.0,Benign
80.0,0.0,0.0,0.0,0.0,0.0,-59.0,-4.0,83.0,Benign
80.0,0.0,0.0,0.0,0.0,0.0,-23.0,0.0,80.0,Benign
70.0,0.0,0.0,0.0,0.0,0.0,-6.0,0.0,78.0,Benign
70.0,0.0,0.0,0.0,0.0,0.0,-2.0,0.0,78.0,Benign
80.0,0.0,0.0,0.0,0.0,0.0,-2.0,-200.0,-200.0,Benign
70.0,0.0,0.0,2.0,0.0,0.0,-2.0,-200.0,-200.0,Benign
50.0,0.0,0.0,4.0,0.0,0.0,-2.0,-200.0,-200.0,Benign
30.0,0.0,0.0,4.0,0.0,0.0,-2.0,-200.0,-200.0,Benign
0.0,0.0,0.0,3.0,0.0,0.0,-2.0,-200.0,-200.0,Benign
80.0,0.0,0.0,0.0,0.0,0.0,0.0,1.0,84.0,Benign
80.0,0.0,0.0,0.0,0.0,0.0,0.0,0.0,84.0,Benign
80.0,0.0,0.0,0.0,0.0,0.0,0.0,0.0,84.0,Benign
80.0,0.0,0.0,0.0,0.0,0.0,0.0,1.0,84.0,Benign
80.0,0.0,0.0,0.0,0.0,0.0,0.0,-1.0,84.0,Benign
80.0,0.0,0.0,0.0,0.0,0.0,0.0,-2.0,84.0,Benign
80.0,0.0,0.0,0.0,0.0,0.0,0.0,-2.0,84.0,Benign
80.0,0.0,0.0,0.0,-1.0,0.0,0.0,-2.0,84.0,Benign
80.0,0.0,0.0,0.0,1.0,0.0,0.0,-2.0,83.0,Benign
80.0,0.0,0.0,0.0,0.0,0.0,0.0,-2.0,83.0,Benign
80.0,0.0,0.0,0.0,0.0,0.0,0.0,-10.0,85.0,Benign
80.0,0.0,0.0,0.0,-1.0,0.0,0.0,-14.0,85.0,Benign
80.0,0.0,0.0,0.0,-1.0,0.0,0.0,-16.0,85.0,Benign
80.0,4.0,0.0,0.0,-2.0,0.0,0.0,-17.0,85.0,Benign
80.0,2.0,0.0,0.0,-1.0,0.0,0.0,-20.0,87.0,Benign
80.0,2.0,0.0,0.0,-1.0,-1.0,0.0,-7.0,94.0,Benign
80.0,2.0,0.0,0.0,-1.0,-1.0,0.0,-7.0,94.0,Benign
80.0,2.0,0.0,0.0,-1.0,0.0,0.0,-7.0,94.0,Benign
80.0,2.0,-1.0,0.0,-1.0,-1.0,0.0,-7.0,94.0,Benign
80.0,0.0,0.0,0.0,1.0,0.0,0.0,10.0,80.0,Benign
80.0,0.0,0.0,0.0,-3.0,-1.0,0.0,13.0,83.0,Benign
80.0,2.0,-1.0,0.0,-1.0,0.0,0.0,16.0,81.0,Benign
80.0,2.0,0.0,0.0,0.0,0.0,0.0,13.0,81.0,Benign
80.0,1.0,0.0,0.0,-1.0,-1.0,0.0,9.0,81.0,Benign
80.0,0.0,0.0,0.0,0.0,0.0,0.0,7.0,81.0,Benign
80.0,0.0,0.0,0.0,0.0,0.0,0.0,4.0,81.0,Benign
80.0,0.0,0.0,0.0,0.0,0.0,0.0,7.0,81.0,Benign
80.0,0.0,0.0,0.0,-1.0,0.0,0.0,8.0,81.0,Benign
80.0,0.0,0.0,0.0,0.0,-1.0,24.0,12.0,81.0,Benign
80.0,0.0,0.0,0.0,0.0,0.0,34.0,13.0,82.0,Benign
80.0,0.0,0.0,0.0,0.0,0.0,33.0,14.0,81.0,Benign
80.0,0.0,0.0,0.0,0.0,0.0,8.0,15.0,81.0,Benign
80.0,0.0,0.0,0.0,0.0,0.0,0.0,18.0,81.0,Benign
80.0,0.0,0.0,0.0,-1.0,-2.0,0.0,18.0,80.0,Benign
80.0,0.0,-1.0,0.0,0.0,0.0,0.0,15.0,81.0,Benign
80.0,0.0,-1.0,0.0,0.0,0.0,0.0,9.0,80.0,Benign
80.0,0.0,-1.0,0.0,0.0,0.0,0.0,3.0,80.0,Benign
70.0,1.0,0.0,0.0,-9.0,0.0,0.0,5.0,80.0,Benign
80.0,3.0,0.0,0.0,1.0,0.0,0.0,7.0,80.0,Benign
80.0,2.0,0.0,0.0,0.0,0.0,0.0,18.0,77.0,Benign
80.0,2.0,0.0,0.0,-1.0,0.0,0.0,-16.0,77.0,Benign
80.0,2.0,0.0,0.0,-1.0,-1.0,0.0,-16.0,81.0,Benign
80.0,2.0,-1.0,0.0,-1.0,-1.0,0.0,-17.0,79.0,Benign
80.0,0.0,0.0,0.0,0.0,0.0,0.0,-11.0,80.0,Benign
80.0,0.0,-1.0,0.0,0.0,-1.0,0.0,-17.0,79.0,Benign
80.0,0.0,-1.0,0.0,-1.0,-1.0,0.0,-13.0,80.0,Benign
80.0,0.0,-1.0,0.0,0.0,0.0,0.0,-7.0,81.0,Benign
80.0,0.0,0.0,0.0,0.0,2.0,0.0,-5.0,81.0,Benign
80.0,0.0,0.0,0.0,0.0,0.0,0.0,-5.0,81.0,Benign
80.0,0.0,0.0,0.0,-1.0,0.0,0.0,-9.0,83.0,Benign
80.0,4.0,0.0,0.0,0.0,0.0,0.0,-14.0,81.0,Benign
80.0,2.0,0.0,0.0,-1.0,-1.0,0.0,-25.0,78.0,Benign
80.0,2.0,0.0,0.0,-1.0,-1.0,0.0,-29.0,80.0,Benign
70.0,2.0,0.0,0.0,-1.0,-1.0,0.0,0.0,85.0,Benign
80.0,2.0,-1.0,0.0,-1.0,-1.0,0.0,-10.0,85.0,Benign
80.0,0.0,0.0,0.0,2.0,2.0,0.0,-14.0,81.0,Benign
80.0,0.0,0.0,0.0,-2.0,-3.0,0.0,-14.0,80.0,Benign
70.0,0.0,-1.0,0.0,0.0,0.0,0.0,-10.0,80.0,Benign
70.0,0.0,-1.0,0.0,0.0,0.0,0.0,-6.0,80.0,Benign
80.0,0.0,0.0,0.0,0.0,0.0,18.0,-4.0,81.0,Benign
80.0,0.0,0.0,0.0,0.0,0.0,47.0,-7.0,82.0,Benign
80.0,0.0,0.0,0.0,0.0,0.0,83.0,-19.0,79.0,Benign
80.0,0.0,0.0,0.0,0.0,0.0,113.0,-12.0,82.0,Benign
80.0,0.0,0.0,0.0,0.0,0.0,143.0,-16.0,82.0,Benign
80.0,0.0,0.0,0.0,0.0,0.0,169.0,-19.0,83.0,Benign
80.0,0.0,0.0,0.0,0.0,0.0,177.0,-20.0,82.0,Benign
80.0,0.0,0.0,0.0,0.0,0.0,178.0,-13.0,81.0,Benign
70.0,0.0,0.0,0.0,0.0,0.0,178.0,-12.0,81.0,Benign
70.0,-1.0,0.0,0.0,-6.0,0.0,178.0,-11.0,80.0,Benign
70.0,-2.0,0.0,0.0,0.0,0.0,178.0,-12.0,79.0,Benign
70.0,-2.0,0.0,0.0,0.0,0.0,178.0,-4.0,81.0,Benign
70.0,0.0,0.0,0.0,0.0,0.0,178.0,-1.0,81.0,Benign
70.0,2.0,0.0,0.0,3.0,0.0,178.0,-1.0,81.0,Benign
70.0,2.0,0.0,0.0,0.0,0.0,178.0,-2.0,81.0,Benign
70.0,2.0,0.0,0.0,0.0,0.0,178.0,-6.0,78.0,Benign
80.0,0.0,0.0,0.0,-1.0,0.0,178.0,-8.0,81.0,Benign
80.0,0.0,0.0,0.0,1.0,2.0,178.0,-14.0,78.0,Benign
80.0,0.0,0.0,0.0,-1.0,-1.0,178.0,-5.0,81.0,Benign
80.0,-3.0,0.0,0.0,-8.0,0.0,178.0,-3.0,80.0,Benign
80.0,-2.0,0.0,0.0,0.0,0.0,178.0,6.0,79.0,Benign
70.0,-2.0,0.0,0.0,0.0,0.0,178.0,11.0,80.0,Benign
70.0,-2.0,0.0,0.0,-1.0,-1.0,178.0,11.0,80.0,Benign
80.0,-2.0,0.0,0.0,0.0,1.0,178.0,-8.0,78.0,Benign
70.0,0.0,0.0,0.0,0.0,0.0,178.0,-3.0,78.0,Benign
70.0,1.0,0.0,0.0,0.0,0.0,178.0,-7.0,78.0,Benign
80.0,0.0,0.0,0.0,-1.0,0.0,178.0,-5.0,79.0,Benign
80.0,0.0,0.0,0.0,0.0,0.0,178.0,-3.0,80.0,Benign
80.0,0.0,0.0,0.0,0.0,0.0,178.0,0.0,79.0,Benign
80.0,0.0,0.0,-1.0,0.0,0.0,178.0,0.0,83.0,Benign
90.0,0.0,0.0,-1.0,0.0,0.0,178.0,-2.0,91.0,Benign
100.0,0.0,0.0,-1.0,0.0,0.0,178.0,-6.0,102.0,Benign
100.0,0.0,0.0,0.0,0.0,0.0,178.0,-7.0,107.0,Benign
110.0,0.0,0.0,0.0,0.0,0.0,178.0,-6.0,111.0,Benign
100.0,0.0,0.0,1.0,0.0,0.0,178.0,-5.0,111.0,Benign
90.0,0.0,0.0,2.0,0.0,0.0,178.0,-5.0,103.0,Benign
90.0,0.0,0.0,1.0,0.0,0.0,178.0,-2.0,93.0,Benign
80.0,0.0,0.0,0.0,0.0,0.0,178.0,-1.0,83.0,Benign
80.0,0.0,0.0,0.0,0.0,0.0,178.0,-1.0,83.0,Benign
80.0,-3.0,0.0,0.0,-8.0,0.0,178.0,0.0,79.0,Benign
80.0,-3.0,0.0,0.0,0.0,0.0,178.0,7.0,79.0,Benign
80.0,-2.0,0.0,0.0,-1.0,-1.0,178.0,14.0,78.0,Benign
80.0,-2.0,0.0,0.0,-1.0,0.0,178.0,-4.0,80.0,Benign
70.0,-2.0,0.0,0.0,0.0,0.0,178.0,-8.0,79.0,Benign
80.0,0.0,0.0,0.0,1.0,0.0,178.0,-7.0,81.0,Benign
80.0,0.0,0.0,0.0,-2.0,-2.0,178.0,-9.0,80.0,Benign
80.0,0.0,0.0,0.0,0.0,1.0,178.0,-5.0,81.0,Benign
80.0,0.0,0.0,0.0,0.0,0.0,178.0,-2.0,81.0,Benign
80.0,0.0,0.0,0.0,0.0,0.0,178.0,-2.0,81.0,Benign
80.0,-3.0,0.0,0.0,-8.0,0.0,178.0,0.0,81.0,Benign
80.0,-3.0,0.0,0.0,0.0,0.0,178.0,-5.0,81.0,Benign
80.0,-2.0,0.0,0.0,-1.0,0.0,178.0,-7.0,77.0,Benign
80.0,-2.0,0.0,0.0,-1.0,0.0,178.0,-6.0,78.0,Benign
80.0,-2.0,0.0,0.0,-1.0,0.0,178.0,-6.0,78.0,Benign
70.0,-1.0,0.0,0.0,3.0,0.0,178.0,4.0,78.0,Benign
70.0,-1.0,0.0,0.0,-5.0,0.0,178.0,-4.0,80.0,Benign
80.0,-1.0,0.0,0.0,0.0,0.0,178.0,-8.0,81.0,Benign
80.0,-1.0,0.0,0.0,0.0,0.0,178.0,-4.0,81.0,Benign
80.0,0.0,0.0,0.0,0.0,0.0,178.0,0.0,81.0,Benign
80.0,0.0,0.0,0.0,0.0,0.0,-161.0,3.0,80.0,Benign
80.0,0.0,0.0,0.0,0.0,0.0,-119.0,-3.0,81.0,Benign
80.0,0.0,0.0,0.0,0.0,0.0,-89.0,5.0,81.0,Benign
80.0,0.0,0.0,0.0,0.0,0.0,-60.0,5.0,81.0,Benign
80.0,0.0,0.0,0.0,0.0,0.0,-24.0,7.0,82.0,Benign
80.0,0.0,0.0,0.0,0.0,0.0,-6.0,6.0,82.0,Benign
80.0,0.0,0.0,0.0,0.0,0.0,-2.0,9.0,80.0,Benign
80.0,0.0,0.0,0.0,0.0,0.0,-3.0,-200.0,-200.0,Benign
70.0,0.0,0.0,2.0,0.0,0.0,-3.0,-200.0,-200.0,Benign
50.0,0.0,0.0,4.0,0.0,0.0,-3.0,-200.0,-200.0,Benign
20.0,0.0,0.0,4.0,0.0,0.0,-2.0,-200.0,-200.0,Benign
0.0,0.0,0.0,2.0,0.0,0.0,-3.0,-200.0,-200.0,Benign
0.0,-1.0,0.0,0.0,-1.0,0.0,-2.0,-200.0,-200.0,Benign
0.0,-1.0,0.0,0.0,-1.0,0.0,-2.0,-200.0,-200.0,Benign
80.0,0.0,0.0,0.0,0.0,0.0,0.0,-3.0,81.0,Benign
80.0,0.0,0.0,0.0,0.0,0.0,0.0,-2.0,83.0,Benign
80.0,0.0,0.0,0.0,0.0,0.0,0.0,-4.0,84.0,Benign
80.0,0.0,0.0,0.0,0.0,0.0,0.0,-6.0,84.0,Benign
80.0,0.0,0.0,0.0,0.0,0.0,0.0,-3.0,84.0,Benign
80.0,0.0,0.0,0.0,0.0,0.0,0.0,-5.0,85.0,Benign
80.0,0.0,0.0,0.0,0.0,0.0,0.0,-3.0,85.0,Benign
80.0,0.0,0.0,0.0,0.0,0.0,0.0,-5.0,86.0,Benign
80.0,0.0,0.0,0.0,0.0,0.0,0.0,-6.0,87.0,Benign
80.0,0.0,0.0,0.0,0.0,0.0,22.0,-9.0,87.0,Benign
80.0,0.0,0.0,0.0,0.0,0.0,35.0,-10.0,87.0,Benign
80.0,0.0,0.0,0.0,0.0,0.0,37.0,-9.0,87.0,Benign
80.0,0.0,-1.0,0.0,1.0,0.0,37.0,-10.0,87.0,Benign
80.0,0.0,-1.0,0.0,0.0,-1.0,37.0,-9.0,86.0,Benign
80.0,0.0,-1.0,0.0,0.0,0.0,37.0,-8.0,85.0,Benign
80.0,0.0,0.0,0.0,-1.0,1.0,37.0,-6.0,84.0,Benign
80.0,3.0,2.0,0.0,0.0,0.0,37.0,-11.0,85.0,Benign
80.0,2.0,1.0,0.0,-1.0,0.0,37.0,-26.0,88.0,Benign
80.0,2.0,1.0,0.0,-1.0,-1.0,37.0,-31.0,89.0,Benign
80.0,2.0,0.0,0.0,0.0,-1.0,37.0,-31.0,89.0,Benign
80.0,1.0,0.0,0.0,2.0,1.0,37.0,-31.0,89.0,Benign
80.0,0.0,-1.0,0.0,0.0,-1.0,37.0,-31.0,89.0,Benign
80.0,0.0,0.0,0.0,0.0,0.0,37.0,-31.0,89.0,Benign
80.0,-2.0,-2.0,0.0,6.0,-1.0,37.0,-31.0,89.0,Benign
80.0,-3.0,-3.0,0.0,3.0,-2.0,37.0,-31.0,89.0,Benign
80.0,-2.0,-3.0,0.0,-1.0,-1.0,37.0,-23.0,101.0,Benign
80.0,-1.0,-2.0,0.0,-1.0,-1.0,37.0,-35.0,87.0,Benign
80.0,0.0,-1.0,0.0,0.0,-1.0,37.0,-32.0,85.0,Benign
80.0,0.0,-1.0,0.0,0.0,-1.0,37.0,-27.0,85.0,Benign
70.0,0.0,-1.0,0.0,0.0,-1.0,37.0,-24.0,83.0,Benign
70.0,0.0,-1.0,0.0,0.0,-1.0,37.0,-21.0,82.0,Benign
70.0,0.0,-1.0,0.0,0.0,0.0,37.0,-17.0,83.0,Benign
80.0,0.0,-1.0,0.0,0.0,-1.0,37.0,-15.0,83.0,Benign
80.0,0.0,-1.0,0.0,0.0,-1.0,37.0,-15.0,84.0,Benign
80.0,0.0,-1.0,0.0,0.0,-1.0,37.0,-13.0,84.0,Benign
80.0,0.0,-1.0,0.0,0.0,-2.0,37.0,-15.0,84.0,Benign
80.0,0.0,-1.0,0.0,-1.0,-2.0,37.0,-13.0,84.0,Benign
80.0,0.0,-1.0,0.0,0.0,-1.0,37.0,-8.0,84.0,Benign
80.0,0.0,-1.0,0.0,-1.0,-2.0,37.0,-6.0,84.0,Benign
80.0,0.0,0.0,0.0,0.0,0.0,37.0,-7.0,84.0,Benign
80.0,0.0,0.0,0.0,0.0,-1.0,37.0,-9.0,84.0,Benign
80.0,0.0,0.0,0.0,-8.0,0.0,37.0,-18.0,84.0,Benign
80.0,2.0,2.0,0.0,1.0,-1.0,37.0,-21.0,88.0,Benign
80.0,2.0,1.0,0.0,-1.0,-1.0,37.0,-26.0,94.0,Benign
80.0,2.0,0.0,0.0,-1.0,-1.0,37.0,-26.0,94.0,Benign
80.0,2.0,0.0,0.0,-1.0,-1.0,37.0,-26.0,94.0,Benign
80.0,2.0,0.0,0.0,1.0,-2.0,37.0,-26.0,94.0,Benign
80.0,0.0,-1.0,0.0,-2.0,2.0,37.0,-26.0,94.0,Benign
80.0,0.0,0.0,0.0,0.0,0.0,37.0,-26.0,94.0,Benign
80.0,-2.0,-3.0,0.0,2.0,-2.0,37.0,-26.0,94.0,Benign
80.0,-2.0,-3.0,0.0,-1.0,-1.0,37.0,-100.0,-100.0,Benign
80.0,0.0,-2.0,0.0,-2.0,-1.0,37.0,-37.0,93.0,Benign
80.0,0.0,-1.0,0.0,0.0,-1.0,37.0,-34.0,86.0,Benign
80.0,0.0,-1.0,0.0,0.0,-1.0,37.0,-32.0,83.0,Benign
80.0,0.0,-1.0,0.0,0.0,-1.0,37.0,-28.0,84.0,Benign
80.0,0.0,-1.0,0.0,0.0,-1.0,37.0,-26.0,83.0,Benign
80.0,0.0,-1.0,0.0,0.0,-1.0,37.0,-22.0,83.0,Benign
80.0,0.0,-1.0,0.0,0.0,0.0,37.0,-18.0,84.0,Benign
80.0,0.0,-1.0,0.0,0.0,0.0,37.0,-13.0,84.0,Benign
80.0,0.0,-1.0,0.0,0.0,-1.0,37.0,-7.0,84.0,Benign
80.0,0.0,-1.0,0.0,0.0,-1.0,37.0,-7.0,83.0,Benign
80.0,0.0,0.0,0.0,0.0,0.0,37.0,-7.0,83.0,Benign
80.0,0.0,0.0,0.0,0.0,0.0,37.0,-8.0,83.0,Benign
80.0,0.0,0.0,0.0,0.0,-1.0,37.0,-12.0,83.0,Benign
80.0,0.0,0.0,-1.0,0.0,-1.0,37.0,-19.0,85.0,Benign
90.0,0.0,0.0,-1.0,0.0,-1.0,37.0,-22.0,95.0,Benign
100.0,0.0,0.0,-1.0,0.0,-1.0,37.0,-22.0,107.0,Benign
110.0,0.0,0.0,0.0,0.0,-1.0,37.0,-18.0,116.0,Benign
110.0,0.0,0.0,0.0,0.0,-1.0,37.0,-19.0,120.0,Benign
100.0,0.0,0.0,2.0,0.0,0.0,37.0,-13.0,115.0,Benign
90.0,0.0,0.0,2.0,0.0,0.0,37.0,-18.0,101.0,Benign
90.0,0.0,0.0,1.0,0.0,0.0,37.0,-18.0,92.0,Benign
80.0,0.0,0.0,0.0,0.0,0.0,37.0,-20.0,86.0,Benign
80.0,0.0,0.0,0.0,0.0,-5.0,37.0,-26.0,78.0,Benign
80.0,1.0,-1.0,0.0,0.0,-1.0,37.0,-17.0,83.0,Benign
80.0,0.0,-1.0,0.0,0.0,-1.0,37.0,-12.0,84.0,Benign
80.0,0.0,-1.0,0.0,0.0,0.0,37.0,-6.0,85.0,Benign
80.0,0.0,-1.0,0.0,0.0,0.0,37.0,-3.0,85.0,Benign
80.0,2.0,1.0,0.0,-8.0,0.0,37.0,-8.0,84.0,Benign
80.0,2.0,1.0,0.0,0.0,0.0,37.0,-15.0,86.0,Benign
80.0,1.0,1.0,0.0,-1.0,-1.0,37.0,-30.0,87.0,Benign
80.0,2.0,0.0,0.0,-1.0,-1.0,37.0,-36.0,91.0,Benign
80.0,2.0,0.0,0.0,-1.0,-1.0,37.0,-33.0,96.0,Benign
80.0,2.0,0.0,0.0,-1.0,-1.0,37.0,-33.0,96.0,Benign
80.0,2.0,0.0,0.0,-1.0,-1.0,37.0,-33.0,96.0,Benign
80.0,0.0,0.0,0.0,0.0,0.0,37.0,-33.0,96.0,Benign
80.0,-3.0,-2.0,0.0,7.0,0.0,37.0,-33.0,96.0,Benign
80.0,-3.0,-2.0,0.0,-1.0,-1.0,37.0,-26.0,97.0,Benign
80.0,-1.0,-1.0,0.0,-2.0,-1.0,37.0,-34.0,82.0,Benign
80.0,0.0,-1.0,0.0,0.0,0.0,37.0,-23.0,82.0,Benign
80.0,0.0,-1.0,0.0,-2.0,-1.0,37.0,-17.0,81.0,Benign
80.0,0.0,-1.0,0.0,0.0,0.0,37.0,-10.0,82.0,Benign
80.0,0.0,0.0,0.0,0.0,0.0,52.0,-6.0,82.0,Benign
80.0,0.0,0.0,0.0,0.0,0.0,89.0,-8.0,83.0,Benign
80.0,0.0,0.0,0.0,0.0,0.0,120.0,-13.0,83.0,Benign
80.0,0.0,0.0,0.0,0.0,0.0,156.0,-15.0,84.0,Benign
80.0,0.0,0.0,0.0,0.0,0.0,-173.0,-20.0,82.0,Benign
80.0,0.0,0.0,0.0,0.0,0.0,-150.0,-20.0,81.0,Benign
80.0,0.0,0.0,0.0,0.0,0.0,-145.0,-19.0,81.0,Benign
80.0,0.0,0.0,0.0,0.0,0.0,-144.0,-13.0,82.0,Benign
80.0,0.0,0.0,0.0,0.0,0.0,-144.0,-12.0,83.0,Benign
80.0,-1.0,-1.0,0.0,-8.0,0.0,-143.0,-10.0,84.0,Benign
80.0,-2.0,-1.0,0.0,0.0,0.0,-144.0,-5.0,79.0,Benign
80.0,-1.0,-1.0,0.0,0.0,-1.0,-144.0,0.0,84.0,Benign
80.0,-1.0,-1.0,0.0,0.0,-1.0,-143.0,3.0,72.0,Benign
80.0,-2.0,-1.0,0.0,0.0,-1.0,-144.0,6.0,83.0,Benign
80.0,-1.0,0.0,0.0,0.0,0.0,-144.0,6.0,83.0,Benign
80.0,0.0,0.0,0.0,0.0,0.0,-144.0,6.0,83.0,Benign
80.0,3.0,0.0,0.0,5.0,1.0,-143.0,6.0,83.0,Benign
80.0,4.0,1.0,0.0,0.0,-1.0,-143.0,22.0,85.0,Benign
80.0,2.0,1.0,0.0,-1.0,-1.0,-144.0,16.0,84.0,Benign
80.0,1.0,1.0,0.0,-1.0,0.0,-144.0,12.0,84.0,Benign
80.0,0.0,0.0,0.0,0.0,0.0,-144.0,7.0,82.0,Benign
80.0,0.0,0.0,0.0,0.0,0.0,-144.0,9.0,81.0,Benign
80.0,0.0,0.0,0.0,-8.0,0.0,-143.0,14.0,79.0,Benign
80.0,-3.0,-2.0,0.0,1.0,0.0,-143.0,20.0,81.0,Benign
80.0,-1.0,-1.0,0.0,-1.0,-1.0,-143.0,30.0,83.0,Benign
80.0,-1.0,-1.0,0.0,-1.0,-1.0,-143.0,37.0,85.0,Benign
80.0,-2.0,0.0,0.0,-1.0,-1.0,-144.0,26.0,92.0,Benign
80.0,-2.0,0.0,0.0,-1.0,-1.0,-144.0,26.0,92.0,Benign
80.0,-2.0,0.0,0.0,-1.0,-1.0,-144.0,26.0,92.0,Benign
80.0,-1.0,0.0,0.0,2.0,1.0,-144.0,26.0,92.0,Benign
80.0,1.0,0.0,0.0,8.0,-2.0,-144.0,26.0,92.0,Benign
80.0,3.0,3.0,0.0,0.0,-2.0,-144.0,26.0,92.0,Benign
80.0,1.0,2.0,0.0,-1.0,-1.0,-143.0,26.0,92.0,Benign
80.0,0.0,1.0,0.0,-1.0,-1.0,-143.0,26.0,92.0,Benign
80.0,0.0,1.0,0.0,0.0,0.0,-144.0,26.0,92.0,Benign
80.0,0.0,1.0,0.0,-1.0,-1.0,-144.0,26.0,84.0,Benign
80.0,0.0,0.0,0.0,0.0,-2.0,-144.0,23.0,81.0,Benign
80.0,0.0,1.0,0.0,1.0,0.0,-143.0,17.0,82.0,Benign
80.0,0.0,0.0,0.0,0.0,0.0,-143.0,13.0,82.0,Benign
80.0,0.0,0.0,0.0,0.0,0.0,-143.0,19.0,81.0,Benign
80.0,0.0,0.0,0.0,-8.0,0.0,-143.0,23.0,82.0,Benign
80.0,-2.0,-2.0,0.0,0.0,-1.0,-144.0,19.0,88.0,Benign
80.0,-2.0,-1.0,0.0,0.0,-1.0,-144.0,19.0,88.0,Benign
80.0,-2.0,0.0,0.0,0.0,-1.0,-144.0,19.0,88.0,Benign
80.0,-2.0,0.0,0.0,0.0,-1.0,-144.0,19.0,88.0,Benign
80.0,-1.0,0.0,0.0,3.0,2.0,-144.0,19.0,88.0,Benign
80.0,0.0,0.0,0.0,8.0,-2.0,-144.0,19.0,88.0,Benign
80.0,3.0,3.0,0.0,4.0,-2.0,-144.0,19.0,88.0,Benign
80.0,2.0,2.0,0.0,0.0,-1.0,-143.0,49.0,79.0,Benign
80.0,0.0,2.0,0.0,-2.0,-2.0,-143.0,38.0,79.0,Benign
80.0,0.0,1.0,0.0,0.0,0.0,-143.0,22.0,82.0,Benign
80.0,0.0,1.0,0.0,0.0,0.0,-143.0,14.0,81.0,Benign
80.0,0.0,1.0,0.0,1.0,0.0,-144.0,9.0,81.0,Benign
80.0,0.0,0.0,0.0,-1.0,0.0,-144.0,8.0,81.0,Benign
80.0,0.0,0.0,0.0,0.0,0.0,-117.0,4.0,83.0,Benign
80.0,0.0,0.0,0.0,0.0,0.0,-81.0,14.0,82.0,Benign
80.0,0.0,0.0,0.0,0.0,0.0,-52.0,14.0,83.0,Benign
80.0,0.0,0.0,0.0,0.0,0.0,-22.0,18.0,83.0,Benign
80.0,0.0,0.0,0.0,0.0,0.0,13.0,24.0,82.0,Benign
80.0,0.0,0.0,0.0,0.0,0.0,31.0,21.0,83.0,Benign
80.0,0.0,0.0,0.0,0.0,0.0,34.0,-200.0,-200.0,Benign
80.0,0.0,0.0,0.0,0.0,0.0,34.0,-200.0,-200.0,Benign
70.0,0.0,0.0,3.0,0.0,0.0,34.0,-200.0,-200.0,Benign
50.0,0.0,0.0,4.0,0.0,0.0,34.0,-200.0,-200.0,Benign
20.0,0.0,0.0,4.0,0.0,0.0,34.0,-200.0,-200.0,Benign
0.0,0.0,0.0,3.0,-1.0,0.0,34.0,-200.0,-200.0,Benign
0.0,0.0,0.0,0.0,0.0,0.0,0.0,0.0,0.0,DoS
70.0,0.0,0.0,0.0,0.0,0.0,0.0,-16.0,87.0,DoS
60.0,0.0,0.0,0.0,0.0,-1.0,0.0,-19.0,86.0,DoS
60.0,0.0,0.0,0.0,0.0,-1.0,0.0,-21.0,85.0,DoS
60.0,0.0,0.0,0.0,-1.0,0.0,0.0,-20.0,85.0,DoS
60.0,0.0,0.0,0.0,-1.0,0.0,0.0,-21.0,85.0,DoS
60.0,0.0,-1.0,0.0,-2.0,-3.0,0.0,-22.0,84.0,DoS
60.0,0.0,-1.0,0.0,0.0,-1.0,0.0,-17.0,84.0,DoS
60.0,0.0,-1.0,0.0,0.0,-1.0,0.0,-11.0,84.0,DoS
60.0,0.0,-1.0,0.0,-1.0,-1.0,0.0,-8.0,84.0,DoS
60.0,0.0,-1.0,0.0,0.0,0.0,0.0,-6.0,84.0,DoS
60.0,0.0,0.0,0.0,-2.0,0.0,0.0,-5.0,83.0,DoS
60.0,0.0,-1.0,0.0,0.0,0.0,0.0,-4.0,83.0,DoS
60.0,0.0,0.0,0.0,0.0,0.0,0.0,-6.0,84.0,DoS
60.0,0.0,0.0,0.0,0.0,-1.0,0.0,-9.0,86.0,DoS
60.0,0.0,0.0,0.0,0.0,-1.0,0.0,-12.0,87.0,DoS
60.0,0.0,0.0,0.0,0.0,-1.0,0.0,-17.0,86.0,DoS
60.0,3.0,0.0,0.0,-8.0,0.0,0.0,-22.0,85.0,DoS
60.0,2.0,0.0,0.0,0.0,0.0,0.0,-25.0,88.0,DoS
60.0,2.0,0.0,0.0,-1.0,-1.0,0.0,-25.0,88.0,DoS
60.0,2.0,0.0,0.0,-1.0,-1.0,0.0,-20.0,95.0,DoS
60.0,2.0,-1.0,0.0,-1.0,-1.0,0.0,18.0,82.0,DoS
60.0,1.0,-1.0,0.0,1.0,-2.0,0.0,18.0,80.0,DoS
60.0,0.0,0.0,0.0,0.0,0.0,0.0,12.0,81.0,DoS
60.0,1.0,0.0,0.0,-4.0,-2.0,0.0,15.0,80.0,DoS
60.0,1.0,0.0,0.0,0.0,0.0,0.0,9.0,82.0,DoS
60.0,1.0,0.0,0.0,0.0,0.0,0.0,8.0,82.0,DoS
60.0,0.0,0.0,0.0,0.0,-1.0,0.0,5.0,82.0,DoS
60.0,0.0,0.0,0.0,0.0,0.0,0.0,5.0,82.0,DoS
60.0,0.0,0.0,0.0,0.0,0.0,0.0,6.0,82.0,DoS
60.0,0.0,0.0,0.0,-8.0,0.0,0.0,9.0,82.0,DoS
60.0,3.0,0.0,0.0,1.0,0.0,0.0,15.0,81.0,DoS
60.0,2.0,0.0,0.0,-1.0,0.0,0.0,21.0,78.0,DoS
60.0,2.0,0.0,0.0,-1.0,-1.0,0.0,-2.0,82.0,DoS
60.0,2.0,-1.0,0.0,-1.0,-1.0,0.0,-2.0,79.0,DoS
60.0,1.0,0.0,0.0,2.0,3.0,0.0,0.0,80.0,DoS
60.0,0.0,0.0,0.0,-1.0,0.0,0.0,0.0,80.0,DoS
60.0,0.0,0.0,0.0,0.0,0.0,0.0,-2.0,81.0,DoS
60.0,0.0,0.0,0.0,0.0,0.0,0.0,-6.0,81.0,DoS
60.0,0.0,0.0,0.0,0.0,-1.0,0.0,-10.0,81.0,DoS
60.0,4.0,0.0,0.0,-5.0,0.0,0.0,-14.0,82.0,DoS
60.0,2.0,0.0,0.0,-1.0,-1.0,0.0,-24.0,81.0,DoS
60.0,2.0,0.0,0.0,-1.0,-1.0,0.0,-28.0,85.0,DoS
60.0,2.0,0.0,0.0,-1.0,-1.0,0.0,-42.0,80.0,DoS
60.0,2.0,-1.0,0.0,0.0,0.0,0.0,-7.0,85.0,DoS
60.0,0.0,0.0,0.0,0.0,0.0,0.0,-6.0,85.0,DoS
60.0,1.0,0.0,0.0,0.0,0.0,0.0,-14.0,84.0,DoS
60.0,1.0,0.0,0.0,0.0,-1.0,0.0,-13.0,84.0,DoS
60.0,1.0,0.0,0.0,0.0,-1.0,0.0,-13.0,84.0,DoS
60.0,1.0,0.0,0.0,0.0,-1.0,0.0,-13.0,84.0,DoS
60.0,1.0,0.0,0.0,0.0,-1.0,0.0,-13.0,84.0,DoS
60.0,0.0,0.0,0.0,0.0,0.0,0.0,-10.0,82.0,DoS
60.0,0.0,0.0,0.0,0.0,-1.0,0.0,-14.0,83.0,DoS
60.0,0.0,0.0,0.0,0.0,0.0,0.0,-17.0,82.0,DoS
60.0,0.0,0.0,0.0,0.0,0.0,0.0,-18.0,83.0,DoS
60.0,0.0,0.0,0.0,0.0,0.0,0.0,-19.0,84.0,DoS
60.0,0.0,0.0,0.0,0.0,0.0,0.0,-20.0,84.0,DoS
60.0,0.0,0.0,0.0,0.0,0.0,0.0,-20.0,84.0,DoS
60.0,0.0,0.0,0.0,0.0,0.0,0.0,-20.0,83.0,DoS
60.0,0.0,-1.0,0.0,0.0,-2.0,0.0,-21.0,83.0,DoS
60.0,0.0,-1.0,0.0,0.0,0.0,0.0,-14.0,84.0,DoS
60.0,0.0,-1.0,0.0,-1.0,0.0,0.0,-8.0,83.0,DoS
60.0,0.0,0.0,0.0,0.0,0.0,0.0,-5.0,82.0,DoS
60.0,0.0,0.0,0.0,0.0,0.0,1.0,-5.0,81.0,DoS
60.0,0.0,0.0,0.0,0.0,0.0,45.0,-11.0,82.0,DoS
60.0,0.0,0.0,0.0,0.0,0.0,75.0,-17.0,80.0,DoS
60.0,0.0,0.0,0.0,0.0,0.0,106.0,-23.0,80.0,DoS
60.0,0.0,0.0,0.0,0.0,0.0,136.0,-27.0,73.0,DoS
60.0,0.0,0.0,0.0,0.0,1.0,167.0,-31.0,77.0,DoS
60.0,0.0,0.0,0.0,0.0,0.0,176.0,-27.0,79.0,DoS
60.0,0.0,0.0,0.0,0.0,0.0,178.0,-20.0,82.0,DoS
60.0,0.0,0.0,0.0,0.0,0.0,178.0,-17.0,83.0,DoS
60.0,0.0,0.0,0.0,0.0,0.0,178.0,-15.0,83.0,DoS
60.0,-4.0,0.0,0.0,-6.0,0.0,178.0,-15.0,82.0,DoS
60.0,-2.0,0.0,0.0,0.0,0.0,178.0,-8.0,83.0,DoS
60.0,-2.0,0.0,0.0,0.0,0.0,178.0,-3.0,82.0,DoS
60.0,-2.0,0.0,0.0,-1.0,0.0,178.0,1.0,83.0,DoS
60.0,-2.0,0.0,0.0,0.0,1.0,178.0,-9.0,98.0,DoS
60.0,0.0,0.0,0.0,1.0,-4.0,178.0,-9.0,98.0,DoS
60.0,0.0,0.0,0.0,0.0,0.0,178.0,-9.0,98.0,DoS
60.0,0.0,0.0,0.0,0.0,0.0,178.0,-9.0,98.0,DoS
60.0,0.0,0.0,0.0,0.0,0.0,178.0,-9.0,98.0,DoS
60.0,1.0,0.0,0.0,-1.0,0.0,178.0,17.0,80.0,DoS
60.0,0.0,0.0,0.0,0.0,0.0,178.0,21.0,78.0,DoS
60.0,0.0,0.0,0.0,0.0,-1.0,178.0,33.0,77.0,DoS
60.0,-3.0,0.0,0.0,-8.0,0.0,178.0,31.0,76.0,DoS
60.0,-2.0,0.0,0.0,0.0,0.0,178.0,-6.0,96.0,DoS
60.0,-2.0,0.0,0.0,-1.0,0.0,178.0,14.0,88.0,DoS
60.0,-2.0,0.0,0.0,-1.0,-2.0,178.0,23.0,82.0,DoS
60.0,-2.0,1.0,0.0,0.0,-1.0,178.0,25.0,79.0,DoS
60.0,0.0,2.0,0.0,2.0,0.0,178.0,22.0,75.0,DoS
60.0,0.0,0.0,0.0,0.0,0.0,178.0,20.0,75.0,DoS
60.0,1.0,1.0,0.0,0.0,0.0,178.0,21.0,75.0,DoS
60.0,1.0,1.0,0.0,0.0,-1.0,178.0,11.0,80.0,DoS
60.0,0.0,1.0,0.0,-1.0,-1.0,178.0,8.0,81.0,DoS
60.0,0.0,1.0,0.0,0.0,-1.0,178.0,4.0,80.0,DoS
60.0,0.0,1.0,0.0,0.0,-1.0,178.0,2.0,79.0,DoS
60.0,0.0,0.0,0.0,0.0,0.0,178.0,2.0,81.0,DoS
60.0,0.0,0.0,0.0,0.0,-1.0,178.0,2.0,82.0,DoS
60.0,0.0,0.0,0.0,-3.0,0.0,178.0,6.0,82.0,DoS
60.0,-4.0,0.0,0.0,0.0,-1.0,178.0,10.0,81.0,DoS
60.0,-2.0,0.0,0.0,0.0,0.0,178.0,19.0,76.0,DoS
60.0,-2.0,0.0,0.0,-1.0,-1.0,178.0,23.0,76.0,DoS
60.0,-2.0,0.0,0.0,-1.0,-1.0,178.0,23.0,76.0,DoS
60.0,-2.0,0.0,0.0,-1.0,-1.0,178.0,23.0,76.0,DoS
60.0,0.0,0.0,0.0,0.0,0.0,178.0,3.0,81.0,DoS
60.0,-1.0,0.0,0.0,0.0,0.0,178.0,2.0,81.0,DoS
60.0,0.0,0.0,0.0,1.0,0.0,178.0,3.0,82.0,DoS
60.0,0.0,0.0,0.0,0.0,0.0,-147.0,1.0,82.0,DoS
60.0,0.0,0.0,0.0,0.0,0.0,-125.0,-5.0,81.0,DoS
60.0,0.0,0.0,0.0,0.0,0.0,-97.0,-5.0,81.0,DoS
60.0,0.0,0.0,0.0,0.0,0.0,-68.0,-2.0,82.0,DoS
60.0,0.0,0.0,0.0,0.0,0.0,-34.0,-6.0,83.0,DoS
60.0,0.0,0.0,0.0,0.0,0.0,-12.0,-13.0,81.0,DoS
60.0,0.0,0.0,0.0,0.0,1.0,-6.0,-10.0,82.0,DoS
60.0,0.0,0.0,0.0,0.0,0.0,-3.0,-11.0,82.0,DoS
60.0,0.0,0.0,0.0,0.0,0.0,-3.0,-200.0,-200.0,DoS
60.0,0.0,0.0,0.0,0.0,1.0,-3.0,-200.0,-200.0,DoS
50.0,0.0,0.0,4.0,0.0,0.0,-3.0,-200.0,-200.0,DoS
20.0,0.0,0.0,4.0,0.0,0.0,-3.0,-200.0,-200.0,DoS
0.0,0.0,0.0,4.0,0.0,0.0,-3.0,-200.0,-200.0,DoS
-10.0,-1.0,0.0,0.0,0.0,0.0,-3.0,-200.0,-200.0,DoS
-10.0,-1.0,0.0,0.0,0.0,0.0,-3.0,-200.0,-200.0,DoS
70.0,1.0,0.0,0.0,0.0,0.0,0.0,-8.0,83.0,DoS
70.0,0.0,0.0,0.0,0.0,0.0,0.0,-7.0,83.0,DoS
70.0,0.0,0.0,0.0,0.0,0.0,0.0,-9.0,82.0,DoS
70.0,0.0,0.0,0.0,-1.0,0.0,0.0,-10.0,81.0,DoS
70.0,1.0,0.0,0.0,0.0,0.0,0.0,-9.0,81.0,DoS
70.0,1.0,0.0,0.0,-3.0,-1.0,0.0,-11.0,80.0,DoS
70.0,2.0,0.0,0.0,0.0,0.0,0.0,-7.0,82.0,DoS
60.0,1.0,0.0,0.0,0.0,0.0,0.0,-5.0,82.0,DoS
70.0,1.0,0.0,0.0,-1.0,0.0,0.0,-4.0,82.0,DoS
70.0,1.0,0.0,0.0,-1.0,0.0,0.0,-5.0,82.0,DoS
60.0,1.0,0.0,0.0,0.0,1.0,0.0,-4.0,82.0,DoS
60.0,0.0,0.0,0.0,-1.0,-2.0,0.0,-5.0,81.0,DoS
60.0,1.0,0.0,0.0,-1.0,0.0,0.0,-6.0,82.0,DoS
60.0,1.0,0.0,0.0,1.0,2.0,0.0,-3.0,82.0,DoS
60.0,0.0,0.0,0.0,0.0,0.0,0.0,-5.0,82.0,DoS
60.0,0.0,0.0,0.0,-1.0,0.0,0.0,-6.0,82.0,DoS
70.0,0.0,0.0,0.0,-2.0,0.0,0.0,-14.0,81.0,DoS
70.0,0.0,0.0,0.0,-2.0,-1.0,0.0,-17.0,82.0,DoS
60.0,4.0,0.0,0.0,-7.0,0.0,0.0,-20.0,79.0,DoS
60.0,2.0,0.0,0.0,-1.0,0.0,0.0,-17.0,83.0,DoS
60.0,2.0,0.0,0.0,-1.0,0.0,0.0,-21.0,84.0,DoS
70.0,2.0,0.0,0.0,-2.0,0.0,0.0,-21.0,87.0,DoS
70.0,2.0,0.0,0.0,-2.0,0.0,0.0,-25.0,87.0,DoS
70.0,2.0,0.0,0.0,-2.0,-1.0,0.0,-17.0,91.0,DoS
70.0,2.0,0.0,0.0,-2.0,0.0,0.0,-18.0,93.0,DoS
70.0,1.0,0.0,0.0,0.0,0.0,0.0,-8.0,82.0,DoS
70.0,0.0,0.0,0.0,-1.0,0.0,0.0,12.0,83.0,DoS
70.0,3.0,0.0,0.0,-2.0,0.0,0.0,6.0,82.0,DoS
70.0,2.0,0.0,0.0,-1.0,0.0,0.0,13.0,80.0,DoS
70.0,1.0,0.0,0.0,0.0,0.0,0.0,10.0,82.0,DoS
60.0,1.0,0.0,0.0,-1.0,0.0,0.0,9.0,82.0,DoS
60.0,1.0,0.0,0.0,-1.0,0.0,0.0,8.0,82.0,DoS
60.0,0.0,0.0,0.0,0.0,1.0,0.0,7.0,82.0,DoS
60.0,0.0,0.0,0.0,-1.0,0.0,0.0,7.0,82.0,DoS
70.0,0.0,0.0,0.0,-1.0,0.0,0.0,8.0,83.0,DoS
70.0,3.0,0.0,0.0,-8.0,0.0,0.0,14.0,82.0,DoS
70.0,2.0,0.0,0.0,-1.0,0.0,0.0,16.0,83.0,DoS
70.0,2.0,0.0,0.0,-1.0,0.0,0.0,25.0,78.0,DoS
70.0,2.0,0.0,0.0,-2.0,0.0,0.0,26.0,79.0,DoS
70.0,2.0,0.0,0.0,-2.0,0.0,0.0,24.0,80.0,DoS
70.0,2.0,0.0,0.0,-1.0,-1.0,0.0,49.0,64.0,DoS
70.0,1.0,-1.0,0.0,-1.0,0.0,0.0,0.0,83.0,DoS
70.0,0.0,0.0,0.0,-1.0,0.0,0.0,-3.0,81.0,DoS
70.0,2.0,0.0,0.0,-2.0,0.0,0.0,-4.0,84.0,DoS
70.0,1.0,0.0,0.0,-1.0,-2.0,0.0,-10.0,83.0,DoS
60.0,1.0,0.0,0.0,-1.0,-1.0,0.0,-11.0,82.0,DoS
60.0,1.0,-1.0,0.0,-1.0,-1.0,0.0,-12.0,82.0,DoS
60.0,0.0,-1.0,0.0,-1.0,-1.0,0.0,-7.0,82.0,DoS
60.0,0.0,0.0,0.0,0.0,1.0,0.0,-5.0,81.0,DoS
60.0,0.0,0.0,0.0,-1.0,0.0,0.0,-7.0,82.0,DoS
60.0,0.0,0.0,0.0,-1.0,0.0,0.0,-10.0,83.0,DoS
70.0,4.0,0.0,0.0,0.0,0.0,0.0,-15.0,84.0,DoS
70.0,2.0,0.0,0.0,-1.0,0.0,0.0,-22.0,82.0,DoS
70.0,2.0,0.0,0.0,-2.0,0.0,0.0,-25.0,81.0,DoS
70.0,2.0,0.0,0.0,-2.0,-1.0,0.0,-32.0,81.0,DoS
70.0,2.0,0.0,0.0,-2.0,-1.0,0.0,-28.0,81.0,DoS
70.0,2.0,-1.0,0.0,-1.0,-1.0,0.0,-32.0,86.0,DoS
70.0,1.0,-1.0,0.0,-2.0,-1.0,0.0,-6.0,86.0,DoS
70.0,1.0,-1.0,0.0,-2.0,-1.0,0.0,-6.0,86.0,DoS
60.0,0.0,0.0,0.0,-1.0,-1.0,0.0,-3.0,84.0,DoS
60.0,0.0,0.0,0.0,-2.0,-1.0,0.0,-7.0,85.0,DoS
60.0,0.0,0.0,0.0,-1.0,0.0,0.0,-5.0,77.0,DoS
60.0,0.0,0.0,0.0,-1.0,-1.0,0.0,-9.0,79.0,DoS
60.0,0.0,0.0,0.0,-1.0,0.0,0.0,-11.0,84.0,DoS
60.0,1.0,0.0,0.0,-8.0,0.0,0.0,-8.0,80.0,DoS
60.0,2.0,0.0,0.0,-1.0,0.0,0.0,-25.0,82.0,DoS
70.0,2.0,0.0,0.0,-1.0,-1.0,0.0,-30.0,82.0,DoS
70.0,2.0,0.0,0.0,-1.0,-1.0,0.0,-35.0,77.0,DoS
60.0,2.0,0.0,0.0,-1.0,-2.0,0.0,-35.0,77.0,DoS
70.0,1.0,-1.0,0.0,2.0,-2.0,0.0,-35.0,77.0,DoS
60.0,0.0,0.0,0.0,0.0,0.0,0.0,-39.0,76.0,DoS
70.0,-3.0,-2.0,0.0,1.0,-4.0,0.0,-36.0,71.0,DoS
70.0,-1.0,-2.0,0.0,-1.0,0.0,0.0,-25.0,78.0,DoS
60.0,-1.0,-1.0,0.0,-1.0,0.0,0.0,-11.0,80.0,DoS
60.0,0.0,-1.0,0.0,0.0,-1.0,0.0,-6.0,79.0,DoS
60.0,0.0,-1.0,0.0,0.0,-1.0,0.0,-1.0,79.0,DoS
60.0,0.0,0.0,0.0,0.0,0.0,8.0,-1.0,80.0,DoS
60.0,0.0,0.0,0.0,0.0,0.0,8.0,-1.0,80.0,DoS
60.0,0.0,0.0,0.0,0.0,0.0,68.0,-5.0,81.0,DoS
60.0,0.0,0.0,0.0,0.0,0.0,74.0,-13.0,80.0,DoS
60.0,0.0,0.0,0.0,0.0,0.0,74.0,-13.0,80.0,DoS
60.0,0.0,0.0,0.0,0.0,0.0,74.0,-13.0,80.0,DoS
60.0,0.0,0.0,0.0,0.0,0.0,177.0,-14.0,81.0,DoS
60.0,0.0,0.0,0.0,0.0,0.0,178.0,-14.0,81.0,DoS
60.0,0.0,0.0,0.0,0.0,0.0,178.0,-12.0,82.0,DoS
60.0,0.0,0.0,0.0,-8.0,0.0,178.0,-9.0,82.0,DoS
60.0,-3.0,0.0,0.0,0.0,0.0,178.0,-4.0,82.0,DoS
60.0,-2.0,0.0,0.0,0.0,0.0,178.0,3.0,81.0,DoS
60.0,-2.0,0.0,0.0,0.0,0.0,178.0,2.0,75.0,DoS
60.0,-2.0,0.0,0.0,0.0,0.0,178.0,2.0,75.0,DoS
60.0,-2.0,0.0,0.0,0.0,0.0,178.0,2.0,75.0,DoS
60.0,0.0,0.0,0.0,0.0,0.0,178.0,-14.0,78.0,DoS
60.0,0.0,-1.0,0.0,-1.0,1.0,178.0,-14.0,77.0,DoS
60.0,-1.0,0.0,0.0,0.0,0.0,178.0,-6.0,80.0,DoS
60.0,0.0,0.0,0.0,1.0,0.0,178.0,0.0,80.0,DoS
60.0,0.0,0.0,0.0,0.0,0.0,178.0,0.0,79.0,DoS
60.0,0.0,0.0,0.0,-1.0,0.0,178.0,4.0,78.0,DoS
60.0,-4.0,0.0,0.0,-1.0,0.0,178.0,2.0,79.0,DoS
60.0,-2.0,0.0,0.0,0.0,0.0,178.0,2.0,80.0,DoS
60.0,-2.0,0.0,0.0,0.0,0.0,178.0,12.0,76.0,DoS
60.0,-2.0,0.0,0.0,0.0,0.0,178.0,12.0,78.0,DoS
60.0,-2.0,0.0,0.0,0.0,1.0,178.0,1.0,71.0,DoS
60.0,0.0,0.0,0.0,1.0,-3.0,178.0,11.0,75.0,DoS
60.0,0.0,0.0,0.0,0.0,0.0,178.0,10.0,75.0,DoS
60.0,-1.0,0.0,0.0,-7.0,2.0,178.0,10.0,75.0,DoS
60.0,-2.0,0.0,0.0,0.0,0.0,178.0,1.0,78.0,DoS
60.0,-2.0,0.0,0.0,0.0,0.0,178.0,1.0,78.0,DoS
60.0,0.0,0.0,0.0,0.0,0.0,178.0,-5.0,79.0,DoS
60.0,0.0,0.0,0.0,0.0,0.0,178.0,-7.0,78.0,DoS
60.0,0.0,0.0,0.0,0.0,0.0,178.0,-9.0,78.0,DoS
60.0,0.0,0.0,0.0,-1.0,0.0,178.0,-12.0,78.0,DoS
60.0,0.0,0.0,0.0,0.0,-1.0,178.0,-14.0,80.0,DoS
60.0,0.0,0.0,0.0,0.0,0.0,178.0,-13.0,81.0,DoS
60.0,0.0,0.0,0.0,0.0,0.0,178.0,-13.0,81.0,DoS
70.0,0.0,0.0,0.0,0.0,0.0,178.0,-11.0,83.0,DoS
70.0,0.0,0.0,0.0,0.0,0.0,178.0,-9.0,83.0,DoS
70.0,0.0,0.0,0.0,0.0,0.0,178.0,-9.0,82.0,DoS
70.0,0.0,0.0,0.0,0.0,0.0,178.0,-7.0,82.0,DoS
70.0,0.0,1.0,0.0,0.0,0.0,178.0,-8.0,82.0,DoS
70.0,0.0,0.0,0.0,0.0,0.0,178.0,-4.0,82.0,DoS
70.0,0.0,0.0,0.0,0.0,0.0,178.0,-1.0,82.0,DoS
70.0,-1.0,0.0,0.0,-8.0,0.0,178.0,-3.0,82.0,DoS
70.0,-3.0,0.0,0.0,0.0,0.0,178.0,-5.0,80.0,DoS
70.0,-2.0,0.0,0.0,-1.0,0.0,178.0,-6.0,77.0,DoS
70.0,-2.0,0.0,0.0,-1.0,0.0,178.0,-5.0,81.0,DoS
70.0,-2.0,0.0,0.0,0.0,0.0,178.0,-4.0,82.0,DoS
60.0,0.0,0.0,0.0,1.0,0.0,178.0,-5.0,81.0,DoS
60.0,-1.0,0.0,0.0,-3.0,0.0,178.0,-10.0,79.0,DoS
70.0,-1.0,0.0,0.0,0.0,0.0,178.0,-2.0,83.0,DoS
70.0,0.0,0.0,0.0,0.0,0.0,179.0,-2.0,83.0,DoS
70.0,0.0,0.0,0.0,0.0,0.0,-150.0,-4.0,82.0,DoS
70.0,0.0,0.0,0.0,-1.0,0.0,-118.0,0.0,83.0,DoS
70.0,0.0,0.0,0.0,0.0,-1.0,-83.0,-4.0,83.0,DoS
70.0,0.0,0.0,0.0,0.0,0.0,-48.0,-2.0,82.0,DoS
70.0,0.0,0.0,0.0,0.0,0.0,-14.0,0.0,82.0,DoS
70.0,0.0,0.0,0.0,0.0,0.0,-3.0,2.0,82.0,DoS
70.0,0.0,0.0,0.0,0.0,0.0,0.0,-200.0,-200.0,DoS
70.0,0.0,0.0,0.0,0.0,0.0,3.0,-200.0,-200.0,DoS
50.0,0.0,0.0,4.0,0.0,0.0,3.0,-200.0,-200.0,DoS
30.0,0.0,0.0,4.0,0.0,0.0,2.0,-200.0,-200.0,DoS
0.0,0.0,0.0,4.0,0.0,0.0,2.0,-200.0,-200.0,DoS
80.0,0.0,0.0,0.0,-1.0,0.0,0.0,-11.0,84.0,DoS
80.0,0.0,0.0,0.0,-1.0,0.0,0.0,-12.0,84.0,DoS
80.0,0.0,0.0,0.0,-1.0,0.0,0.0,-12.0,84.0,DoS
80.0,0.0,0.0,0.0,-4.0,-1.0,0.0,-16.0,83.0,DoS
80.0,1.0,-1.0,0.0,-1.0,0.0,0.0,-12.0,84.0,DoS
80.0,1.0,0.0,0.0,0.0,0.0,0.0,-7.0,85.0,DoS
80.0,1.0,0.0,0.0,-1.0,0.0,0.0,-5.0,84.0,DoS
80.0,0.0,0.0,0.0,-1.0,-2.0,0.0,-3.0,84.0,DoS
70.0,0.0,0.0,0.0,1.0,1.0,0.0,-4.0,83.0,DoS
80.0,0.0,0.0,0.0,-1.0,0.0,0.0,-6.0,83.0,DoS
80.0,0.0,0.0,0.0,-1.0,0.0,0.0,-10.0,84.0,DoS
80.0,0.0,0.0,0.0,-1.0,0.0,0.0,-15.0,84.0,DoS
80.0,0.0,0.0,0.0,-1.0,0.0,0.0,-19.0,83.0,DoS
80.0,4.0,0.0,0.0,-3.0,0.0,0.0,-23.0,81.0,DoS
80.0,2.0,0.0,0.0,-1.0,0.0,0.0,-19.0,85.0,DoS
80.0,2.0,0.0,0.0,-2.0,0.0,0.0,-22.0,86.0,DoS
80.0,2.0,0.0,0.0,-2.0,0.0,0.0,-17.0,89.0,DoS
80.0,2.0,0.0,0.0,-2.0,0.0,0.0,-43.0,77.0,DoS
80.0,2.0,0.0,0.0,-2.0,0.0,0.0,-28.0,87.0,DoS
80.0,2.0,0.0,0.0,-2.0,0.0,0.0,-28.0,87.0,DoS
80.0,1.0,0.0,0.0,-2.0,-1.0,0.0,-23.0,91.0,DoS
80.0,1.0,0.0,0.0,-2.0,-1.0,0.0,-19.0,90.0,DoS
80.0,1.0,-1.0,0.0,-2.0,-1.0,0.0,-28.0,83.0,DoS
80.0,1.0,0.0,0.0,1.0,0.0,0.0,-16.0,87.0,DoS
80.0,0.0,-1.0,0.0,-4.0,2.0,0.0,-15.0,69.0,DoS
80.0,1.0,0.0,0.0,2.0,-1.0,0.0,-29.0,75.0,DoS
80.0,-3.0,-2.0,0.0,0.0,-1.0,0.0,-17.0,91.0,DoS
80.0,-1.0,-1.0,0.0,-1.0,0.0,0.0,-16.0,86.0,DoS
80.0,0.0,-1.0,0.0,-2.0,0.0,0.0,-7.0,86.0,DoS
70.0,0.0,-1.0,0.0,0.0,0.0,0.0,-6.0,86.0,DoS
70.0,0.0,0.0,0.0,-1.0,-1.0,0.0,-7.0,85.0,DoS
70.0,0.0,-1.0,0.0,0.0,0.0,0.0,-6.0,83.0,DoS
70.0,0.0,0.0,0.0,0.0,0.0,0.0,-4.0,83.0,DoS
70.0,0.0,0.0,0.0,0.0,0.0,0.0,-7.0,83.0,DoS
70.0,0.0,0.0,0.0,0.0,0.0,0.0,-15.0,82.0,DoS
80.0,0.0,0.0,-1.0,0.0,0.0,0.0,-14.0,90.0,DoS
90.0,0.0,0.0,-1.0,0.0,0.0,0.0,-12.0,102.0,DoS
100.0,0.0,0.0,-1.0,0.0,0.0,0.0,-10.0,111.0,DoS
110.0,0.0,0.0,0.0,-1.0,-1.0,0.0,-17.0,115.0,DoS
100.0,0.0,0.0,1.0,0.0,0.0,0.0,-17.0,116.0,DoS
100.0,0.0,0.0,2.0,-1.0,-1.0,0.0,-19.0,107.0,DoS
90.0,0.0,0.0,1.0,0.0,-1.0,0.0,-23.0,94.0,DoS
80.0,0.0,0.0,1.0,0.0,0.0,0.0,-23.0,89.0,DoS
80.0,0.0,0.0,0.0,-1.0,-1.0,0.0,-24.0,84.0,DoS
70.0,0.0,-1.0,0.0,0.0,-2.0,0.0,-36.0,77.0,DoS
80.0,0.0,-1.0,0.0,0.0,-1.0,0.0,-19.0,83.0,DoS
70.0,0.0,-1.0,0.0,0.0,-1.0,0.0,-13.0,82.0,DoS
70.0,0.0,-1.0,0.0,-2.0,0.0,0.0,-8.0,81.0,DoS
70.0,0.0,-1.0,0.0,-1.0,0.0,0.0,-6.0,80.0,DoS
70.0,0.0,0.0,0.0,0.0,1.0,0.0,-4.0,80.0,DoS
70.0,4.0,0.0,0.0,0.0,0.0,0.0,-8.0,81.0,DoS
70.0,2.0,0.0,0.0,-1.0,-1.0,0.0,-16.0,84.0,DoS
70.0,2.0,0.0,0.0,-1.0,-1.0,0.0,-14.0,87.0,DoS
70.0,2.0,0.0,0.0,-1.0,-1.0,0.0,-2.0,87.0,DoS
70.0,2.0,-1.0,0.0,-1.0,-1.0,0.0,8.0,75.0,DoS
70.0,1.0,-1.0,0.0,0.0,-2.0,0.0,5.0,76.0,DoS
70.0,0.0,0.0,0.0,0.0,0.0,0.0,-2.0,76.0,DoS
70.0,1.0,0.0,0.0,-1.0,0.0,0.0,4.0,78.0,DoS
80.0,1.0,0.0,0.0,-1.0,-3.0,0.0,8.0,81.0,DoS
80.0,0.0,0.0,0.0,0.0,-1.0,0.0,7.0,82.0,DoS
80.0,0.0,0.0,0.0,0.0,-1.0,0.0,6.0,82.0,DoS
80.0,0.0,0.0,0.0,0.0,0.0,0.0,5.0,82.0,DoS
80.0,0.0,0.0,0.0,-1.0,0.0,0.0,7.0,82.0,DoS
70.0,1.0,0.0,0.0,-8.0,0.0,0.0,10.0,81.0,DoS
70.0,3.0,0.0,0.0,0.0,0.0,0.0,16.0,80.0,DoS
80.0,2.0,0.0,0.0,-1.0,0.0,0.0,22.0,76.0,DoS
80.0,2.0,0.0,0.0,-1.0,0.0,0.0,21.0,80.0,DoS
70.0,2.0,0.0,0.0,-1.0,0.0,0.0,-1.0,69.0,DoS
80.0,2.0,0.0,0.0,-1.0,1.0,0.0,0.0,79.0,DoS
80.0,0.0,0.0,0.0,0.0,0.0,0.0,0.0,80.0,DoS
80.0,1.0,0.0,0.0,-2.0,0.0,0.0,0.0,79.0,DoS
80.0,1.0,0.0,0.0,-1.0,0.0,0.0,-4.0,82.0,DoS
70.0,1.0,0.0,0.0,0.0,-1.0,0.0,-5.0,81.0,DoS
70.0,0.0,0.0,0.0,0.0,0.0,0.0,-6.0,81.0,DoS
70.0,0.0,0.0,0.0,0.0,0.0,26.0,-5.0,81.0,DoS
80.0,0.0,0.0,0.0,0.0,-1.0,62.0,-6.0,82.0,DoS
80.0,0.0,0.0,0.0,0.0,0.0,92.0,-8.0,82.0,DoS
70.0,0.0,0.0,0.0,0.0,0.0,122.0,-9.0,82.0,DoS
80.0,0.0,0.0,0.0,0.0,0.0,153.0,-13.0,82.0,DoS
80.0,0.0,0.0,0.0,0.0,0.0,173.0,-16.0,82.0,DoS
70.0,0.0,0.0,0.0,0.0,0.0,178.0,-19.0,80.0,DoS
70.0,0.0,0.0,0.0,0.0,0.0,178.0,-17.0,80.0,DoS
70.0,0.0,0.0,0.0,0.0,0.0,178.0,-15.0,79.0,DoS
70.0,-4.0,0.0,0.0,-1.0,0.0,178.0,-14.0,79.0,DoS
70.0,-2.0,0.0,0.0,0.0,0.0,178.0,-12.0,79.0,DoS
70.0,-2.0,0.0,0.0,0.0,0.0,178.0,-13.0,74.0,DoS
70.0,-2.0,0.0,0.0,0.0,0.0,178.0,-13.0,74.0,DoS
70.0,-2.0,0.0,0.0,0.0,0.0,178.0,24.0,82.0,DoS
70.0,0.0,0.0,0.0,0.0,0.0,178.0,32.0,77.0,DoS
70.0,0.0,-2.0,0.0,0.0,2.0,178.0,31.0,78.0,DoS
80.0,0.0,-2.0,0.0,0.0,0.0,178.0,17.0,80.0,DoS
70.0,0.0,-1.0,0.0,0.0,0.0,178.0,5.0,80.0,DoS
70.0,0.0,0.0,0.0,0.0,0.0,178.0,3.0,80.0,DoS
70.0,0.0,0.0,0.0,0.0,0.0,178.0,3.0,80.0,DoS
80.0,0.0,0.0,0.0,0.0,0.0,178.0,6.0,81.0,DoS
70.0,-4.0,0.0,0.0,0.0,0.0,178.0,5.0,80.0,DoS
80.0,-2.0,0.0,0.0,0.0,0.0,178.0,6.0,77.0,DoS
70.0,-2.0,0.0,0.0,-1.0,0.0,178.0,6.0,75.0,DoS
70.0,-2.0,0.0,0.0,-1.0,0.0,178.0,-4.0,89.0,DoS
70.0,-2.0,0.0,0.0,0.0,0.0,178.0,-15.0,82.0,DoS
70.0,0.0,0.0,0.0,1.0,0.0,178.0,-17.0,80.0,DoS
70.0,0.0,0.0,0.0,-4.0,3.0,178.0,-17.0,80.0,DoS
80.0,-1.0,-1.0,0.0,0.0,0.0,178.0,-17.0,80.0,DoS
80.0,-1.0,-1.0,0.0,0.0,0.0,178.0,-17.0,80.0,DoS
80.0,0.0,0.0,0.0,1.0,0.0,178.0,-1.0,82.0,DoS
70.0,0.0,0.0,0.0,0.0,0.0,178.0,-3.0,81.0,DoS
70.0,0.0,0.0,0.0,0.0,0.0,178.0,-2.0,82.0,DoS
80.0,0.0,0.0,0.0,-1.0,0.0,178.0,-1.0,84.0,DoS
80.0,0.0,0.0,0.0,0.0,0.0,178.0,-1.0,85.0,DoS
80.0,0.0,0.0,0.0,0.0,0.0,178.0,-1.0,85.0,DoS
80.0,0.0,0.0,0.0,0.0,0.0,178.0,-2.0,85.0,DoS
80.0,0.0,0.0,0.0,0.0,0.0,178.0,-1.0,85.0,DoS
80.0,0.0,0.0,0.0,0.0,0.0,178.0,-1.0,85.0,DoS
80.0,0.0,0.0,0.0,0.0,0.0,178.0,-2.0,83.0,DoS
80.0,0.0,0.0,0.0,0.0,0.0,178.0,-1.0,83.0,DoS
80.0,0.0,0.0,0.0,0.0,0.0,178.0,0.0,83.0,DoS
80.0,0.0,0.0,0.0,0.0,0.0,178.0,-1.0,83.0,DoS
80.0,0.0,0.0,0.0,0.0,0.0,178.0,-1.0,83.0,DoS
80.0,0.0,0.0,0.0,0.0,0.0,178.0,-1.0,84.0,DoS
80.0,0.0,0.0,0.0,0.0,0.0,178.0,-3.0,84.0,DoS
80.0,0.0,0.0,0.0,0.0,0.0,178.0,-2.0,84.0,DoS
80.0,0.0,0.0,0.0,0.0,0.0,178.0,-1.0,83.0,DoS
80.0,0.0,0.0,0.0,0.0,0.0,178.0,-2.0,83.0,DoS
80.0,0.0,0.0,0.0,-1.0,0.0,178.0,-2.0,83.0,DoS
80.0,0.0,0.0,0.0,0.0,0.0,178.0,-1.0,84.0,DoS
80.0,0.0,0.0,0.0,0.0,0.0,178.0,0.0,85.0,DoS
80.0,0.0,0.0,0.0,0.0,0.0,178.0,-2.0,84.0,DoS
80.0,0.0,0.0,0.0,0.0,0.0,178.0,-2.0,82.0,DoS
80.0,0.0,0.0,0.0,0.0,0.0,178.0,-2.0,82.0,DoS
80.0,0.0,0.0,0.0,0.0,0.0,178.0,-1.0,83.0,DoS
80.0,0.0,0.0,0.0,0.0,0.0,178.0,-1.0,84.0,DoS
80.0,0.0,0.0,0.0,0.0,0.0,178.0,-3.0,83.0,DoS
80.0,0.0,0.0,0.0,0.0,0.0,178.0,0.0,83.0,DoS
80.0,0.0,0.0,0.0,0.0,0.0,178.0,0.0,83.0,DoS
80.0,0.0,0.0,0.0,0.0,0.0,178.0,-1.0,83.0,DoS
80.0,0.0,0.0,0.0,0.0,0.0,178.0,-2.0,82.0,DoS
80.0,0.0,0.0,0.0,-1.0,0.0,178.0,-2.0,82.0,DoS
70.0,0.0,0.0,0.0,0.0,0.0,178.0,0.0,81.0,DoS
80.0,0.0,0.0,0.0,0.0,0.0,178.0,-1.0,82.0,DoS
70.0,0.0,0.0,0.0,0.0,0.0,178.0,-2.0,81.0,DoS
70.0,0.0,0.0,0.0,0.0,0.0,178.0,-3.0,80.0,DoS
80.0,0.0,0.0,0.0,0.0,0.0,1.0,-8.0,84.0,DoS
80.0,0.0,0.0,0.0,0.0,0.0,1.0,-8.0,85.0,DoS
80.0,0.0,0.0,0.0,0.0,0.0,0.0,-8.0,85.0,DoS
80.0,0.0,0.0,0.0,-1.0,0.0,0.0,-8.0,85.0,DoS
80.0,0.0,0.0,0.0,-1.0,0.0,0.0,-10.0,85.0,DoS
80.0,0.0,0.0,0.0,-1.0,0.0,0.0,-10.0,84.0,DoS
80.0,0.0,0.0,0.0,-1.0,0.0,0.0,-12.0,83.0,DoS
80.0,1.0,-1.0,0.0,-3.0,-1.0,0.0,-15.0,80.0,DoS
80.0,1.0,0.0,0.0,-1.0,0.0,0.0,-7.0,83.0,DoS
80.0,1.0,0.0,0.0,-1.0,0.0,0.0,-6.0,82.0,DoS
80.0,0.0,0.0,0.0,-1.0,0.0,0.0,-7.0,81.0,DoS
80.0,1.0,0.0,0.0,-1.0,0.0,1.0,-7.0,82.0,DoS
80.0,1.0,0.0,0.0,-1.0,0.0,0.0,-3.0,81.0,DoS
80.0,0.0,0.0,0.0,0.0,0.0,0.0,-6.0,81.0,DoS
80.0,0.0,0.0,0.0,-1.0,0.0,0.0,-8.0,81.0,DoS
80.0,0.0,0.0,0.0,-1.0,0.0,0.0,-9.0,83.0,DoS
80.0,0.0,0.0,0.0,-1.0,-1.0,0.0,-14.0,83.0,DoS
80.0,0.0,0.0,0.0,-1.0,0.0,0.0,-18.0,82.0,DoS
80.0,0.0,0.0,0.0,-1.0,0.0,0.0,-17.0,83.0,DoS
80.0,1.0,0.0,0.0,-9.0,0.0,0.0,-16.0,83.0,DoS
80.0,3.0,0.0,0.0,0.0,0.0,0.0,-18.0,84.0,DoS
80.0,2.0,0.0,0.0,-1.0,-1.0,0.0,-23.0,88.0,DoS
80.0,2.0,0.0,0.0,-2.0,-1.0,0.0,-5.0,93.0,DoS
80.0,2.0,0.0,0.0,-2.0,-1.0,0.0,-40.0,80.0,DoS
80.0,2.0,0.0,0.0,-2.0,-1.0,0.0,-40.0,80.0,DoS
80.0,2.0,0.0,0.0,-2.0,-1.0,0.0,-27.0,94.0,DoS
80.0,2.0,-1.0,0.0,-1.0,-1.0,0.0,6.0,102.0,DoS
80.0,1.0,0.0,0.0,3.0,1.0,0.0,9.0,84.0,DoS
80.0,0.0,0.0,0.0,-2.0,0.0,0.0,12.0,83.0,DoS
80.0,3.0,0.0,0.0,-1.0,-1.0,0.0,15.0,84.0,DoS
80.0,2.0,-1.0,0.0,0.0,0.0,0.0,15.0,81.0,DoS
80.0,1.0,0.0,0.0,0.0,0.0,0.0,11.0,82.0,DoS
80.0,1.0,-1.0,0.0,0.0,0.0,0.0,8.0,82.0,DoS
80.0,0.0,0.0,0.0,-1.0,0.0,0.0,8.0,81.0,DoS
80.0,0.0,0.0,0.0,0.0,0.0,0.0,7.0,81.0,DoS
80.0,0.0,0.0,0.0,-1.0,0.0,0.0,10.0,82.0,DoS
80.0,0.0,0.0,0.0,-5.0,0.0,0.0,14.0,82.0,DoS
80.0,4.0,0.0,0.0,0.0,0.0,0.0,20.0,82.0,DoS
80.0,2.0,0.0,0.0,-1.0,-1.0,0.0,26.0,82.0,DoS
80.0,2.0,0.0,0.0,-2.0,-1.0,0.0,31.0,81.0,DoS
80.0,2.0,0.0,0.0,-1.0,-1.0,0.0,42.0,76.0,DoS
80.0,2.0,0.0,0.0,-1.0,-1.0,0.0,46.0,73.0,DoS
80.0,2.0,-1.0,0.0,-1.0,-1.0,0.0,-7.0,84.0,DoS
80.0,1.0,-1.0,0.0,-1.0,3.0,0.0,-5.0,81.0,DoS
80.0,0.0,0.0,0.0,-1.0,0.0,0.0,-7.0,79.0,DoS
80.0,2.0,0.0,0.0,-1.0,0.0,0.0,-9.0,78.0,DoS
80.0,1.0,0.0,0.0,0.0,0.0,0.0,-9.0,80.0,DoS
80.0,1.0,0.0,0.0,-1.0,-1.0,0.0,-7.0,81.0,DoS
80.0,0.0,0.0,0.0,0.0,-1.0,0.0,-7.0,81.0,DoS
80.0,0.0,0.0,0.0,0.0,1.0,0.0,-5.0,81.0,DoS
80.0,0.0,0.0,0.0,-1.0,0.0,0.0,-6.0,82.0,DoS
80.0,0.0,0.0,0.0,-1.0,0.0,0.0,-10.0,82.0,DoS
80.0,4.0,0.0,0.0,-5.0,-1.0,0.0,-17.0,81.0,DoS
80.0,2.0,0.0,0.0,-1.0,0.0,0.0,-22.0,80.0,DoS
80.0,2.0,0.0,0.0,-1.0,0.0,0.0,-31.0,77.0,DoS
80.0,2.0,0.0,0.0,-2.0,-1.0,0.0,-33.0,77.0,DoS
80.0,2.0,0.0,0.0,-1.0,-1.0,0.0,-41.0,78.0,DoS
80.0,2.0,-1.0,0.0,-1.0,-1.0,0.0,-8.0,80.0,DoS
80.0,0.0,0.0,0.0,0.0,0.0,0.0,-9.0,82.0,DoS
80.0,2.0,0.0,0.0,-3.0,-1.0,0.0,-6.0,80.0,DoS
80.0,2.0,0.0,0.0,-1.0,0.0,0.0,-14.0,82.0,DoS
80.0,1.0,0.0,0.0,-1.0,-1.0,0.0,-11.0,82.0,DoS
80.0,0.0,0.0,0.0,0.0,-1.0,0.0,-10.0,81.0,DoS
80.0,0.0,-1.0,0.0,0.0,0.0,0.0,-8.0,81.0,DoS
80.0,0.0,0.0,0.0,-1.0,0.0,7.0,-4.0,82.0,DoS
80.0,0.0,0.0,0.0,0.0,0.0,42.0,-8.0,83.0,DoS
80.0,0.0,0.0,0.0,0.0,0.0,72.0,-10.0,83.0,DoS
80.0,0.0,0.0,0.0,0.0,0.0,96.0,-11.0,84.0,DoS
80.0,0.0,0.0,0.0,0.0,0.0,132.0,-16.0,85.0,DoS
80.0,0.0,0.0,0.0,0.0,0.0,166.0,-21.0,83.0,DoS
80.0,0.0,0.0,0.0,0.0,0.0,177.0,-20.0,83.0,DoS
80.0,0.0,0.0,0.0,0.0,0.0,178.0,-15.0,82.0,DoS
80.0,0.0,0.0,0.0,0.0,0.0,178.0,-13.0,82.0,DoS
80.0,0.0,0.0,0.0,-8.0,0.0,178.0,-11.0,81.0,DoS
70.0,-3.0,0.0,0.0,1.0,0.0,178.0,-9.0,79.0,DoS
80.0,-2.0,0.0,0.0,-1.0,0.0,178.0,-2.0,76.0,DoS
80.0,-2.0,0.0,0.0,-1.0,0.0,178.0,1.0,82.0,DoS
80.0,-2.0,0.0,0.0,0.0,0.0,178.0,-24.0,76.0,DoS
80.0,0.0,0.0,0.0,3.0,0.0,178.0,-24.0,76.0,DoS
80.0,0.0,0.0,0.0,-1.0,4.0,178.0,-19.0,78.0,DoS
80.0,0.0,-1.0,0.0,0.0,0.0,178.0,-13.0,80.0,DoS
80.0,0.0,-1.0,0.0,0.0,0.0,178.0,-8.0,80.0,DoS
80.0,0.0,0.0,0.0,0.0,0.0,179.0,-3.0,80.0,DoS
80.0,0.0,0.0,0.0,0.0,0.0,178.0,-2.0,81.0,DoS
80.0,-3.0,0.0,0.0,-8.0,0.0,178.0,-3.0,81.0,DoS
80.0,-2.0,0.0,0.0,0.0,0.0,178.0,3.0,81.0,DoS
80.0,-2.0,0.0,0.0,-1.0,0.0,178.0,6.0,79.0,DoS
80.0,-2.0,0.0,0.0,-1.0,0.0,178.0,12.0,80.0,DoS
80.0,-2.0,0.0,0.0,0.0,0.0,178.0,13.0,78.0,DoS
80.0,0.0,0.0,0.0,1.0,0.0,178.0,14.0,79.0,DoS
80.0,0.0,0.0,0.0,-4.0,4.0,178.0,21.0,75.0,DoS
80.0,-1.0,-1.0,0.0,0.0,0.0,178.0,6.0,81.0,DoS
80.0,-1.0,0.0,0.0,0.0,-1.0,178.0,0.0,83.0,DoS
80.0,0.0,0.0,0.0,0.0,0.0,178.0,-1.0,83.0,DoS
80.0,0.0,0.0,0.0,0.0,0.0,178.0,-2.0,83.0,DoS
80.0,0.0,0.0,0.0,-9.0,0.0,178.0,0.0,84.0,DoS
80.0,-3.0,0.0,0.0,1.0,0.0,178.0,-4.0,83.0,DoS
80.0,-2.0,0.0,0.0,-1.0,0.0,178.0,-5.0,81.0,DoS
80.0,-2.0,0.0,0.0,-1.0,0.0,178.0,-7.0,80.0,DoS
80.0,-2.0,0.0,0.0,-1.0,0.0,178.0,-4.0,91.0,DoS
80.0,-1.0,0.0,0.0,0.0,0.0,178.0,-5.0,85.0,DoS
80.0,0.0,0.0,0.0,0.0,0.0,178.0,-9.0,84.0,DoS
80.0,-1.0,0.0,0.0,-1.0,0.0,178.0,-7.0,83.0,DoS
80.0,-1.0,0.0,0.0,0.0,0.0,178.0,-2.0,84.0,DoS
80.0,0.0,0.0,0.0,0.0,0.0,179.0,-1.0,82.0,DoS
80.0,0.0,0.0,0.0,0.0,0.0,-167.0,-2.0,81.0,DoS
80.0,0.0,0.0,0.0,0.0,0.0,-167.0,-2.0,81.0,DoS
80.0,0.0,0.0,0.0,0.0,0.0,-167.0,-2.0,81.0,DoS
80.0,0.0,0.0,0.0,0.0,0.0,-70.0,-1.0,82.0,DoS
80.0,0.0,0.0,0.0,0.0,0.0,-42.0,0.0,81.0,DoS
80.0,0.0,0.0,0.0,0.0,0.0,-15.0,1.0,81.0,DoS
80.0,0.0,0.0,0.0,0.0,0.0,-3.0,3.0,81.0,DoS
80.0,0.0,0.0,0.0,0.0,0.0,-1.0,-200.0,-200.0,DoS
80.0,0.0,0.0,0.0,0.0,0.0,-1.0,-200.0,-200.0,DoS
60.0,0.0,0.0,4.0,0.0,0.0,-1.0,-200.0,-200.0,DoS
40.0,0.0,0.0,4.0,0.0,0.0,-1.0,-200.0,-200.0,DoS
10.0,0.0,0.0,4.0,0.0,0.0,-1.0,-200.0,-200.0,DoS
0.0,0.0,0.0,0.0,1.0,0.0,0.0,-200.0,-200.0,DoS
0.0,0.0,0.0,0.0,-1.0,0.0,-1.0,-200.0,-200.0,DoS
80.0,0.0,0.0,0.0,0.0,0.0,0.0,-4.0,84.0,DoS
80.0,0.0,0.0,0.0,0.0,0.0,0.0,-2.0,84.0,DoS
80.0,0.0,0.0,0.0,0.0,0.0,0.0,-3.0,84.0,DoS
80.0,0.0,0.0,0.0,0.0,0.0,0.0,-4.0,84.0,DoS
80.0,0.0,0.0,0.0,0.0,0.0,0.0,-3.0,84.0,DoS
80.0,0.0,0.0,0.0,0.0,0.0,0.0,-6.0,84.0,DoS
80.0,0.0,0.0,0.0,0.0,0.0,0.0,-7.0,83.0,DoS
80.0,0.0,0.0,0.0,-1.0,0.0,0.0,-7.0,83.0,DoS
80.0,0.0,0.0,0.0,0.0,0.0,0.0,-3.0,83.0,DoS
80.0,0.0,0.0,0.0,0.0,0.0,0.0,-3.0,83.0,DoS
70.0,0.0,0.0,0.0,0.0,0.0,0.0,-7.0,84.0,DoS
80.0,0.0,0.0,0.0,0.0,0.0,0.0,-12.0,84.0,DoS
80.0,0.0,0.0,0.0,0.0,0.0,0.0,-11.0,85.0,DoS
80.0,0.0,0.0,0.0,0.0,0.0,0.0,-12.0,84.0,DoS
80.0,0.0,0.0,0.0,0.0,0.0,0.0,-16.0,83.0,DoS
80.0,0.0,0.0,0.0,0.0,0.0,0.0,-18.0,83.0,DoS
70.0,0.0,0.0,0.0,0.0,0.0,0.0,-19.0,82.0,DoS
70.0,0.0,0.0,0.0,0.0,0.0,18.0,-22.0,82.0,DoS
80.0,0.0,0.0,0.0,0.0,0.0,32.0,-22.0,83.0,DoS
70.0,0.0,0.0,0.0,0.0,0.0,25.0,-23.0,83.0,DoS
70.0,0.0,0.0,0.0,0.0,-1.0,6.0,-28.0,82.0,DoS
80.0,0.0,0.0,0.0,0.0,0.0,0.0,-26.0,84.0,DoS
80.0,0.0,-1.0,0.0,0.0,-2.0,0.0,-25.0,85.0,DoS
80.0,0.0,-1.0,0.0,0.0,0.0,0.0,-17.0,85.0,DoS
80.0,0.0,-1.0,0.0,0.0,0.0,0.0,-7.0,85.0,DoS
80.0,0.0,-1.0,0.0,0.0,0.0,0.0,-7.0,85.0,DoS
80.0,0.0,0.0,0.0,0.0,1.0,0.0,-2.0,85.0,DoS
80.0,4.0,0.0,0.0,0.0,0.0,0.0,-6.0,86.0,DoS
80.0,2.0,0.0,0.0,-1.0,-2.0,0.0,-8.0,94.0,DoS
80.0,2.0,0.0,0.0,-1.0,-2.0,0.0,12.0,85.0,DoS
80.0,2.0,-1.0,0.0,0.0,-2.0,0.0,15.0,84.0,DoS
80.0,1.0,-1.0,0.0,0.0,-2.0,0.0,11.0,85.0,DoS
80.0,0.0,-2.0,0.0,0.0,3.0,0.0,2.0,85.0,DoS
80.0,0.0,0.0,0.0,0.0,0.0,0.0,1.0,84.0,DoS
80.0,0.0,0.0,0.0,0.0,0.0,0.0,6.0,84.0,DoS
80.0,0.0,0.0,0.0,0.0,-1.0,0.0,9.0,85.0,DoS
80.0,3.0,0.0,0.0,-8.0,0.0,0.0,11.0,84.0,DoS
80.0,2.0,0.0,0.0,0.0,0.0,0.0,24.0,78.0,DoS
80.0,2.0,0.0,0.0,-1.0,0.0,0.0,24.0,81.0,DoS
80.0,2.0,0.0,0.0,-1.0,-1.0,0.0,-1.0,84.0,DoS
80.0,1.0,-1.0,0.0,0.0,-2.0,0.0,-1.0,84.0,DoS
80.0,0.0,0.0,0.0,0.0,0.0,0.0,3.0,84.0,DoS
80.0,1.0,0.0,0.0,-1.0,0.0,0.0,3.0,84.0,DoS
80.0,0.0,0.0,0.0,0.0,0.0,0.0,0.0,84.0,DoS
80.0,0.0,0.0,0.0,0.0,0.0,0.0,-4.0,84.0,DoS
80.0,0.0,0.0,0.0,-5.0,0.0,0.0,-7.0,85.0,DoS
80.0,4.0,0.0,0.0,1.0,0.0,0.0,-13.0,85.0,DoS
80.0,2.0,0.0,0.0,-1.0,0.0,0.0,-19.0,84.0,DoS
80.0,2.0,0.0,0.0,-1.0,-1.0,0.0,-28.0,90.0,DoS
80.0,2.0,0.0,0.0,-1.0,-1.0,0.0,0.0,85.0,DoS
80.0,1.0,-1.0,0.0,0.0,-1.0,0.0,-1.0,88.0,DoS
80.0,0.0,0.0,0.0,0.0,0.0,0.0,-1.0,88.0,DoS
80.0,1.0,0.0,0.0,-2.0,0.0,0.0,-4.0,87.0,DoS
80.0,1.0,0.0,0.0,-1.0,0.0,0.0,-9.0,87.0,DoS
80.0,0.0,0.0,0.0,0.0,0.0,0.0,-10.0,85.0,DoS
70.0,0.0,0.0,0.0,0.0,0.0,0.0,-8.0,83.0,DoS
70.0,0.0,0.0,0.0,-1.0,0.0,5.0,-8.0,82.0,DoS
70.0,0.0,0.0,0.0,0.0,0.0,34.0,-10.0,83.0,DoS
70.0,0.0,0.0,0.0,0.0,-1.0,65.0,-13.0,81.0,DoS
70.0,0.0,0.0,0.0,0.0,0.0,101.0,-15.0,81.0,DoS
70.0,0.0,0.0,0.0,0.0,0.0,132.0,-16.0,82.0,DoS
70.0,0.0,0.0,0.0,0.0,0.0,163.0,-21.0,82.0,DoS
80.0,0.0,0.0,0.0,0.0,0.0,177.0,-23.0,82.0,DoS
80.0,0.0,0.0,0.0,0.0,0.0,-179.0,-21.0,83.0,DoS
80.0,0.0,0.0,0.0,0.0,0.0,-177.0,-16.0,84.0,DoS
80.0,0.0,0.0,0.0,-8.0,0.0,-176.0,-14.0,83.0,DoS
70.0,-3.0,0.0,0.0,2.0,0.0,-177.0,-7.0,84.0,DoS
80.0,-2.0,0.0,0.0,0.0,0.0,-177.0,-6.0,82.0,DoS
80.0,-2.0,0.0,0.0,0.0,0.0,-177.0,-6.0,82.0,DoS
80.0,-2.0,0.0,0.0,0.0,0.0,-177.0,-6.0,82.0,DoS
80.0,0.0,1.0,0.0,1.0,2.0,-177.0,-13.0,81.0,DoS
70.0,0.0,0.0,0.0,0.0,0.0,-177.0,-11.0,80.0,DoS
80.0,0.0,-1.0,0.0,0.0,-2.0,-177.0,-7.0,81.0,DoS
80.0,0.0,0.0,0.0,0.0,0.0,-177.0,0.0,81.0,DoS
80.0,0.0,0.0,0.0,0.0,-1.0,-177.0,3.0,81.0,DoS
80.0,-3.0,0.0,0.0,-8.0,0.0,-177.0,8.0,80.0,DoS
80.0,-2.0,0.0,0.0,0.0,0.0,-177.0,17.0,78.0,DoS
80.0,-2.0,0.0,0.0,-1.0,0.0,-177.0,22.0,77.0,DoS
80.0,-2.0,0.0,0.0,0.0,-1.0,-177.0,-16.0,69.0,DoS
80.0,-1.0,0.0,0.0,0.0,-1.0,-177.0,-5.0,79.0,DoS
80.0,-1.0,1.0,0.0,3.0,-2.0,-177.0,-4.0,80.0,DoS
80.0,0.0,0.0,0.0,-1.0,0.0,-177.0,1.0,82.0,DoS
80.0,-1.0,0.0,0.0,0.0,0.0,-177.0,-4.0,83.0,DoS
80.0,-1.0,0.0,0.0,0.0,0.0,-177.0,-4.0,83.0,DoS
70.0,0.0,0.0,0.0,0.0,0.0,-177.0,-8.0,81.0,DoS
70.0,0.0,0.0,0.0,0.0,0.0,-177.0,-7.0,81.0,DoS
70.0,0.0,0.0,0.0,0.0,0.0,-177.0,-6.0,80.0,DoS
70.0,0.0,0.0,0.0,0.0,0.0,-177.0,-6.0,79.0,DoS
70.0,0.0,0.0,0.0,0.0,-1.0,-177.0,-14.0,79.0,DoS
70.0,-3.0,0.0,0.0,-8.0,-1.0,-177.0,-21.0,79.0,DoS
70.0,-3.0,0.0,0.0,0.0,0.0,-176.0,-26.0,77.0,DoS
70.0,-2.0,0.0,0.0,0.0,0.0,-176.0,-27.0,77.0,DoS
70.0,-2.0,0.0,0.0,0.0,-1.0,-176.0,-32.0,71.0,DoS
70.0,-2.0,0.0,0.0,0.0,-1.0,-176.0,19.0,80.0,DoS
70.0,-2.0,0.0,0.0,0.0,-1.0,-176.0,19.0,80.0,DoS
70.0,-2.0,0.0,0.0,0.0,-1.0,-176.0,19.0,80.0,DoS
70.0,0.0,0.0,0.0,-1.0,-1.0,-177.0,20.0,80.0,DoS
70.0,0.0,0.0,0.0,0.0,0.0,-177.0,20.0,81.0,DoS
70.0,0.0,0.0,0.0,0.0,-1.0,-177.0,21.0,83.0,DoS
70.0,0.0,0.0,0.0,0.0,-1.0,-177.0,16.0,90.0,DoS
70.0,0.0,0.0,0.0,0.0,0.0,-177.0,16.0,90.0,DoS
70.0,0.0,0.0,0.0,0.0,0.0,-177.0,24.0,75.0,DoS
70.0,0.0,0.0,0.0,0.0,0.0,-177.0,15.0,89.0,DoS
70.0,-4.0,0.0,0.0,2.0,0.0,-177.0,7.0,91.0,DoS
80.0,-2.0,0.0,0.0,0.0,0.0,-177.0,35.0,75.0,DoS
80.0,-2.0,0.0,0.0,-1.0,0.0,-177.0,35.0,75.0,DoS
80.0,-2.0,0.0,0.0,-1.0,-1.0,-177.0,35.0,75.0,DoS
80.0,-1.0,1.0,0.0,0.0,-2.0,-176.0,35.0,75.0,DoS
70.0,0.0,0.0,0.0,1.0,1.0,-177.0,35.0,75.0,DoS
70.0,0.0,0.0,0.0,0.0,0.0,-177.0,35.0,75.0,DoS
70.0,0.0,0.0,0.0,0.0,-1.0,-177.0,35.0,75.0,DoS
70.0,0.0,0.0,0.0,-1.0,-1.0,-177.0,35.0,75.0,DoS
70.0,0.0,0.0,0.0,0.0,-1.0,-177.0,35.0,75.0,DoS
70.0,0.0,0.0,0.0,-1.0,-1.0,-177.0,-100.0,-100.0,DoS
70.0,0.0,0.0,0.0,0.0,0.0,-177.0,-100.0,-100.0,DoS
70.0,0.0,0.0,0.0,0.0,0.0,-177.0,-100.0,-100.0,DoS
70.0,0.0,0.0,0.0,0.0,0.0,-177.0,-100.0,-100.0,DoS
70.0,0.0,0.0,0.0,0.0,0.0,-177.0,-100.0,-100.0,DoS
70.0,0.0,0.0,0.0,0.0,-1.0,-177.0,-100.0,-100.0,DoS
70.0,0.0,0.0,0.0,0.0,0.0,-177.0,-100.0,-100.0,DoS
70.0,0.0,0.0,0.0,0.0,0.0,-177.0,-100.0,-100.0,DoS
70.0,0.0,0.0,0.0,0.0,0.0,-177.0,-100.0,-100.0,DoS
70.0,0.0,0.0,0.0,0.0,0.0,-177.0,-100.0,-100.0,DoS
70.0,1.0,3.0,0.0,2.0,-5.0,-177.0,-100.0,-100.0,DoS
70.0,1.0,2.0,0.0,0.0,0.0,-177.0,17.0,84.0,DoS
80.0,0.0,1.0,0.0,0.0,0.0,-177.0,21.0,78.0,DoS
70.0,0.0,1.0,0.0,0.0,0.0,-177.0,10.0,79.0,DoS
80.0,0.0,1.0,0.0,0.0,-1.0,-177.0,9.0,77.0,DoS
70.0,0.0,0.0,0.0,0.0,0.0,-177.0,8.0,77.0,DoS
70.0,0.0,0.0,0.0,0.0,0.0,-161.0,12.0,76.0,DoS
70.0,0.0,0.0,0.0,0.0,-1.0,-130.0,8.0,76.0,DoS
70.0,0.0,0.0,0.0,0.0,0.0,-103.0,16.0,77.0,DoS
70.0,0.0,0.0,0.0,0.0,0.0,-75.0,12.0,78.0,DoS
70.0,0.0,0.0,0.0,0.0,1.0,-39.0,5.0,82.0,DoS
80.0,0.0,0.0,0.0,0.0,0.0,-12.0,11.0,83.0,DoS
70.0,0.0,0.0,0.0,0.0,1.0,-1.0,16.0,80.0,DoS
70.0,0.0,0.0,0.0,0.0,1.0,0.0,-200.0,-200.0,DoS
70.0,0.0,0.0,0.0,0.0,0.0,0.0,-200.0,-200.0,DoS
70.0,0.0,0.0,3.0,0.0,0.0,0.0,-200.0,-200.0,DoS
40.0,0.0,0.0,4.0,0.0,0.0,0.0,-200.0,-200.0,DoS
20.0,0.0,0.0,4.0,0.0,0.0,0.0,-200.0,-200.0,DoS
0.0,0.0,0.0,2.0,0.0,0.0,1.0,-200.0,-200.0,DoS
0.0,0.0,0.0,0.0,0.0,0.0,4.0,-200.0,-200.0,DoS
70.0,0.0,0.0,0.0,0.0,-1.0,0.0,-3.0,89.0,DoS
70.0,0.0,0.0,0.0,0.0,0.0,0.0,-4.0,89.0,DoS
70.0,0.0,0.0,0.0,-1.0,0.0,0.0,-4.0,88.0,DoS
70.0,0.0,0.0,0.0,0.0,0.0,0.0,-2.0,87.0,DoS
70.0,0.0,0.0,0.0,0.0,0.0,0.0,-2.0,86.0,DoS
70.0,0.0,0.0,0.0,0.0,0.0,0.0,-2.0,85.0,DoS
70.0,0.0,0.0,0.0,0.0,0.0,0.0,-2.0,85.0,DoS
70.0,0.0,0.0,0.0,0.0,0.0,0.0,-4.0,85.0,DoS
70.0,0.0,0.0,0.0,0.0,0.0,0.0,-5.0,85.0,DoS
70.0,0.0,0.0,0.0,0.0,-1.0,0.0,-8.0,85.0,DoS
70.0,0.0,0.0,0.0,0.0,-1.0,0.0,-7.0,85.0,DoS
70.0,0.0,0.0,0.0,0.0,-1.0,0.0,-8.0,86.0,DoS
70.0,0.0,0.0,0.0,0.0,-1.0,0.0,-10.0,86.0,DoS
70.0,0.0,0.0,0.0,-4.0,0.0,0.0,-10.0,87.0,DoS
70.0,4.0,0.0,0.0,1.0,-1.0,0.0,-15.0,85.0,DoS
70.0,2.0,0.0,0.0,0.0,-1.0,0.0,-14.0,91.0,DoS
70.0,2.0,0.0,0.0,-1.0,-1.0,0.0,5.0,80.0,DoS
70.0,1.0,-1.0,0.0,0.0,-2.0,0.0,3.0,82.0,DoS
70.0,0.0,0.0,0.0,0.0,1.0,0.0,3.0,81.0,DoS
70.0,0.0,0.0,0.0,0.0,0.0,0.0,5.0,82.0,DoS
70.0,0.0,0.0,0.0,0.0,0.0,0.0,8.0,82.0,DoS
70.0,3.0,0.0,0.0,-8.0,0.0,0.0,8.0,83.0,DoS
70.0,3.0,0.0,0.0,0.0,0.0,0.0,16.0,79.0,DoS
70.0,2.0,0.0,0.0,-1.0,-1.0,0.0,-3.0,80.0,DoS
70.0,2.0,0.0,0.0,0.0,-1.0,0.0,1.0,79.0,DoS
70.0,2.0,0.0,0.0,0.0,-1.0,0.0,1.0,79.0,DoS
70.0,2.0,0.0,0.0,0.0,-1.0,0.0,1.0,79.0,DoS
70.0,2.0,0.0,0.0,0.0,-1.0,0.0,1.0,79.0,DoS
70.0,2.0,0.0,0.0,0.0,-1.0,0.0,1.0,79.0,DoS
70.0,0.0,0.0,0.0,0.0,-1.0,0.0,-10.0,83.0,DoS
70.0,0.0,0.0,0.0,0.0,-1.0,0.0,-14.0,82.0,DoS
70.0,0.0,0.0,0.0,0.0,-1.0,0.0,-13.0,83.0,DoS
70.0,0.0,0.0,0.0,0.0,0.0,0.0,-13.0,83.0,DoS
70.0,0.0,0.0,0.0,0.0,-1.0,0.0,-14.0,83.0,DoS
70.0,0.0,0.0,0.0,-3.0,0.0,0.0,-17.0,83.0,DoS
70.0,4.0,0.0,0.0,-3.0,0.0,0.0,-15.0,84.0,DoS
70.0,4.0,0.0,0.0,-3.0,0.0,0.0,-15.0,84.0,DoS
70.0,2.0,0.0,0.0,0.0,-2.0,0.0,-12.0,85.0,DoS
70.0,1.0,-1.0,0.0,2.0,-2.0,0.0,-14.0,84.0,DoS
70.0,0.0,-2.0,0.0,0.0,0.0,0.0,-12.0,84.0,DoS
70.0,-1.0,0.0,0.0,1.0,-1.0,0.0,-10.0,82.0,DoS
70.0,-1.0,-1.0,0.0,0.0,0.0,0.0,-10.0,85.0,DoS
70.0,0.0,0.0,0.0,-1.0,1.0,0.0,-8.0,87.0,DoS
70.0,0.0,0.0,0.0,0.0,-1.0,0.0,-13.0,83.0,DoS
70.0,0.0,0.0,0.0,0.0,-1.0,0.0,-20.0,80.0,DoS
70.0,0.0,0.0,0.0,0.0,-1.0,0.0,-20.0,80.0,DoS
70.0,0.0,0.0,0.0,0.0,-1.0,0.0,-29.0,79.0,DoS
70.0,0.0,0.0,0.0,0.0,-1.0,0.0,-30.0,80.0,DoS
70.0,2.0,0.0,0.0,-8.0,0.0,0.0,-28.0,80.0,DoS
70.0,3.0,0.0,0.0,0.0,-1.0,0.0,-35.0,81.0,DoS
70.0,2.0,0.0,0.0,0.0,-1.0,0.0,-35.0,81.0,DoS
70.0,2.0,0.0,0.0,0.0,-1.0,0.0,-35.0,81.0,DoS
70.0,1.0,-1.0,0.0,0.0,-2.0,0.0,-35.0,81.0,DoS
70.0,0.0,-1.0,0.0,0.0,3.0,0.0,-35.0,81.0,DoS
70.0,0.0,0.0,0.0,4.0,-2.0,0.0,-35.0,81.0,DoS
70.0,-4.0,-1.0,0.0,1.0,-1.0,0.0,-35.0,81.0,DoS
60.0,-4.0,-1.0,0.0,1.0,-1.0,0.0,-35.0,81.0,DoS
60.0,-4.0,-2.0,0.0,1.0,-2.0,0.0,-100.0,-100.0,DoS
60.0,-3.0,-2.0,0.0,0.0,0.0,0.0,-30.0,80.0,DoS
60.0,-1.0,-1.0,0.0,-1.0,0.0,0.0,-21.0,83.0,DoS
60.0,-1.0,-1.0,0.0,0.0,0.0,0.0,-17.0,83.0,DoS
60.0,0.0,-1.0,0.0,0.0,-1.0,0.0,-12.0,83.0,DoS
60.0,0.0,-1.0,0.0,0.0,-1.0,0.0,-10.0,82.0,DoS
60.0,0.0,-1.0,0.0,0.0,-1.0,0.0,-9.0,81.0,DoS
60.0,0.0,-1.0,0.0,0.0,-1.0,0.0,-8.0,81.0,DoS
60.0,0.0,0.0,0.0,0.0,0.0,0.0,-5.0,82.0,DoS
60.0,0.0,0.0,0.0,0.0,-1.0,0.0,-8.0,82.0,DoS
60.0,0.0,0.0,0.0,-8.0,0.0,0.0,-12.0,82.0,DoS
60.0,3.0,0.0,0.0,1.0,-1.0,0.0,-22.0,80.0,DoS
60.0,2.0,0.0,0.0,-1.0,-1.0,0.0,-28.0,78.0,DoS
60.0,2.0,0.0,0.0,-1.0,-1.0,0.0,-30.0,72.0,DoS
60.0,2.0,-1.0,0.0,0.0,-2.0,0.0,-30.0,72.0,DoS
60.0,0.0,-2.0,0.0,1.0,0.0,0.0,-30.0,72.0,DoS
60.0,0.0,0.0,0.0,0.0,0.0,0.0,-30.0,72.0,DoS
60.0,-4.0,-1.0,0.0,2.0,-1.0,0.0,-30.0,72.0,DoS
70.0,-4.0,-1.0,0.0,1.0,-1.0,0.0,-30.0,72.0,DoS
70.0,-4.0,-1.0,0.0,1.0,-1.0,0.0,-30.0,72.0,DoS
70.0,-2.0,-1.0,0.0,-1.0,0.0,0.0,-18.0,77.0,DoS
70.0,-1.0,-1.0,0.0,0.0,0.0,0.0,-8.0,82.0,DoS
70.0,0.0,-1.0,0.0,-1.0,-1.0,0.0,-5.0,82.0,DoS
70.0,0.0,0.0,0.0,0.0,1.0,0.0,-4.0,82.0,DoS
70.0,0.0,0.0,0.0,0.0,0.0,22.0,-6.0,84.0,DoS
70.0,0.0,0.0,0.0,0.0,0.0,52.0,-8.0,84.0,DoS
70.0,0.0,0.0,0.0,0.0,0.0,82.0,-11.0,84.0,DoS
70.0,0.0,0.0,0.0,0.0,0.0,118.0,-19.0,83.0,DoS
70.0,0.0,0.0,0.0,0.0,0.0,143.0,-18.0,80.0,DoS
70.0,0.0,0.0,0.0,0.0,1.0,168.0,-26.0,82.0,DoS
70.0,0.0,0.0,0.0,0.0,1.0,175.0,-23.0,83.0,DoS
70.0,0.0,0.0,0.0,0.0,0.0,178.0,-18.0,85.0,DoS
70.0,0.0,0.0,0.0,0.0,0.0,178.0,-14.0,86.0,DoS
70.0,0.0,0.0,0.0,0.0,0.0,178.0,-10.0,87.0,DoS
70.0,0.0,0.0,0.0,0.0,0.0,178.0,-11.0,87.0,DoS
70.0,0.0,0.0,0.0,0.0,0.0,178.0,-10.0,87.0,DoS
70.0,0.0,0.0,0.0,0.0,0.0,178.0,-9.0,86.0,DoS
70.0,0.0,0.0,0.0,0.0,0.0,-171.0,-7.0,85.0,DoS
70.0,0.0,0.0,0.0,0.0,0.0,-140.0,-4.0,84.0,DoS
70.0,0.0,0.0,0.0,0.0,0.0,-110.0,0.0,84.0,DoS
70.0,0.0,0.0,0.0,0.0,0.0,-80.0,3.0,84.0,DoS
70.0,0.0,0.0,0.0,0.0,0.0,-80.0,3.0,84.0,DoS
70.0,0.0,0.0,0.0,0.0,0.0,-27.0,4.0,85.0,DoS
70.0,0.0,0.0,0.0,0.0,0.0,-5.0,6.0,84.0,DoS
70.0,0.0,0.0,0.0,0.0,0.0,-3.0,-1.0,83.0,DoS
70.0,0.0,0.0,0.0,0.0,0.0,-3.0,-2.0,84.0,DoS
70.0,0.0,0.0,0.0,0.0,0.0,-3.0,-3.0,84.0,DoS
70.0,4.0,0.0,0.0,1.0,0.0,-3.0,-7.0,84.0,DoS
70.0,2.0,0.0,0.0,0.0,0.0,-3.0,-9.0,85.0,DoS
70.0,2.0,0.0,0.0,0.0,0.0,-3.0,-19.0,83.0,DoS
70.0,2.0,0.0,0.0,0.0,0.0,-3.0,-19.0,83.0,DoS
70.0,2.0,-1.0,0.0,0.0,0.0,-3.0,-19.0,83.0,DoS
70.0,2.0,-1.0,0.0,0.0,0.0,-3.0,-19.0,83.0,DoS
70.0,0.0,0.0,0.0,0.0,0.0,-3.0,-19.0,83.0,DoS
70.0,0.0,0.0,0.0,0.0,-1.0,-3.0,-19.0,83.0,DoS
70.0,0.0,0.0,0.0,0.0,-1.0,-3.0,-19.0,83.0,DoS
70.0,0.0,0.0,0.0,0.0,-1.0,-3.0,-19.0,83.0,DoS
70.0,0.0,0.0,0.0,0.0,-1.0,-3.0,-100.0,-100.0,DoS
70.0,0.0,0.0,0.0,0.0,-1.0,-3.0,-100.0,-100.0,DoS
70.0,0.0,0.0,0.0,0.0,-1.0,-3.0,-100.0,-100.0,DoS
70.0,3.0,0.0,0.0,-8.0,0.0,-3.0,-100.0,-100.0,DoS
70.0,2.0,0.0,0.0,0.0,-1.0,-3.0,-100.0,-100.0,DoS
70.0,2.0,0.0,0.0,0.0,-1.0,-3.0,-100.0,-100.0,DoS
70.0,2.0,0.0,0.0,0.0,-1.0,-3.0,-100.0,-100.0,DoS
70.0,1.0,-1.0,0.0,0.0,-2.0,-3.0,-100.0,-100.0,DoS
70.0,1.0,-1.0,0.0,-1.0,-1.0,-3.0,-100.0,-100.0,DoS
70.0,1.0,-1.0,0.0,0.0,-1.0,-3.0,-100.0,-100.0,DoS
70.0,0.0,0.0,0.0,0.0,0.0,-3.0,-100.0,-100.0,DoS
70.0,0.0,0.0,0.0,0.0,0.0,-3.0,-100.0,-100.0,DoS
70.0,0.0,0.0,0.0,0.0,-1.0,-3.0,-100.0,-100.0,DoS
70.0,0.0,0.0,0.0,0.0,-1.0,-3.0,-100.0,-100.0,DoS
60.0,0.0,0.0,0.0,0.0,0.0,-3.0,-100.0,-100.0,DoS
70.0,0.0,0.0,0.0,0.0,0.0,-3.0,-100.0,-100.0,DoS
70.0,0.0,0.0,0.0,0.0,0.0,-3.0,-100.0,-100.0,DoS
60.0,0.0,0.0,0.0,0.0,0.0,-3.0,-100.0,-100.0,DoS
60.0,0.0,0.0,0.0,-1.0,0.0,-3.0,-100.0,-100.0,DoS
60.0,0.0,0.0,0.0,0.0,0.0,-3.0,-100.0,-100.0,DoS
60.0,0.0,0.0,0.0,0.0,0.0,-3.0,-100.0,-100.0,DoS
60.0,0.0,0.0,0.0,0.0,0.0,-3.0,-100.0,-100.0,DoS
60.0,0.0,0.0,0.0,0.0,0.0,-3.0,-100.0,-100.0,DoS
60.0,0.0,0.0,0.0,0.0,0.0,0.0,-14.0,88.0,DoS
60.0,0.0,0.0,0.0,0.0,0.0,0.0,-13.0,89.0,DoS
60.0,0.0,0.0,0.0,0.0,0.0,0.0,-13.0,89.0,DoS
60.0,0.0,0.0,0.0,-3.0,-2.0,0.0,-13.0,89.0,DoS
60.0,1.0,-1.0,0.0,0.0,0.0,0.0,-14.0,86.0,DoS
60.0,0.0,-1.0,0.0,-1.0,-1.0,0.0,-11.0,85.0,DoS
60.0,0.0,-1.0,0.0,0.0,0.0,0.0,-6.0,83.0,DoS
60.0,0.0,0.0,0.0,0.0,2.0,0.0,-6.0,82.0,DoS
60.0,0.0,0.0,0.0,-1.0,0.0,0.0,-9.0,81.0,DoS
60.0,0.0,0.0,0.0,-1.0,0.0,0.0,-16.0,80.0,DoS
60.0,0.0,0.0,0.0,0.0,0.0,0.0,-20.0,81.0,DoS
60.0,0.0,0.0,0.0,0.0,-1.0,0.0,-24.0,81.0,DoS
60.0,0.0,0.0,0.0,-1.0,-1.0,0.0,-25.0,82.0,DoS
60.0,0.0,0.0,0.0,-5.0,0.0,0.0,-24.0,84.0,DoS
60.0,4.0,0.0,0.0,0.0,0.0,0.0,-26.0,84.0,DoS
60.0,2.0,0.0,0.0,-1.0,0.0,0.0,-13.0,92.0,DoS
60.0,2.0,0.0,0.0,-1.0,0.0,0.0,-13.0,92.0,DoS
60.0,2.0,0.0,0.0,-1.0,-1.0,0.0,-13.0,92.0,DoS
60.0,2.0,0.0,0.0,-1.0,-1.0,0.0,15.0,79.0,DoS
60.0,1.0,-1.0,0.0,-1.0,-1.0,0.0,27.0,84.0,DoS
60.0,0.0,-1.0,0.0,1.0,4.0,0.0,27.0,81.0,DoS
60.0,1.0,-1.0,0.0,-7.0,-5.0,0.0,-7.0,89.0,DoS
60.0,2.0,-1.0,0.0,-1.0,0.0,0.0,23.0,81.0,DoS
60.0,1.0,-1.0,0.0,0.0,0.0,0.0,15.0,81.0,DoS
60.0,0.0,-1.0,0.0,-1.0,0.0,0.0,9.0,81.0,DoS
60.0,0.0,-1.0,0.0,0.0,0.0,0.0,7.0,81.0,DoS
60.0,0.0,0.0,0.0,0.0,1.0,0.0,7.0,81.0,DoS
60.0,0.0,0.0,0.0,-1.0,0.0,0.0,9.0,81.0,DoS
60.0,1.0,0.0,0.0,-8.0,0.0,0.0,13.0,81.0,DoS
60.0,3.0,0.0,0.0,0.0,0.0,0.0,17.0,82.0,DoS
60.0,2.0,0.0,0.0,-1.0,0.0,0.0,27.0,79.0,DoS
60.0,2.0,0.0,0.0,-1.0,0.0,0.0,38.0,75.0,DoS
60.0,2.0,0.0,0.0,-1.0,-1.0,0.0,36.0,74.0,DoS
60.0,2.0,-1.0,0.0,-1.0,-1.0,0.0,-11.0,79.0,DoS
60.0,1.0,-1.0,0.0,2.0,2.0,0.0,-2.0,77.0,DoS
60.0,0.0,0.0,0.0,-5.0,0.0,0.0,-2.0,75.0,DoS
60.0,2.0,0.0,0.0,-1.0,0.0,0.0,-8.0,75.0,DoS
60.0,1.0,0.0,0.0,-1.0,0.0,0.0,-12.0,79.0,DoS
60.0,1.0,0.0,0.0,-1.0,-1.0,0.0,-9.0,80.0,DoS
60.0,0.0,-1.0,0.0,0.0,0.0,0.0,-6.0,80.0,DoS
60.0,0.0,0.0,0.0,0.0,1.0,0.0,-6.0,80.0,DoS
60.0,0.0,0.0,0.0,-1.0,0.0,0.0,-6.0,80.0,DoS
60.0,0.0,0.0,0.0,-1.0,0.0,0.0,-7.0,80.0,DoS
60.0,4.0,0.0,0.0,0.0,0.0,0.0,-12.0,81.0,DoS
60.0,2.0,0.0,0.0,-1.0,-1.0,0.0,-20.0,79.0,DoS
60.0,2.0,0.0,0.0,-1.0,0.0,0.0,-27.0,80.0,DoS
60.0,2.0,0.0,0.0,-1.0,-1.0,0.0,-32.0,82.0,DoS
60.0,2.0,0.0,0.0,-1.0,-1.0,0.0,-1.0,76.0,DoS
60.0,1.0,-1.0,0.0,2.0,1.0,0.0,-1.0,78.0,DoS
60.0,0.0,0.0,0.0,0.0,0.0,0.0,-4.0,80.0,DoS
60.0,2.0,0.0,0.0,-1.0,0.0,0.0,-4.0,82.0,DoS
60.0,1.0,0.0,0.0,-1.0,0.0,0.0,-11.0,81.0,DoS
60.0,1.0,0.0,0.0,-1.0,-1.0,0.0,-10.0,82.0,DoS
60.0,0.0,0.0,0.0,-1.0,0.0,0.0,-6.0,81.0,DoS
60.0,0.0,0.0,0.0,-1.0,0.0,1.0,-5.0,81.0,DoS
60.0,0.0,0.0,0.0,-1.0,0.0,30.0,-6.0,81.0,DoS
60.0,0.0,0.0,0.0,0.0,-1.0,67.0,-8.0,82.0,DoS
60.0,0.0,0.0,0.0,0.0,0.0,96.0,-8.0,84.0,DoS
60.0,0.0,0.0,0.0,0.0,0.0,125.0,-11.0,84.0,DoS
60.0,0.0,0.0,0.0,0.0,0.0,155.0,-17.0,82.0,DoS
60.0,0.0,0.0,0.0,0.0,0.0,174.0,-18.0,82.0,DoS
60.0,0.0,0.0,0.0,1.0,0.0,178.0,-17.0,81.0,DoS
60.0,0.0,0.0,0.0,0.0,0.0,179.0,-12.0,82.0,DoS
60.0,0.0,0.0,0.0,0.0,0.0,179.0,-12.0,82.0,DoS
60.0,0.0,0.0,0.0,0.0,0.0,-156.0,-11.0,83.0,DoS
60.0,0.0,0.0,0.0,0.0,0.0,-149.0,-11.0,82.0,DoS
60.0,0.0,0.0,0.0,0.0,0.0,-160.0,-9.0,82.0,DoS
60.0,0.0,0.0,0.0,0.0,0.0,-179.0,-9.0,82.0,DoS
60.0,0.0,0.0,0.0,0.0,0.0,179.0,-8.0,83.0,DoS
60.0,0.0,-1.0,0.0,0.0,1.0,179.0,-10.0,83.0,DoS
60.0,0.0,0.0,0.0,0.0,0.0,178.0,-7.0,84.0,DoS
60.0,-2.0,0.0,0.0,-8.0,0.0,178.0,-7.0,82.0,DoS
60.0,-2.0,0.0,0.0,0.0,0.0,178.0,0.0,83.0,DoS
60.0,-2.0,0.0,0.0,-1.0,0.0,178.0,2.0,83.0,DoS
60.0,-2.0,0.0,0.0,-1.0,0.0,178.0,8.0,80.0,DoS
60.0,-2.0,0.0,0.0,-1.0,0.0,178.0,8.0,80.0,DoS
60.0,-2.0,0.0,0.0,3.0,0.0,178.0,8.0,80.0,DoS
60.0,0.0,0.0,0.0,0.0,0.0,178.0,-18.0,80.0,DoS
60.0,-1.0,-1.0,0.0,0.0,0.0,178.0,-23.0,80.0,DoS
60.0,-1.0,-1.0,0.0,0.0,0.0,178.0,-8.0,81.0,DoS
60.0,-1.0,0.0,0.0,0.0,0.0,179.0,-3.0,80.0,DoS
60.0,0.0,0.0,0.0,1.0,0.0,178.0,0.0,78.0,DoS
60.0,0.0,0.0,0.0,0.0,0.0,178.0,-2.0,78.0,DoS
60.0,0.0,0.0,0.0,0.0,0.0,178.0,-3.0,78.0,DoS
50.0,0.0,0.0,0.0,-1.0,0.0,179.0,0.0,78.0,DoS
50.0,0.0,0.0,0.0,-1.0,0.0,179.0,0.0,77.0,DoS
60.0,0.0,0.0,0.0,-1.0,0.0,179.0,4.0,78.0,DoS
60.0,0.0,0.0,0.0,0.0,0.0,179.0,0.0,79.0,DoS
60.0,0.0,0.0,0.0,0.0,0.0,179.0,-1.0,79.0,DoS
60.0,0.0,0.0,0.0,0.0,0.0,179.0,0.0,79.0,DoS
60.0,0.0,0.0,0.0,0.0,0.0,179.0,-1.0,78.0,DoS
60.0,0.0,0.0,0.0,0.0,0.0,179.0,-1.0,78.0,DoS
60.0,0.0,0.0,0.0,0.0,0.0,179.0,-1.0,79.0,DoS
60.0,0.0,0.0,0.0,0.0,0.0,179.0,-2.0,79.0,DoS
60.0,0.0,0.0,0.0,0.0,0.0,178.0,-1.0,79.0,DoS
60.0,0.0,0.0,0.0,0.0,0.0,178.0,0.0,80.0,DoS
60.0,0.0,0.0,0.0,0.0,0.0,179.0,0.0,80.0,DoS
60.0,0.0,0.0,0.0,0.0,0.0,179.0,0.0,79.0,DoS
60.0,-3.0,0.0,0.0,1.0,0.0,178.0,-1.0,78.0,DoS
60.0,-2.0,0.0,0.0,-1.0,0.0,178.0,0.0,78.0,DoS
60.0,-2.0,0.0,0.0,-1.0,0.0,178.0,4.0,78.0,DoS
60.0,-2.0,0.0,0.0,-1.0,0.0,178.0,7.0,78.0,DoS
60.0,-2.0,0.0,0.0,-1.0,0.0,178.0,18.0,76.0,DoS
60.0,0.0,0.0,0.0,0.0,0.0,178.0,25.0,73.0,DoS
60.0,-2.0,-1.0,0.0,-3.0,2.0,178.0,16.0,80.0,DoS
60.0,-2.0,0.0,0.0,0.0,0.0,179.0,15.0,78.0,DoS
60.0,-1.0,0.0,0.0,0.0,0.0,179.0,2.0,82.0,DoS
60.0,0.0,0.0,0.0,0.0,0.0,179.0,2.0,82.0,DoS
60.0,0.0,0.0,0.0,0.0,0.0,178.0,2.0,81.0,DoS
60.0,0.0,0.0,0.0,0.0,0.0,178.0,3.0,81.0,DoS
60.0,-4.0,0.0,0.0,-6.0,0.0,178.0,3.0,81.0,DoS
60.0,-2.0,0.0,0.0,0.0,0.0,179.0,0.0,81.0,DoS
60.0,-2.0,0.0,0.0,-1.0,0.0,179.0,0.0,79.0,DoS
60.0,-2.0,0.0,0.0,-1.0,0.0,179.0,0.0,76.0,DoS
60.0,-2.0,0.0,0.0,-1.0,0.0,179.0,0.0,75.0,DoS
60.0,-1.0,0.0,0.0,0.0,0.0,179.0,-12.0,80.0,DoS
60.0,0.0,0.0,0.0,0.0,0.0,179.0,-13.0,79.0,DoS
60.0,-1.0,0.0,0.0,-1.0,0.0,179.0,-10.0,80.0,DoS
60.0,-1.0,0.0,0.0,0.0,0.0,179.0,-6.0,81.0,DoS
60.0,0.0,0.0,0.0,0.0,0.0,179.0,-3.0,81.0,DoS
60.0,0.0,0.0,0.0,0.0,0.0,-161.0,-1.0,82.0,DoS
60.0,0.0,0.0,0.0,0.0,0.0,-149.0,-3.0,81.0,DoS
60.0,0.0,0.0,0.0,0.0,0.0,-100.0,0.0,81.0,DoS
60.0,0.0,0.0,0.0,0.0,0.0,-61.0,-2.0,81.0,DoS
60.0,0.0,0.0,0.0,0.0,0.0,-31.0,-1.0,81.0,DoS
60.0,0.0,0.0,0.0,0.0,0.0,-10.0,0.0,82.0,DoS
60.0,0.0,0.0,0.0,0.0,0.0,-3.0,1.0,82.0,DoS
60.0,0.0,0.0,0.0,0.0,0.0,-2.0,-200.0,-200.0,DoS
60.0,0.0,0.0,0.0,0.0,0.0,-2.0,-200.0,-200.0,DoS
50.0,0.0,0.0,3.0,0.0,0.0,-2.0,-200.0,-200.0,DoS
30.0,0.0,0.0,4.0,0.0,0.0,-2.0,-200.0,-200.0,DoS
10.0,0.0,0.0,4.0,0.0,0.0,-2.0,-200.0,-200.0,DoS
-10.0,0.0,0.0,3.0,0.0,0.0,-2.0,-200.0,-200.0,DoS
-10.0,-1.0,0.0,0.0,-1.0,0.0,-3.0,-200.0,-200.0,DoS
0.0,-1.0,0.0,0.0,-1.0,0.0,-3.0,-200.0,-200.0,DoS
70.0,0.0,0.0,0.0,-1.0,0.0,0.0,-2.0,86.0,DoS
70.0,0.0,0.0,0.0,-1.0,0.0,0.0,-6.0,85.0,DoS
70.0,0.0,0.0,0.0,0.0,0.0,0.0,-4.0,85.0,DoS
70.0,0.0,0.0,0.0,0.0,0.0,0.0,-5.0,84.0,DoS
70.0,0.0,0.0,0.0,0.0,0.0,0.0,-5.0,85.0,DoS
70.0,0.0,0.0,0.0,0.0,0.0,0.0,-7.0,85.0,DoS
70.0,0.0,0.0,0.0,0.0,0.0,0.0,-7.0,86.0,DoS
70.0,0.0,0.0,0.0,-2.0,-1.0,0.0,-8.0,85.0,DoS
60.0,0.0,0.0,0.0,-1.0,0.0,0.0,-4.0,84.0,DoS
60.0,0.0,0.0,0.0,0.0,0.0,0.0,-5.0,84.0,DoS
60.0,0.0,0.0,0.0,0.0,0.0,0.0,-5.0,84.0,DoS
70.0,0.0,0.0,0.0,0.0,0.0,0.0,-5.0,85.0,DoS
70.0,0.0,0.0,0.0,0.0,0.0,0.0,-8.0,86.0,DoS
70.0,0.0,0.0,0.0,0.0,0.0,0.0,-9.0,86.0,DoS
70.0,0.0,0.0,0.0,0.0,0.0,0.0,-12.0,86.0,DoS
70.0,0.0,0.0,0.0,0.0,0.0,0.0,-14.0,84.0,DoS
70.0,0.0,0.0,0.0,0.0,0.0,0.0,-11.0,85.0,DoS
60.0,4.0,0.0,0.0,-2.0,0.0,0.0,-14.0,85.0,DoS
60.0,2.0,0.0,0.0,-1.0,0.0,0.0,-16.0,86.0,DoS
70.0,2.0,0.0,0.0,-1.0,-1.0,0.0,-23.0,85.0,DoS
70.0,2.0,0.0,0.0,-1.0,-1.0,0.0,-16.0,91.0,DoS
70.0,1.0,0.0,0.0,-1.0,-1.0,0.0,-33.0,75.0,DoS
70.0,1.0,-1.0,0.0,-1.0,-1.0,0.0,10.0,80.0,DoS
70.0,0.0,0.0,0.0,0.0,0.0,0.0,8.0,80.0,DoS
60.0,0.0,0.0,0.0,-8.0,-1.0,0.0,11.0,81.0,DoS
60.0,2.0,0.0,0.0,-1.0,-1.0,0.0,10.0,81.0,DoS
60.0,1.0,0.0,0.0,0.0,0.0,0.0,8.0,82.0,DoS
60.0,0.0,0.0,0.0,0.0,0.0,0.0,7.0,82.0,DoS
60.0,0.0,0.0,0.0,0.0,0.0,0.0,6.0,82.0,DoS
60.0,0.0,0.0,0.0,0.0,0.0,0.0,5.0,82.0,DoS
60.0,0.0,0.0,0.0,-1.0,0.0,0.0,8.0,83.0,DoS
60.0,2.0,0.0,0.0,-8.0,0.0,0.0,13.0,83.0,DoS
70.0,2.0,0.0,0.0,0.0,0.0,0.0,16.0,84.0,DoS
70.0,2.0,0.0,0.0,-1.0,-1.0,0.0,22.0,82.0,DoS
60.0,2.0,0.0,0.0,-2.0,-1.0,0.0,27.0,77.0,DoS
0.0,0.0,0.0,0.0,0.0,0.0,0.0,0.0,0.0,Replay
60.0,2.0,0.0,0.0,-2.0,-1.0,0.0,25.0,79.0,Replay
60.0,2.0,0.0,0.0,-1.0,-1.0,0.0,-9.0,81.0,Replay
60.0,1.0,-1.0,0.0,-1.0,-1.0,0.0,2.0,81.0,Replay
60.0,0.0,0.0,0.0,0.0,0.0,0.0,4.0,80.0,Replay
60.0,2.0,0.0,0.0,-2.0,-1.0,0.0,1.0,81.0,Replay
60.0,1.0,0.0,0.0,-1.0,0.0,0.0,-1.0,83.0,Replay
60.0,1.0,0.0,0.0,0.0,0.0,0.0,-3.0,82.0,Replay
60.0,0.0,0.0,0.0,0.0,0.0,0.0,-7.0,81.0,Replay
60.0,0.0,0.0,0.0,-1.0,0.0,0.0,-8.0,81.0,Replay
60.0,0.0,0.0,0.0,-1.0,0.0,0.0,-12.0,81.0,Replay
60.0,4.0,0.0,0.0,-4.0,0.0,0.0,-17.0,82.0,Replay
70.0,2.0,0.0,0.0,-1.0,0.0,0.0,-20.0,83.0,Replay
70.0,2.0,0.0,0.0,-1.0,0.0,0.0,-25.0,83.0,Replay
60.0,2.0,0.0,0.0,-2.0,-1.0,0.0,-28.0,83.0,Replay
60.0,2.0,0.0,0.0,-2.0,0.0,0.0,-46.0,88.0,Replay
70.0,2.0,0.0,0.0,-1.0,-1.0,0.0,-1.0,82.0,Replay
70.0,1.0,0.0,0.0,3.0,0.0,0.0,0.0,85.0,Replay
60.0,1.0,0.0,0.0,-7.0,-1.0,0.0,-5.0,85.0,Replay
60.0,2.0,0.0,0.0,-1.0,0.0,0.0,-11.0,83.0,Replay
60.0,1.0,0.0,0.0,0.0,0.0,0.0,-13.0,82.0,Replay
60.0,1.0,-1.0,0.0,0.0,0.0,0.0,-10.0,80.0,Replay
60.0,0.0,0.0,0.0,-1.0,0.0,0.0,-7.0,80.0,Replay
60.0,0.0,0.0,0.0,-1.0,0.0,1.0,-5.0,81.0,Replay
60.0,0.0,0.0,0.0,-1.0,0.0,31.0,-5.0,81.0,Replay
60.0,0.0,0.0,0.0,0.0,-1.0,69.0,-6.0,82.0,Replay
60.0,0.0,0.0,0.0,0.0,0.0,100.0,-15.0,81.0,Replay
60.0,0.0,0.0,0.0,1.0,0.0,129.0,-21.0,79.0,Replay
60.0,0.0,0.0,0.0,0.0,0.0,159.0,-22.0,79.0,Replay
60.0,0.0,0.0,0.0,0.0,0.0,174.0,-23.0,81.0,Replay
60.0,0.0,0.0,0.0,0.0,0.0,176.0,-23.0,81.0,Replay
60.0,0.0,0.0,0.0,0.0,0.0,176.0,-23.0,81.0,Replay
60.0,0.0,0.0,0.0,0.0,0.0,176.0,-23.0,81.0,Replay
60.0,0.0,0.0,0.0,0.0,0.0,178.0,-12.0,81.0,Replay
60.0,0.0,0.0,0.0,0.0,0.0,178.0,-9.0,81.0,Replay
60.0,0.0,0.0,0.0,0.0,0.0,178.0,-8.0,81.0,Replay
60.0,0.0,0.0,0.0,0.0,0.0,178.0,-6.0,80.0,Replay
60.0,0.0,0.0,0.0,0.0,0.0,-170.0,-7.0,80.0,Replay
60.0,0.0,0.0,0.0,0.0,0.0,-140.0,-5.0,80.0,Replay
60.0,0.0,0.0,0.0,0.0,0.0,-105.0,-6.0,79.0,Replay
60.0,0.0,0.0,0.0,0.0,0.0,-76.0,-3.0,80.0,Replay
60.0,0.0,0.0,0.0,0.0,0.0,-47.0,0.0,81.0,Replay
60.0,0.0,0.0,0.0,0.0,0.0,-18.0,-1.0,82.0,Replay
60.0,0.0,0.0,0.0,0.0,0.0,-4.0,0.0,81.0,Replay
60.0,0.0,0.0,0.0,0.0,0.0,-3.0,0.0,81.0,Replay
60.0,0.0,0.0,0.0,0.0,0.0,-3.0,-3.0,80.0,Replay
60.0,0.0,0.0,0.0,-9.0,0.0,-3.0,-4.0,80.0,Replay
60.0,3.0,0.0,0.0,0.0,0.0,-3.0,-18.0,74.0,Replay
60.0,2.0,0.0,0.0,-1.0,0.0,-3.0,-15.0,74.0,Replay
60.0,2.0,0.0,0.0,-1.0,0.0,-3.0,-19.0,79.0,Replay
60.0,2.0,0.0,0.0,0.0,0.0,-3.0,-31.0,70.0,Replay
60.0,0.0,-1.0,0.0,1.0,2.0,-3.0,-31.0,70.0,Replay
60.0,-1.0,0.0,0.0,8.0,-3.0,-3.0,-31.0,70.0,Replay
60.0,-4.0,-1.0,0.0,1.0,-1.0,-3.0,-31.0,70.0,Replay
60.0,-4.0,-1.0,0.0,0.0,0.0,-3.0,-31.0,70.0,Replay
60.0,-2.0,0.0,0.0,-1.0,0.0,-3.0,7.0,83.0,Replay
60.0,-1.0,0.0,0.0,0.0,0.0,-3.0,9.0,83.0,Replay
60.0,0.0,0.0,0.0,-1.0,0.0,-3.0,13.0,81.0,Replay
60.0,0.0,0.0,0.0,0.0,0.0,-3.0,4.0,82.0,Replay
60.0,0.0,0.0,0.0,0.0,0.0,-3.0,2.0,81.0,Replay
60.0,2.0,0.0,0.0,-8.0,0.0,-3.0,2.0,81.0,Replay
60.0,2.0,0.0,0.0,0.0,0.0,-3.0,-6.0,79.0,Replay
60.0,2.0,0.0,0.0,-1.0,0.0,-3.0,-9.0,76.0,Replay
60.0,2.0,0.0,0.0,0.0,0.0,-3.0,-9.0,76.0,Replay
60.0,2.0,0.0,0.0,0.0,0.0,-3.0,-9.0,76.0,Replay
60.0,0.0,0.0,0.0,0.0,0.0,-3.0,-9.0,76.0,Replay
60.0,0.0,0.0,0.0,8.0,0.0,-3.0,-9.0,76.0,Replay
60.0,-4.0,0.0,0.0,1.0,0.0,-3.0,-9.0,76.0,Replay
60.0,-3.0,0.0,0.0,-1.0,0.0,-3.0,-4.0,78.0,Replay
60.0,-1.0,0.0,0.0,-1.0,-1.0,-3.0,-4.0,78.0,Replay
60.0,0.0,0.0,0.0,-1.0,0.0,-3.0,-4.0,78.0,Replay
60.0,0.0,0.0,0.0,0.0,0.0,-3.0,0.0,82.0,Replay
60.0,2.0,0.0,0.0,-8.0,0.0,-3.0,0.0,82.0,Replay
60.0,4.0,0.0,0.0,0.0,0.0,-3.0,-1.0,83.0,Replay
60.0,2.0,0.0,0.0,0.0,0.0,-3.0,-8.0,80.0,Replay
60.0,2.0,0.0,0.0,0.0,0.0,-3.0,-11.0,79.0,Replay
60.0,2.0,0.0,0.0,0.0,0.0,-3.0,-11.0,79.0,Replay
60.0,0.0,0.0,0.0,2.0,1.0,-3.0,-32.0,45.0,Replay
60.0,0.0,0.0,0.0,2.0,-1.0,-3.0,-32.0,45.0,Replay
60.0,-4.0,-1.0,0.0,2.0,0.0,-3.0,-32.0,45.0,Replay
60.0,-4.0,-1.0,0.0,1.0,0.0,-3.0,-27.0,79.0,Replay
60.0,-3.0,0.0,0.0,-1.0,1.0,-3.0,20.0,83.0,Replay
60.0,-1.0,0.0,0.0,-1.0,0.0,-3.0,24.0,81.0,Replay
60.0,0.0,1.0,0.0,0.0,0.0,-3.0,22.0,79.0,Replay
60.0,0.0,0.0,0.0,0.0,0.0,-3.0,12.0,80.0,Replay
60.0,0.0,0.0,0.0,0.0,0.0,12.0,3.0,82.0,Replay
60.0,0.0,0.0,0.0,0.0,0.0,47.0,6.0,82.0,Replay
60.0,0.0,0.0,0.0,0.0,0.0,82.0,9.0,81.0,Replay
60.0,0.0,0.0,0.0,0.0,0.0,113.0,7.0,81.0,Replay
60.0,0.0,0.0,0.0,0.0,0.0,144.0,7.0,80.0,Replay
60.0,0.0,0.0,0.0,0.0,0.0,168.0,2.0,82.0,Replay
60.0,0.0,0.0,0.0,0.0,0.0,175.0,2.0,82.0,Replay
60.0,0.0,0.0,0.0,0.0,0.0,174.0,-200.0,-200.0,Replay
60.0,0.0,0.0,3.0,0.0,0.0,174.0,-200.0,-200.0,Replay
30.0,0.0,0.0,4.0,0.0,0.0,174.0,-200.0,-200.0,Replay
10.0,0.0,0.0,4.0,0.0,0.0,174.0,-200.0,-200.0,Replay
0.0,0.0,0.0,2.0,0.0,0.0,174.0,-200.0,-200.0,Replay
0.0,0.0,0.0,0.0,0.0,1.0,167.0,-200.0,-200.0,Replay
80.0,0.0,0.0,0.0,0.0,-2.0,0.0,-6.0,84.0,Replay
80.0,0.0,0.0,0.0,0.0,-1.0,0.0,-7.0,83.0,Replay
80.0,0.0,0.0,0.0,0.0,0.0,0.0,-6.0,83.0,Replay
80.0,0.0,0.0,0.0,-2.0,0.0,0.0,-5.0,83.0,Replay
80.0,1.0,0.0,0.0,0.0,0.0,0.0,-4.0,83.0,Replay
80.0,1.0,0.0,0.0,0.0,-2.0,0.0,-5.0,84.0,Replay
80.0,0.0,0.0,0.0,2.0,0.0,0.0,-3.0,84.0,Replay
80.0,0.0,0.0,0.0,0.0,-1.0,0.0,-4.0,84.0,Replay
80.0,0.0,0.0,0.0,-1.0,0.0,0.0,-11.0,84.0,Replay
80.0,0.0,0.0,0.0,-1.0,0.0,0.0,-14.0,83.0,Replay
80.0,0.0,0.0,0.0,-1.0,-1.0,0.0,-17.0,82.0,Replay
80.0,4.0,0.0,0.0,-3.0,0.0,0.0,-24.0,80.0,Replay
80.0,2.0,0.0,0.0,-1.0,-1.0,0.0,-21.0,85.0,Replay
80.0,2.0,0.0,0.0,-2.0,-1.0,0.0,-30.0,84.0,Replay
80.0,2.0,0.0,0.0,-2.0,-1.0,0.0,-40.0,78.0,Replay
80.0,2.0,0.0,0.0,-2.0,-1.0,0.0,-25.0,92.0,Replay
80.0,2.0,0.0,0.0,-2.0,-1.0,0.0,-31.0,86.0,Replay
80.0,2.0,-1.0,0.0,-1.0,-1.0,0.0,-25.0,83.0,Replay
80.0,1.0,0.0,0.0,3.0,0.0,0.0,16.0,79.0,Replay
80.0,0.0,0.0,0.0,-1.0,0.0,0.0,13.0,82.0,Replay
80.0,3.0,-1.0,0.0,-1.0,0.0,0.0,14.0,82.0,Replay
80.0,2.0,-1.0,0.0,0.0,0.0,0.0,15.0,81.0,Replay
80.0,1.0,0.0,0.0,0.0,0.0,0.0,11.0,83.0,Replay
80.0,0.0,-1.0,0.0,0.0,0.0,0.0,7.0,82.0,Replay
80.0,0.0,0.0,0.0,0.0,1.0,0.0,5.0,82.0,Replay
80.0,0.0,0.0,0.0,0.0,0.0,0.0,7.0,82.0,Replay
80.0,0.0,0.0,0.0,0.0,0.0,0.0,13.0,82.0,Replay
80.0,4.0,0.0,0.0,-1.0,0.0,0.0,15.0,83.0,Replay
80.0,2.0,0.0,0.0,-1.0,-1.0,0.0,27.0,78.0,Replay
80.0,2.0,0.0,0.0,-1.0,-1.0,0.0,42.0,74.0,Replay
80.0,2.0,0.0,0.0,-1.0,-1.0,0.0,-19.0,79.0,Replay
80.0,2.0,-1.0,0.0,-1.0,-1.0,0.0,-5.0,80.0,Replay
80.0,1.0,-1.0,0.0,2.0,-2.0,0.0,-5.0,81.0,Replay
80.0,0.0,0.0,0.0,0.0,0.0,0.0,-1.0,81.0,Replay
80.0,1.0,0.0,0.0,0.0,0.0,0.0,-4.0,82.0,Replay
80.0,0.0,0.0,0.0,0.0,-1.0,0.0,-7.0,82.0,Replay
80.0,0.0,0.0,0.0,0.0,-1.0,0.0,-6.0,83.0,Replay
80.0,0.0,0.0,0.0,0.0,1.0,0.0,-5.0,83.0,Replay
80.0,0.0,0.0,0.0,0.0,0.0,0.0,-6.0,83.0,Replay
80.0,0.0,0.0,0.0,0.0,0.0,0.0,-9.0,84.0,Replay
80.0,4.0,0.0,0.0,-2.0,0.0,0.0,-13.0,85.0,Replay
80.0,2.0,0.0,0.0,-1.0,0.0,0.0,-25.0,82.0,Replay
80.0,2.0,0.0,0.0,-1.0,-1.0,0.0,-25.0,86.0,Replay
80.0,2.0,0.0,0.0,-1.0,-1.0,0.0,0.0,80.0,Replay
80.0,1.0,-1.0,0.0,-1.0,-1.0,0.0,-7.0,88.0,Replay
80.0,0.0,0.0,0.0,-1.0,0.0,0.0,-12.0,87.0,Replay
80.0,1.0,-1.0,0.0,0.0,0.0,0.0,-12.0,86.0,Replay
80.0,0.0,-1.0,0.0,-1.0,-1.0,0.0,-9.0,85.0,Replay
80.0,0.0,-1.0,0.0,0.0,0.0,0.0,-6.0,83.0,Replay
80.0,0.0,0.0,0.0,0.0,1.0,0.0,-3.0,82.0,Replay
80.0,0.0,0.0,0.0,0.0,0.0,25.0,-2.0,83.0,Replay
80.0,0.0,0.0,0.0,0.0,-1.0,55.0,-7.0,83.0,Replay
80.0,0.0,0.0,0.0,0.0,0.0,83.0,-11.0,83.0,Replay
80.0,0.0,0.0,0.0,0.0,0.0,107.0,-14.0,83.0,Replay
80.0,0.0,0.0,0.0,0.0,0.0,141.0,-27.0,78.0,Replay
80.0,0.0,0.0,0.0,0.0,0.0,172.0,-23.0,82.0,Replay
80.0,0.0,0.0,0.0,0.0,0.0,178.0,-22.0,83.0,Replay
80.0,0.0,0.0,0.0,0.0,0.0,178.0,-18.0,84.0,Replay
80.0,0.0,0.0,0.0,0.0,0.0,178.0,-15.0,84.0,Replay
80.0,-2.0,0.0,0.0,-8.0,0.0,178.0,-9.0,84.0,Replay
80.0,-4.0,0.0,0.0,-2.0,0.0,178.0,-9.0,84.0,Replay
80.0,-2.0,0.0,0.0,0.0,0.0,178.0,2.0,77.0,Replay
80.0,-2.0,0.0,0.0,0.0,0.0,178.0,2.0,77.0,Replay
80.0,-2.0,0.0,0.0,0.0,0.0,178.0,-23.0,80.0,Replay
80.0,0.0,0.0,0.0,0.0,0.0,178.0,-14.0,80.0,Replay
80.0,0.0,-1.0,0.0,0.0,0.0,178.0,-7.0,82.0,Replay
80.0,0.0,0.0,0.0,0.0,0.0,178.0,-5.0,81.0,Replay
80.0,0.0,0.0,0.0,0.0,0.0,178.0,-4.0,81.0,Replay
80.0,0.0,0.0,0.0,0.0,0.0,178.0,1.0,83.0,Replay
80.0,-4.0,0.0,0.0,1.0,0.0,178.0,4.0,82.0,Replay
80.0,-2.0,0.0,0.0,-1.0,0.0,177.0,17.0,80.0,Replay
80.0,-2.0,0.0,0.0,-1.0,0.0,177.0,20.0,80.0,Replay
80.0,-2.0,0.0,0.0,0.0,0.0,178.0,3.0,80.0,Replay
80.0,-1.0,1.0,0.0,0.0,-1.0,178.0,3.0,83.0,Replay
80.0,0.0,0.0,0.0,0.0,0.0,178.0,5.0,83.0,Replay
80.0,-1.0,0.0,0.0,0.0,0.0,178.0,0.0,83.0,Replay
80.0,0.0,0.0,0.0,0.0,0.0,178.0,0.0,83.0,Replay
80.0,0.0,0.0,0.0,0.0,0.0,177.0,-5.0,83.0,Replay
80.0,0.0,0.0,0.0,-8.0,0.0,177.0,-7.0,84.0,Replay
80.0,-3.0,0.0,0.0,1.0,0.0,178.0,-12.0,84.0,Replay
80.0,-2.0,0.0,0.0,0.0,0.0,178.0,-23.0,78.0,Replay
80.0,-2.0,0.0,0.0,0.0,-1.0,178.0,-27.0,78.0,Replay
80.0,-2.0,0.0,0.0,0.0,-1.0,178.0,-34.0,67.0,Replay
80.0,-1.0,1.0,0.0,0.0,-1.0,178.0,19.0,82.0,Replay
80.0,0.0,0.0,0.0,0.0,3.0,178.0,11.0,81.0,Replay
80.0,0.0,0.0,0.0,-3.0,-1.0,178.0,11.0,80.0,Replay
80.0,-2.0,1.0,0.0,0.0,0.0,178.0,12.0,82.0,Replay
80.0,-1.0,0.0,0.0,0.0,0.0,178.0,9.0,82.0,Replay
80.0,-1.0,0.0,0.0,0.0,0.0,178.0,9.0,82.0,Replay
80.0,0.0,0.0,0.0,0.0,0.0,178.0,5.0,82.0,Replay
80.0,0.0,0.0,0.0,0.0,0.0,-170.0,3.0,83.0,Replay
80.0,0.0,0.0,0.0,0.0,-1.0,-139.0,4.0,83.0,Replay
80.0,0.0,0.0,0.0,0.0,0.0,-108.0,11.0,84.0,Replay
80.0,0.0,0.0,0.0,0.0,0.0,-71.0,14.0,83.0,Replay
80.0,0.0,0.0,0.0,0.0,0.0,-40.0,7.0,85.0,Replay
80.0,0.0,0.0,0.0,0.0,0.0,-13.0,16.0,84.0,Replay
80.0,0.0,0.0,0.0,0.0,0.0,-5.0,17.0,84.0,Replay
80.0,0.0,0.0,0.0,0.0,0.0,-3.0,16.0,85.0,Replay
80.0,0.0,0.0,0.0,0.0,0.0,-3.0,-200.0,-200.0,Replay
80.0,0.0,0.0,0.0,0.0,0.0,-3.0,-200.0,-200.0,Replay
80.0,0.0,0.0,0.0,0.0,0.0,-3.0,-200.0,-200.0,Replay
80.0,0.0,0.0,0.0,0.0,0.0,-3.0,-200.0,-200.0,Replay
80.0,0.0,0.0,0.0,0.0,0.0,-3.0,-200.0,-200.0,Replay
80.0,0.0,0.0,0.0,0.0,0.0,-3.0,-200.0,-200.0,Replay
80.0,0.0,0.0,0.0,0.0,0.0,-3.0,-200.0,-200.0,Replay
80.0,0.0,0.0,0.0,0.0,0.0,-3.0,-200.0,-200.0,Replay
80.0,0.0,0.0,0.0,0.0,0.0,-3.0,-200.0,-200.0,Replay
80.0,0.0,0.0,0.0,0.0,0.0,-3.0,-200.0,-200.0,Replay
80.0,0.0,0.0,0.0,0.0,-1.0,-3.0,-200.0,-200.0,Replay
80.0,0.0,0.0,0.0,0.0,0.0,-3.0,-200.0,-200.0,Replay
80.0,0.0,0.0,0.0,0.0,-1.0,-3.0,-200.0,-200.0,Replay
80.0,0.0,0.0,0.0,0.0,0.0,-3.0,-200.0,-200.0,Replay
80.0,0.0,0.0,0.0,0.0,0.0,-3.0,-200.0,-200.0,Replay
70.0,0.0,0.0,3.0,0.0,0.0,-3.0,-200.0,-200.0,Replay
50.0,0.0,0.0,4.0,0.0,0.0,-3.0,-200.0,-200.0,Replay
20.0,0.0,0.0,4.0,0.0,0.0,-3.0,-200.0,-200.0,Replay
0.0,0.0,0.0,2.0,-1.0,0.0,-3.0,-200.0,-200.0,Replay
0.0,0.0,-1.0,0.0,0.0,0.0,-3.0,-200.0,-200.0,Replay
70.0,0.0,0.0,0.0,0.0,0.0,0.0,9.0,89.0,Replay
70.0,0.0,0.0,0.0,-1.0,0.0,0.0,9.0,88.0,Replay
70.0,0.0,0.0,0.0,0.0,0.0,0.0,8.0,87.0,Replay
70.0,0.0,0.0,0.0,0.0,0.0,0.0,9.0,85.0,Replay
70.0,0.0,0.0,0.0,0.0,0.0,0.0,11.0,83.0,Replay
60.0,0.0,0.0,0.0,0.0,0.0,0.0,10.0,82.0,Replay
60.0,0.0,0.0,0.0,0.0,0.0,0.0,14.0,81.0,Replay
60.0,0.0,0.0,0.0,-1.0,-2.0,0.0,13.0,81.0,Replay
60.0,0.0,0.0,0.0,0.0,-2.0,0.0,7.0,83.0,Replay
60.0,0.0,0.0,0.0,0.0,-1.0,0.0,5.0,82.0,Replay
60.0,0.0,0.0,0.0,0.0,1.0,0.0,4.0,82.0,Replay
60.0,0.0,0.0,0.0,0.0,-1.0,0.0,7.0,82.0,Replay
60.0,0.0,0.0,0.0,-1.0,-1.0,0.0,13.0,82.0,Replay
60.0,0.0,0.0,0.0,0.0,-1.0,0.0,17.0,81.0,Replay
60.0,0.0,0.0,0.0,0.0,-1.0,0.0,20.0,82.0,Replay
60.0,0.0,0.0,0.0,-8.0,0.0,0.0,21.0,82.0,Replay
60.0,3.0,0.0,0.0,0.0,-1.0,0.0,22.0,84.0,Replay
60.0,2.0,0.0,0.0,-1.0,-1.0,0.0,14.0,87.0,Replay
70.0,2.0,0.0,0.0,-1.0,-1.0,0.0,14.0,87.0,Replay
70.0,2.0,-1.0,0.0,0.0,-2.0,0.0,21.0,85.0,Replay
70.0,1.0,-1.0,0.0,0.0,-2.0,0.0,25.0,84.0,Replay
70.0,0.0,-2.0,0.0,0.0,3.0,0.0,20.0,83.0,Replay
70.0,0.0,0.0,0.0,0.0,0.0,0.0,17.0,84.0,Replay
70.0,0.0,0.0,0.0,0.0,-1.0,0.0,29.0,83.0,Replay
70.0,0.0,0.0,0.0,-8.0,0.0,0.0,33.0,83.0,Replay
70.0,4.0,0.0,0.0,1.0,-1.0,0.0,22.0,90.0,Replay
70.0,2.0,0.0,0.0,0.0,-1.0,0.0,22.0,90.0,Replay
70.0,2.0,0.0,0.0,0.0,-2.0,0.0,22.0,90.0,Replay
60.0,1.0,-1.0,0.0,0.0,-2.0,0.0,22.0,90.0,Replay
60.0,0.0,-2.0,0.0,0.0,-1.0,0.0,22.0,90.0,Replay
60.0,0.0,0.0,0.0,0.0,2.0,0.0,-37.0,76.0,Replay
60.0,0.0,0.0,0.0,-2.0,-4.0,0.0,-34.0,78.0,Replay
60.0,0.0,-2.0,0.0,0.0,-4.0,0.0,-34.0,78.0,Replay
70.0,0.0,-2.0,0.0,0.0,-1.0,0.0,-34.0,80.0,Replay
70.0,0.0,-2.0,0.0,0.0,-1.0,0.0,-25.0,82.0,Replay
70.0,0.0,-1.0,0.0,0.0,-1.0,0.0,-19.0,82.0,Replay
60.0,0.0,-1.0,0.0,0.0,-1.0,0.0,-21.0,81.0,Replay
60.0,0.0,-1.0,0.0,0.0,-1.0,0.0,-17.0,81.0,Replay
60.0,0.0,-1.0,0.0,0.0,-1.0,0.0,-12.0,82.0,Replay
60.0,0.0,-1.0,0.0,0.0,-1.0,0.0,-13.0,81.0,Replay
60.0,0.0,-1.0,0.0,0.0,-1.0,0.0,-12.0,81.0,Replay
60.0,0.0,-1.0,0.0,-1.0,-1.0,0.0,-11.0,82.0,Replay
60.0,0.0,-1.0,0.0,0.0,-1.0,0.0,-10.0,82.0,Replay
60.0,0.0,-1.0,0.0,1.0,-1.0,0.0,-9.0,81.0,Replay
60.0,0.0,-1.0,0.0,-1.0,-1.0,0.0,-7.0,81.0,Replay
60.0,0.0,0.0,0.0,-2.0,-3.0,0.0,-8.0,81.0,Replay
60.0,0.0,0.0,0.0,2.0,0.0,0.0,-8.0,81.0,Replay
60.0,0.0,0.0,0.0,0.0,0.0,0.0,-10.0,80.0,Replay
60.0,0.0,0.0,0.0,0.0,-1.0,0.0,-11.0,81.0,Replay
60.0,2.0,0.0,0.0,-8.0,0.0,0.0,-21.0,80.0,Replay
60.0,3.0,0.0,0.0,0.0,0.0,0.0,-30.0,77.0,Replay
60.0,2.0,0.0,0.0,0.0,-1.0,0.0,-22.0,80.0,Replay
60.0,2.0,0.0,0.0,0.0,-1.0,0.0,-19.0,87.0,Replay
60.0,1.0,-1.0,0.0,0.0,-2.0,0.0,-19.0,87.0,Replay
60.0,0.0,-2.0,0.0,0.0,-1.0,0.0,-31.0,75.0,Replay
60.0,0.0,0.0,0.0,0.0,0.0,0.0,-31.0,72.0,Replay
60.0,-2.0,-2.0,0.0,0.0,-2.0,0.0,-17.0,83.0,Replay
60.0,-1.0,-2.0,0.0,0.0,0.0,0.0,-19.0,81.0,Replay
60.0,0.0,-1.0,0.0,0.0,0.0,0.0,-11.0,82.0,Replay
60.0,0.0,-1.0,0.0,0.0,-1.0,0.0,-9.0,82.0,Replay
60.0,0.0,-1.0,0.0,0.0,-1.0,0.0,-5.0,83.0,Replay
60.0,0.0,0.0,0.0,0.0,-1.0,0.0,-4.0,83.0,Replay
60.0,0.0,0.0,0.0,0.0,0.0,18.0,-6.0,84.0,Replay
60.0,0.0,0.0,0.0,0.0,0.0,42.0,-9.0,84.0,Replay
60.0,0.0,0.0,0.0,0.0,0.0,72.0,-11.0,84.0,Replay
60.0,0.0,0.0,0.0,0.0,0.0,109.0,-18.0,82.0,Replay
60.0,0.0,0.0,0.0,0.0,0.0,139.0,-22.0,83.0,Replay
60.0,0.0,0.0,0.0,0.0,0.0,167.0,-26.0,82.0,Replay
70.0,0.0,0.0,0.0,0.0,0.0,178.0,-21.0,84.0,Replay
60.0,0.0,0.0,0.0,0.0,0.0,178.0,-19.0,84.0,Replay
60.0,0.0,0.0,0.0,0.0,0.0,178.0,-14.0,84.0,Replay
60.0,0.0,0.0,0.0,-8.0,0.0,178.0,-14.0,84.0,Replay
60.0,-4.0,0.0,0.0,1.0,0.0,178.0,-10.0,84.0,Replay
70.0,-2.0,0.0,0.0,-1.0,0.0,178.0,-2.0,85.0,Replay
60.0,-2.0,0.0,0.0,-1.0,-1.0,178.0,-33.0,77.0,Replay
60.0,-2.0,0.0,0.0,-1.0,0.0,178.0,-12.0,82.0,Replay
60.0,-1.0,0.0,0.0,2.0,-4.0,178.0,-7.0,82.0,Replay
60.0,0.0,0.0,0.0,0.0,0.0,178.0,-7.0,83.0,Replay
70.0,0.0,0.0,0.0,-2.0,-1.0,178.0,-5.0,82.0,Replay
70.0,0.0,0.0,0.0,0.0,0.0,178.0,0.0,82.0,Replay
70.0,0.0,0.0,0.0,0.0,0.0,178.0,2.0,84.0,Replay
70.0,0.0,3.0,0.0,0.0,-8.0,178.0,4.0,83.0,Replay
70.0,0.0,8.0,0.0,0.0,-6.0,178.0,-16.0,85.0,Replay
70.0,0.0,9.0,0.0,0.0,-4.0,178.0,-32.0,84.0,Replay
70.0,0.0,9.0,0.0,0.0,-4.0,178.0,-32.0,84.0,Replay
70.0,0.0,9.0,0.0,0.0,-4.0,178.0,-32.0,84.0,Replay
60.0,0.0,9.0,0.0,0.0,-4.0,178.0,-32.0,84.0,Replay
60.0,0.0,9.0,0.0,0.0,-4.0,178.0,-32.0,84.0,Replay
70.0,0.0,9.0,0.0,0.0,-4.0,178.0,-32.0,84.0,Replay
70.0,0.0,9.0,0.0,-1.0,-4.0,178.0,-32.0,84.0,Replay
70.0,0.0,9.0,0.0,0.0,-4.0,178.0,-32.0,84.0,Replay
70.0,0.0,6.0,0.0,1.0,5.0,178.0,-100.0,-100.0,Replay
70.0,0.0,2.0,0.0,0.0,0.0,178.0,-100.0,-100.0,Replay
70.0,1.0,1.0,0.0,0.0,-1.0,178.0,-100.0,-100.0,Replay
70.0,0.0,0.0,0.0,0.0,0.0,178.0,-100.0,-100.0,Replay
70.0,0.0,0.0,0.0,0.0,-1.0,178.0,-100.0,-100.0,Replay
70.0,0.0,0.0,0.0,0.0,-1.0,178.0,-100.0,-100.0,Replay
60.0,0.0,0.0,0.0,0.0,-1.0,178.0,-100.0,-100.0,Replay
60.0,0.0,0.0,0.0,0.0,-1.0,178.0,-100.0,-100.0,Replay
60.0,0.0,0.0,0.0,0.0,-1.0,178.0,-100.0,-100.0,Replay
60.0,0.0,0.0,0.0,0.0,-1.0,178.0,-100.0,-100.0,Replay
60.0,0.0,0.0,0.0,0.0,-1.0,178.0,-100.0,-100.0,Replay
60.0,0.0,0.0,0.0,0.0,-1.0,178.0,-100.0,-100.0,Replay
60.0,0.0,0.0,0.0,0.0,-1.0,178.0,-100.0,-100.0,Replay
60.0,0.0,0.0,0.0,0.0,-1.0,178.0,-100.0,-100.0,Replay
60.0,0.0,0.0,0.0,0.0,-1.0,178.0,-100.0,-100.0,Replay
60.0,0.0,0.0,0.0,0.0,-1.0,178.0,-100.0,-100.0,Replay
60.0,0.0,0.0,0.0,0.0,-1.0,178.0,-100.0,-100.0,Replay
80.0,0.0,0.0,0.0,0.0,0.0,0.0,7.0,86.0,Replay
80.0,0.0,0.0,0.0,-1.0,0.0,0.0,8.0,86.0,Replay
80.0,0.0,0.0,0.0,-1.0,-1.0,0.0,11.0,86.0,Replay
80.0,0.0,0.0,0.0,-1.0,-1.0,0.0,14.0,85.0,Replay
80.0,0.0,0.0,0.0,0.0,-1.0,0.0,19.0,84.0,Replay
80.0,0.0,0.0,0.0,0.0,-1.0,0.0,17.0,85.0,Replay
80.0,0.0,0.0,0.0,0.0,-1.0,0.0,17.0,85.0,Replay
80.0,0.0,-1.0,0.0,0.0,-2.0,0.0,19.0,84.0,Replay
70.0,0.0,-1.0,0.0,0.0,-1.0,0.0,17.0,83.0,Replay
70.0,0.0,-1.0,0.0,0.0,-1.0,0.0,11.0,83.0,Replay
70.0,0.0,-1.0,0.0,0.0,0.0,0.0,11.0,82.0,Replay
70.0,0.0,-1.0,0.0,0.0,-1.0,0.0,9.0,83.0,Replay
70.0,0.0,-1.0,0.0,0.0,0.0,0.0,7.0,83.0,Replay
70.0,0.0,-1.0,0.0,2.0,-1.0,0.0,7.0,83.0,Replay
70.0,0.0,-1.0,0.0,0.0,-1.0,0.0,6.0,83.0,Replay
70.0,-1.0,0.0,0.0,0.0,0.0,0.0,7.0,84.0,Replay
70.0,-1.0,0.0,0.0,1.0,1.0,0.0,5.0,84.0,Replay
70.0,0.0,0.0,0.0,0.0,0.0,0.0,9.0,84.0,Replay
80.0,0.0,0.0,0.0,0.0,-1.0,0.0,13.0,85.0,Replay
80.0,0.0,0.0,0.0,0.0,0.0,0.0,15.0,86.0,Replay
80.0,0.0,0.0,0.0,0.0,-1.0,0.0,22.0,85.0,Replay
80.0,2.0,0.0,0.0,-8.0,0.0,0.0,25.0,86.0,Replay
80.0,3.0,0.0,0.0,0.0,0.0,0.0,-3.0,65.0,Replay
70.0,2.0,0.0,0.0,0.0,-1.0,0.0,24.0,84.0,Replay
70.0,2.0,0.0,0.0,0.0,-2.0,0.0,29.0,83.0,Replay
70.0,1.0,-1.0,0.0,2.0,-2.0,0.0,30.0,81.0,Replay
80.0,0.0,-2.0,0.0,0.0,2.0,0.0,32.0,81.0,Replay
80.0,0.0,0.0,0.0,0.0,0.0,0.0,30.0,80.0,Replay
80.0,-1.0,-2.0,0.0,0.0,-2.0,0.0,32.0,81.0,Replay
80.0,-1.0,-2.0,0.0,0.0,0.0,0.0,21.0,83.0,Replay
70.0,0.0,-1.0,0.0,0.0,-1.0,0.0,16.0,83.0,Replay
70.0,0.0,-1.0,0.0,0.0,-1.0,0.0,13.0,82.0,Replay
70.0,0.0,-1.0,0.0,0.0,-2.0,0.0,12.0,82.0,Replay
70.0,0.0,-1.0,0.0,0.0,-1.0,0.0,11.0,82.0,Replay
70.0,0.0,-1.0,0.0,-1.0,-1.0,0.0,8.0,81.0,Replay
70.0,0.0,-1.0,0.0,0.0,-1.0,0.0,7.0,80.0,Replay
70.0,0.0,0.0,0.0,0.0,0.0,0.0,7.0,80.0,Replay
70.0,0.0,0.0,0.0,0.0,0.0,0.0,10.0,81.0,Replay
70.0,0.0,0.0,0.0,-5.0,0.0,0.0,12.0,81.0,Replay
70.0,4.0,0.0,0.0,1.0,0.0,0.0,16.0,82.0,Replay
70.0,2.0,0.0,0.0,-1.0,-1.0,0.0,25.0,79.0,Replay
70.0,2.0,0.0,0.0,0.0,-1.0,0.0,-29.0,78.0,Replay
70.0,2.0,-1.0,0.0,0.0,-2.0,0.0,-30.0,79.0,Replay
70.0,0.0,-2.0,0.0,1.0,-2.0,0.0,-27.0,80.0,Replay
70.0,0.0,0.0,0.0,0.0,0.0,0.0,-15.0,84.0,Replay
70.0,0.0,-1.0,0.0,0.0,-1.0,0.0,-36.0,74.0,Replay
70.0,0.0,-1.0,0.0,-1.0,-1.0,0.0,-18.0,82.0,Replay
70.0,0.0,-1.0,0.0,0.0,-1.0,0.0,-16.0,80.0,Replay
70.0,0.0,-1.0,0.0,0.0,-1.0,0.0,-12.0,79.0,Replay
70.0,0.0,-1.0,0.0,1.0,0.0,0.0,-11.0,79.0,Replay
70.0,0.0,0.0,0.0,0.0,1.0,0.0,-8.0,79.0,Replay
70.0,0.0,0.0,0.0,0.0,0.0,0.0,-12.0,79.0,Replay
70.0,0.0,0.0,0.0,0.0,-1.0,0.0,-17.0,78.0,Replay
70.0,4.0,0.0,0.0,-3.0,0.0,0.0,-25.0,78.0,Replay
70.0,2.0,0.0,0.0,0.0,0.0,0.0,-32.0,79.0,Replay
70.0,2.0,0.0,0.0,0.0,-1.0,0.0,-16.0,91.0,Replay
70.0,2.0,0.0,0.0,-1.0,-1.0,0.0,-16.0,91.0,Replay
70.0,2.0,-1.0,0.0,0.0,-1.0,0.0,-16.0,91.0,Replay
70.0,0.0,-1.0,0.0,1.0,3.0,0.0,-28.0,79.0,Replay
70.0,0.0,0.0,0.0,0.0,-8.0,0.0,-31.0,78.0,Replay
70.0,0.0,-6.0,0.0,0.0,-7.0,0.0,-21.0,78.0,Replay
70.0,0.0,-9.0,0.0,0.0,-4.0,0.0,31.0,82.0,Replay
70.0,0.0,-9.0,0.0,0.0,-4.0,0.0,31.0,82.0,Replay
70.0,0.0,-9.0,0.0,0.0,-4.0,0.0,31.0,82.0,Replay
50.0,-3.0,0.0,21.0,-42.0,168.0,128.0,31.0,82.0,Replay
60.0,0.0,0.0,0.0,-1.0,-1.0,0.0,22.0,82.0,Replay
60.0,0.0,0.0,0.0,-1.0,0.0,0.0,21.0,82.0,Replay
60.0,0.0,0.0,0.0,-1.0,0.0,0.0,21.0,82.0,Replay
60.0,0.0,-1.0,0.0,-2.0,-4.0,0.0,20.0,85.0,Replay
60.0,1.0,-1.0,0.0,0.0,0.0,0.0,16.0,84.0,Replay
60.0,0.0,-1.0,0.0,-1.0,0.0,0.0,5.0,85.0,Replay
60.0,0.0,0.0,0.0,0.0,0.0,0.0,5.0,84.0,Replay
60.0,0.0,0.0,0.0,0.0,0.0,0.0,5.0,84.0,Replay
60.0,0.0,0.0,0.0,-1.0,0.0,0.0,8.0,85.0,Replay
60.0,0.0,0.0,0.0,-1.0,0.0,0.0,12.0,86.0,Replay
60.0,0.0,0.0,0.0,-1.0,0.0,0.0,17.0,85.0,Replay
60.0,0.0,0.0,0.0,0.0,0.0,0.0,15.0,85.0,Replay
60.0,0.0,0.0,0.0,0.0,0.0,0.0,19.0,84.0,Replay
60.0,3.0,0.0,0.0,-8.0,0.0,0.0,17.0,84.0,Replay
60.0,3.0,0.0,0.0,0.0,0.0,0.0,11.0,86.0,Replay
60.0,2.0,0.0,0.0,-1.0,-1.0,0.0,24.0,84.0,Replay
60.0,2.0,0.0,0.0,-1.0,-1.0,0.0,16.0,86.0,Replay
60.0,2.0,0.0,0.0,-1.0,-1.0,0.0,23.0,86.0,Replay
60.0,1.0,-1.0,0.0,-1.0,-2.0,0.0,8.0,82.0,Replay
60.0,0.0,-1.0,0.0,1.0,3.0,0.0,5.0,82.0,Replay
60.0,0.0,0.0,0.0,-2.0,0.0,0.0,11.0,77.0,Replay
60.0,2.0,0.0,0.0,0.0,-1.0,0.0,9.0,82.0,Replay
60.0,1.0,0.0,0.0,0.0,-1.0,0.0,10.0,83.0,Replay
60.0,1.0,0.0,0.0,0.0,-1.0,0.0,9.0,82.0,Replay
60.0,0.0,0.0,0.0,0.0,-1.0,0.0,8.0,82.0,Replay
60.0,0.0,0.0,0.0,0.0,0.0,0.0,7.0,83.0,Replay
60.0,0.0,0.0,0.0,0.0,0.0,0.0,8.0,84.0,Replay
60.0,1.0,0.0,0.0,-8.0,0.0,0.0,9.0,85.0,Replay
60.0,3.0,0.0,0.0,0.0,0.0,0.0,15.0,85.0,Replay
60.0,2.0,0.0,0.0,-1.0,-1.0,0.0,23.0,81.0,Replay
60.0,2.0,0.0,0.0,-1.0,-1.0,0.0,26.0,81.0,Replay
60.0,2.0,0.0,0.0,-1.0,-1.0,0.0,-11.0,85.0,Replay
60.0,1.0,-1.0,0.0,-1.0,-1.0,0.0,-15.0,84.0,Replay
60.0,0.0,0.0,0.0,2.0,2.0,0.0,-7.0,84.0,Replay
60.0,0.0,0.0,0.0,-3.0,-3.0,0.0,-7.0,83.0,Replay
60.0,0.0,0.0,0.0,-1.0,0.0,0.0,-7.0,82.0,Replay
60.0,0.0,0.0,0.0,1.0,0.0,0.0,-5.0,81.0,Replay
60.0,0.0,0.0,0.0,0.0,0.0,0.0,-4.0,81.0,Replay
60.0,0.0,0.0,0.0,-1.0,-1.0,0.0,-6.0,82.0,Replay
60.0,0.0,-1.0,0.0,0.0,-4.0,0.0,-14.0,81.0,Replay
60.0,0.0,-2.0,0.0,0.0,-1.0,0.0,-4.0,81.0,Replay
60.0,0.0,-2.0,0.0,0.0,-1.0,0.0,5.0,79.0,Replay
60.0,0.0,-1.0,0.0,0.0,0.0,0.0,16.0,78.0,Replay
60.0,0.0,0.0,0.0,-1.0,0.0,0.0,19.0,77.0,Replay
60.0,0.0,2.0,0.0,0.0,2.0,0.0,8.0,79.0,Replay
60.0,0.0,2.0,0.0,0.0,0.0,0.0,-1.0,81.0,Replay
60.0,0.0,0.0,0.0,0.0,-3.0,0.0,-20.0,80.0,Replay
60.0,0.0,-1.0,0.0,-3.0,-6.0,0.0,-30.0,80.0,Replay
60.0,0.0,-2.0,0.0,-1.0,-1.0,0.0,-23.0,80.0,Replay
60.0,0.0,-1.0,0.0,0.0,0.0,0.0,-12.0,80.0,Replay
60.0,0.0,-1.0,0.0,0.0,-1.0,0.0,-7.0,79.0,Replay
60.0,0.0,0.0,0.0,0.0,-1.0,0.0,-5.0,79.0,Replay
60.0,0.0,0.0,0.0,-8.0,0.0,0.0,-4.0,79.0,Replay
60.0,3.0,0.0,0.0,0.0,0.0,0.0,-10.0,80.0,Replay
60.0,2.0,0.0,0.0,-1.0,-1.0,0.0,-16.0,79.0,Replay
60.0,2.0,0.0,0.0,-1.0,-1.0,0.0,-19.0,81.0,Replay
60.0,2.0,0.0,0.0,-1.0,-1.0,0.0,-12.0,80.0,Replay
60.0,2.0,-1.0,0.0,0.0,-1.0,0.0,-6.0,81.0,Replay
60.0,0.0,0.0,0.0,0.0,0.0,0.0,-6.0,81.0,Replay
60.0,0.0,0.0,0.0,0.0,-1.0,0.0,-4.0,81.0,Replay
60.0,0.0,0.0,0.0,0.0,0.0,3.0,-2.0,81.0,Replay
60.0,0.0,0.0,0.0,0.0,0.0,38.0,-2.0,81.0,Replay
60.0,0.0,0.0,0.0,0.0,0.0,68.0,-3.0,82.0,Replay
60.0,0.0,0.0,0.0,0.0,0.0,98.0,-4.0,82.0,Replay
60.0,0.0,0.0,0.0,0.0,0.0,140.0,-10.0,82.0,Replay
60.0,0.0,0.0,0.0,0.0,0.0,167.0,-13.0,81.0,Replay
60.0,0.0,0.0,0.0,0.0,0.0,177.0,-12.0,80.0,Replay
60.0,0.0,0.0,0.0,0.0,0.0,178.0,-11.0,79.0,Replay
60.0,0.0,-3.0,0.0,0.0,8.0,178.0,-11.0,77.0,Replay
60.0,0.0,-7.0,0.0,0.0,5.0,178.0,7.0,79.0,Replay
60.0,0.0,-9.0,0.0,0.0,4.0,178.0,21.0,77.0,Replay
60.0,0.0,-9.0,0.0,0.0,4.0,178.0,21.0,77.0,Replay
50.0,2.0,-1.0,21.0,32.0,-66.0,-165.0,21.0,77.0,Replay
80.0,0.0,0.0,0.0,0.0,0.0,0.0,6.0,87.0,Replay
80.0,0.0,0.0,0.0,-1.0,0.0,0.0,7.0,87.0,Replay
80.0,0.0,0.0,0.0,-1.0,0.0,0.0,10.0,87.0,Replay
80.0,0.0,0.0,0.0,-1.0,0.0,0.0,9.0,87.0,Replay
80.0,0.0,0.0,0.0,-1.0,0.0,0.0,10.0,86.0,Replay
80.0,0.0,0.0,0.0,0.0,0.0,0.0,9.0,86.0,Replay
80.0,0.0,0.0,0.0,0.0,0.0,0.0,10.0,86.0,Replay
80.0,0.0,-1.0,0.0,-1.0,-1.0,0.0,10.0,86.0,Replay
80.0,0.0,0.0,0.0,0.0,0.0,0.0,8.0,84.0,Replay
80.0,0.0,0.0,0.0,0.0,0.0,0.0,5.0,84.0,Replay
80.0,0.0,0.0,0.0,0.0,0.0,0.0,6.0,84.0,Replay
80.0,0.0,0.0,0.0,-1.0,0.0,0.0,12.0,83.0,Replay
80.0,0.0,0.0,0.0,0.0,0.0,0.0,13.0,83.0,Replay
80.0,0.0,0.0,0.0,-1.0,0.0,0.0,14.0,83.0,Replay
80.0,0.0,0.0,0.0,-1.0,0.0,0.0,19.0,82.0,Replay
80.0,0.0,0.0,0.0,0.0,0.0,0.0,18.0,83.0,Replay
80.0,0.0,0.0,0.0,0.0,0.0,0.0,19.0,82.0,Replay
80.0,1.0,0.0,0.0,-8.0,0.0,0.0,19.0,82.0,Replay
80.0,3.0,0.0,0.0,1.0,0.0,0.0,15.0,84.0,Replay
80.0,2.0,0.0,0.0,-1.0,0.0,0.0,18.0,85.0,Replay
80.0,2.0,0.0,0.0,-1.0,0.0,0.0,27.0,84.0,Replay
80.0,2.0,0.0,0.0,-1.0,-1.0,0.0,25.0,89.0,Replay
80.0,2.0,0.0,0.0,-1.0,-1.0,0.0,16.0,83.0,Replay
80.0,1.0,-1.0,0.0,-1.0,-1.0,0.0,12.0,85.0,Replay
80.0,0.0,0.0,0.0,0.0,2.0,0.0,13.0,83.0,Replay
80.0,0.0,0.0,0.0,-2.0,-1.0,0.0,14.0,81.0,Replay
80.0,2.0,-1.0,0.0,-1.0,0.0,0.0,14.0,82.0,Replay
80.0,1.0,-1.0,0.0,0.0,0.0,0.0,11.0,82.0,Replay
80.0,1.0,0.0,0.0,-1.0,-1.0,0.0,6.0,83.0,Replay
80.0,0.0,0.0,0.0,-1.0,0.0,0.0,6.0,83.0,Replay
80.0,0.0,0.0,0.0,0.0,0.0,0.0,6.0,83.0,Replay
80.0,0.0,0.0,0.0,-3.0,-1.0,0.0,6.0,84.0,Replay
80.0,0.0,0.0,0.0,0.0,0.0,0.0,8.0,83.0,Replay
80.0,0.0,0.0,0.0,0.0,0.0,0.0,9.0,84.0,Replay
80.0,0.0,0.0,0.0,-8.0,0.0,0.0,11.0,83.0,Replay
80.0,3.0,0.0,0.0,0.0,0.0,0.0,15.0,83.0,Replay
80.0,2.0,0.0,0.0,-1.0,0.0,0.0,22.0,81.0,Replay
80.0,2.0,0.0,0.0,-1.0,-1.0,0.0,26.0,78.0,Replay
80.0,2.0,0.0,0.0,-1.0,-1.0,0.0,35.0,76.0,Replay
80.0,2.0,0.0,0.0,-1.0,-1.0,0.0,-20.0,79.0,Replay
80.0,2.0,-1.0,0.0,-1.0,-1.0,0.0,-17.0,82.0,Replay
80.0,0.0,0.0,0.0,0.0,0.0,0.0,-15.0,82.0,Replay
80.0,1.0,0.0,0.0,-4.0,-3.0,0.0,-17.0,81.0,Replay
80.0,1.0,-1.0,0.0,-1.0,-1.0,0.0,-13.0,82.0,Replay
80.0,1.0,-1.0,0.0,0.0,0.0,0.0,-7.0,83.0,Replay
80.0,1.0,0.0,0.0,0.0,-1.0,0.0,-6.0,83.0,Replay
80.0,0.0,0.0,0.0,0.0,0.0,0.0,-4.0,83.0,Replay
70.0,0.0,0.0,0.0,0.0,0.0,0.0,-4.0,82.0,Replay
80.0,0.0,0.0,0.0,-1.0,0.0,0.0,-5.0,83.0,Replay
80.0,1.0,0.0,0.0,-8.0,0.0,0.0,-9.0,84.0,Replay
80.0,3.0,0.0,0.0,0.0,-1.0,0.0,-18.0,83.0,Replay
80.0,2.0,0.0,0.0,-1.0,-1.0,0.0,-23.0,83.0,Replay
80.0,2.0,0.0,0.0,-1.0,0.0,0.0,-29.0,81.0,Replay
80.0,2.0,0.0,0.0,-1.0,0.0,0.0,-26.0,82.0,Replay
80.0,2.0,0.0,0.0,-1.0,-1.0,0.0,-14.0,85.0,Replay
80.0,2.0,-1.0,0.0,-1.0,2.0,0.0,-14.0,83.0,Replay
80.0,0.0,0.0,0.0,0.0,0.0,0.0,-13.0,83.0,Replay
80.0,0.0,-1.0,0.0,-1.0,-2.0,0.0,-19.0,82.0,Replay
80.0,0.0,-1.0,0.0,-1.0,-1.0,0.0,-16.0,82.0,Replay
70.0,0.0,-1.0,0.0,-1.0,0.0,0.0,-9.0,82.0,Replay
70.0,0.0,-1.0,0.0,0.0,0.0,0.0,-6.0,80.0,Replay
70.0,0.0,0.0,0.0,-1.0,0.0,9.0,-7.0,80.0,Replay
70.0,0.0,0.0,0.0,0.0,-1.0,39.0,-9.0,81.0,Replay
70.0,0.0,0.0,0.0,0.0,-1.0,75.0,-15.0,81.0,Replay
70.0,0.0,0.0,0.0,0.0,0.0,105.0,-18.0,81.0,Replay
70.0,0.0,0.0,0.0,0.0,0.0,135.0,-23.0,81.0,Replay
70.0,0.0,0.0,0.0,0.0,0.0,164.0,-26.0,81.0,Replay
70.0,0.0,0.0,0.0,0.0,0.0,175.0,-26.0,81.0,Replay
70.0,0.0,0.0,0.0,0.0,0.0,177.0,-25.0,81.0,Replay
70.0,0.0,0.0,0.0,0.0,0.0,177.0,-22.0,82.0,Replay
80.0,0.0,0.0,0.0,-8.0,0.0,177.0,-17.0,83.0,Replay
80.0,-3.0,0.0,0.0,1.0,0.0,177.0,-18.0,83.0,Replay
80.0,-2.0,0.0,0.0,-1.0,0.0,177.0,-9.0,80.0,Replay
80.0,-2.0,0.0,0.0,-1.0,0.0,177.0,-8.0,76.0,Replay
80.0,-2.0,0.0,0.0,-1.0,0.0,178.0,-21.0,80.0,Replay
70.0,-1.0,0.0,0.0,0.0,-1.0,178.0,-15.0,81.0,Replay
70.0,0.0,0.0,0.0,0.0,1.0,177.0,-16.0,80.0,Replay
70.0,0.0,0.0,0.0,1.0,3.0,177.0,-11.0,81.0,Replay
70.0,0.0,-1.0,0.0,-1.0,0.0,177.0,-4.0,81.0,Replay
70.0,0.0,0.0,0.0,0.0,0.0,177.0,-4.0,81.0,Replay
80.0,0.0,0.0,0.0,0.0,0.0,177.0,1.0,80.0,Replay
80.0,-2.0,0.0,0.0,-8.0,0.0,177.0,-2.0,81.0,Replay
80.0,-3.0,0.0,0.0,0.0,0.0,178.0,16.0,78.0,Replay
80.0,-2.0,0.0,0.0,-1.0,-1.0,178.0,18.0,79.0,Replay
80.0,-2.0,0.0,0.0,-1.0,-1.0,178.0,-8.0,83.0,Replay
80.0,-2.0,0.0,0.0,-1.0,-1.0,178.0,-14.0,82.0,Replay
80.0,-1.0,1.0,0.0,0.0,-1.0,178.0,-15.0,82.0,Replay
80.0,0.0,1.0,0.0,0.0,3.0,177.0,-6.0,84.0,Replay
80.0,0.0,0.0,0.0,-1.0,-3.0,177.0,-8.0,84.0,Replay
80.0,0.0,1.0,0.0,-1.0,0.0,177.0,-10.0,84.0,Replay
80.0,0.0,1.0,0.0,-1.0,-1.0,177.0,-9.0,85.0,Replay
80.0,0.0,1.0,0.0,-1.0,0.0,177.0,-6.0,84.0,Replay
70.0,0.0,0.0,0.0,0.0,0.0,177.0,-4.0,83.0,Replay
80.0,0.0,0.0,0.0,-1.0,0.0,177.0,-6.0,84.0,Replay
80.0,0.0,0.0,0.0,-7.0,0.0,177.0,-13.0,84.0,Replay
80.0,-3.0,0.0,0.0,0.0,0.0,177.0,-17.0,83.0,Replay
80.0,-2.0,0.0,0.0,-1.0,0.0,178.0,-22.0,81.0,Replay
80.0,-2.0,0.0,0.0,-1.0,-1.0,178.0,-29.0,79.0,Replay
80.0,-2.0,0.0,0.0,-1.0,-1.0,177.0,6.0,72.0,Replay
70.0,-1.0,1.0,0.0,0.0,-2.0,177.0,-13.0,81.0,Replay
70.0,-1.0,1.0,0.0,0.0,-1.0,177.0,-18.0,76.0,Replay
80.0,0.0,1.0,0.0,0.0,2.0,177.0,-10.0,81.0,Replay
80.0,0.0,0.0,0.0,0.0,0.0,178.0,-13.0,79.0,Replay
80.0,-2.0,0.0,0.0,-1.0,-1.0,177.0,-16.0,79.0,Replay
80.0,-1.0,1.0,0.0,0.0,0.0,177.0,-10.0,82.0,Replay
80.0,0.0,1.0,0.0,0.0,0.0,177.0,-8.0,83.0,Replay
80.0,0.0,0.0,0.0,0.0,-1.0,178.0,-5.0,83.0,Replay
70.0,0.0,0.0,0.0,0.0,-1.0,177.0,-7.0,83.0,Replay
80.0,0.0,1.0,0.0,-2.0,0.0,177.0,-5.0,83.0,Replay
70.0,0.0,0.0,0.0,0.0,-1.0,-171.0,-4.0,82.0,Replay
70.0,0.0,0.0,0.0,0.0,-1.0,-140.0,-8.0,82.0,Replay
70.0,0.0,0.0,0.0,0.0,-1.0,-103.0,-12.0,83.0,Replay
80.0,0.0,0.0,0.0,1.0,0.0,-73.0,-20.0,84.0,Replay
80.0,0.0,0.0,0.0,1.0,0.0,-49.0,-22.0,85.0,Replay
80.0,0.0,0.0,0.0,0.0,1.0,-19.0,-25.0,84.0,Replay
70.0,0.0,0.0,0.0,0.0,1.0,-6.0,-24.0,82.0,Replay
80.0,0.0,0.0,0.0,0.0,0.0,-2.0,-200.0,-200.0,Replay
80.0,0.0,0.0,0.0,0.0,0.0,-1.0,-200.0,-200.0,Replay
70.0,0.0,0.0,3.0,0.0,0.0,-1.0,-200.0,-200.0,Replay
50.0,0.0,0.0,4.0,0.0,0.0,-1.0,-200.0,-200.0,Replay
20.0,0.0,0.0,4.0,0.0,0.0,-1.0,-200.0,-200.0,Replay
0.0,0.0,0.0,2.0,0.0,0.0,-1.0,-200.0,-200.0,Replay
10.0,0.0,0.0,-1.0,0.0,0.0,-1.0,-200.0,-200.0,Replay
10.0,0.0,0.0,-1.0,-1.0,0.0,-1.0,-200.0,-200.0,Replay
20.0,0.0,0.0,-1.0,-1.0,0.0,-1.0,-200.0,-200.0,Replay
20.0,0.0,3.0,0.0,0.0,8.0,-1.0,-200.0,-200.0,Replay
30.0,0.0,8.0,0.0,-1.0,5.0,-1.0,-200.0,-200.0,Replay
30.0,0.0,9.0,0.0,0.0,4.0,-1.0,-200.0,-200.0,Replay
30.0,0.0,9.0,0.0,0.0,4.0,-1.0,-200.0,-200.0,Replay
30.0,0.0,9.0,0.0,0.0,5.0,-1.0,-200.0,-200.0,Replay
30.0,0.0,9.0,0.0,-1.0,5.0,-1.0,-200.0,-200.0,Replay
30.0,0.0,9.0,0.0,0.0,5.0,-1.0,-200.0,-200.0,Replay
30.0,0.0,9.0,0.0,0.0,6.0,-1.0,-200.0,-200.0,Replay
30.0,0.0,9.0,0.0,0.0,6.0,-1.0,-200.0,-200.0,Replay
70.0,0.0,0.0,0.0,0.0,0.0,0.0,15.0,85.0,Replay
70.0,0.0,0.0,0.0,0.0,0.0,0.0,12.0,85.0,Replay
70.0,0.0,0.0,0.0,0.0,0.0,0.0,13.0,84.0,Replay
70.0,0.0,0.0,0.0,-1.0,-2.0,0.0,15.0,83.0,Replay
70.0,0.0,-1.0,0.0,-1.0,0.0,0.0,10.0,83.0,Replay
70.0,0.0,-1.0,0.0,-2.0,0.0,0.0,7.0,83.0,Replay
70.0,0.0,0.0,0.0,0.0,0.0,0.0,5.0,83.0,Replay
70.0,0.0,0.0,0.0,0.0,0.0,0.0,8.0,84.0,Replay
70.0,0.0,0.0,0.0,0.0,0.0,0.0,11.0,84.0,Replay
70.0,0.0,0.0,0.0,0.0,0.0,0.0,15.0,83.0,Replay
70.0,0.0,0.0,0.0,0.0,0.0,0.0,10.0,84.0,Replay
70.0,0.0,0.0,0.0,0.0,0.0,0.0,14.0,83.0,Replay
70.0,0.0,0.0,0.0,0.0,0.0,0.0,15.0,82.0,Replay
70.0,0.0,0.0,0.0,0.0,0.0,0.0,15.0,82.0,Replay
70.0,1.0,0.0,0.0,-8.0,0.0,0.0,17.0,82.0,Replay
70.0,3.0,0.0,0.0,1.0,0.0,0.0,9.0,85.0,Replay
70.0,2.0,0.0,0.0,-1.0,-1.0,0.0,14.0,84.0,Replay
70.0,2.0,0.0,0.0,-1.0,-1.0,0.0,22.0,84.0,Replay
70.0,2.0,0.0,0.0,-1.0,-1.0,0.0,7.0,83.0,Replay
70.0,2.0,-1.0,0.0,-1.0,-1.0,0.0,5.0,82.0,Replay
70.0,0.0,0.0,0.0,1.0,0.0,0.0,1.0,85.0,Replay
70.0,0.0,0.0,0.0,-4.0,0.0,0.0,2.0,83.0,Replay
70.0,1.0,0.0,0.0,0.0,0.0,0.0,5.0,83.0,Replay
70.0,1.0,0.0,0.0,0.0,-1.0,0.0,6.0,82.0,Replay
70.0,0.0,0.0,0.0,0.0,-1.0,0.0,7.0,81.0,Replay
70.0,0.0,0.0,0.0,0.0,0.0,0.0,7.0,81.0,Replay
70.0,0.0,0.0,0.0,0.0,0.0,0.0,7.0,82.0,Replay
70.0,0.0,-1.0,0.0,0.0,-6.0,0.0,10.0,82.0,Replay
70.0,0.0,-2.0,0.0,0.0,0.0,0.0,5.0,82.0,Replay
70.0,0.0,-2.0,0.0,0.0,0.0,0.0,-2.0,82.0,Replay
70.0,0.0,-2.0,0.0,0.0,1.0,0.0,-13.0,82.0,Replay
70.0,0.0,0.0,0.0,0.0,0.0,0.0,-20.0,82.0,Replay
70.0,0.0,2.0,0.0,0.0,0.0,0.0,-15.0,82.0,Replay
70.0,0.0,2.0,0.0,0.0,0.0,0.0,5.0,82.0,Replay
70.0,0.0,0.0,0.0,-1.0,0.0,0.0,23.0,81.0,Replay
70.0,0.0,-1.0,0.0,-1.0,-4.0,0.0,28.0,80.0,Replay
70.0,0.0,-1.0,0.0,0.0,0.0,0.0,23.0,80.0,Replay
70.0,0.0,-1.0,0.0,0.0,0.0,0.0,13.0,81.0,Replay
70.0,0.0,-1.0,0.0,0.0,0.0,0.0,9.0,80.0,Replay
70.0,0.0,0.0,0.0,0.0,-1.0,0.0,7.0,81.0,Replay
70.0,0.0,-1.0,0.0,0.0,0.0,0.0,5.0,81.0,Replay
70.0,3.0,0.0,0.0,-8.0,0.0,0.0,5.0,81.0,Replay
70.0,2.0,0.0,0.0,0.0,-1.0,0.0,16.0,78.0,Replay
70.0,2.0,0.0,0.0,0.0,-1.0,0.0,19.0,78.0,Replay
70.0,2.0,0.0,0.0,0.0,-2.0,0.0,-13.0,79.0,Replay
70.0,1.0,-1.0,0.0,0.0,-2.0,0.0,-18.0,80.0,Replay
70.0,1.0,-1.0,0.0,0.0,-2.0,0.0,-12.0,82.0,Replay
70.0,0.0,0.0,0.0,0.0,1.0,0.0,-6.0,81.0,Replay
70.0,0.0,0.0,0.0,0.0,0.0,0.0,-4.0,81.0,Replay
70.0,0.0,0.0,0.0,0.0,-1.0,0.0,-10.0,82.0,Replay
70.0,0.0,0.0,0.0,-5.0,-1.0,0.0,-16.0,81.0,Replay
70.0,4.0,0.0,0.0,1.0,0.0,0.0,-21.0,80.0,Replay
70.0,2.0,0.0,0.0,-1.0,-1.0,0.0,-30.0,76.0,Replay
70.0,2.0,0.0,0.0,-1.0,-1.0,0.0,-40.0,74.0,Replay
70.0,2.0,0.0,0.0,-1.0,-1.0,0.0,-33.0,80.0,Replay
70.0,2.0,-1.0,0.0,-1.0,0.0,0.0,-23.0,86.0,Replay
70.0,1.0,-1.0,0.0,-1.0,-1.0,0.0,-25.0,82.0,Replay
70.0,0.0,0.0,0.0,0.0,0.0,0.0,-22.0,82.0,Replay
70.0,0.0,-1.0,0.0,-1.0,-2.0,0.0,-14.0,86.0,Replay
70.0,0.0,-1.0,0.0,0.0,0.0,0.0,-18.0,81.0,Replay
70.0,0.0,-1.0,0.0,0.0,0.0,0.0,-10.0,81.0,Replay
70.0,0.0,0.0,0.0,-3.0,0.0,0.0,-7.0,81.0,Replay
70.0,0.0,0.0,0.0,0.0,0.0,0.0,-4.0,80.0,Replay
70.0,0.0,0.0,0.0,0.0,0.0,29.0,-5.0,80.0,Replay
70.0,0.0,0.0,0.0,0.0,-1.0,60.0,-10.0,79.0,Replay
60.0,0.0,0.0,0.0,0.0,0.0,96.0,-13.0,78.0,Replay
60.0,0.0,0.0,0.0,0.0,0.0,126.0,-14.0,79.0,Replay
70.0,0.0,0.0,0.0,0.0,0.0,157.0,-17.0,79.0,Replay
70.0,0.0,0.0,0.0,0.0,1.0,173.0,-17.0,81.0,Replay
70.0,0.0,0.0,0.0,0.0,0.0,177.0,-17.0,84.0,Replay
70.0,0.0,0.0,0.0,0.0,0.0,177.0,-17.0,85.0,Replay
70.0,0.0,0.0,0.0,0.0,0.0,177.0,-16.0,79.0,Replay
60.0,-4.0,0.0,0.0,-6.0,0.0,177.0,-15.0,76.0,Replay
60.0,-2.0,0.0,0.0,0.0,0.0,177.0,-11.0,78.0,Replay
60.0,-2.0,0.0,0.0,0.0,0.0,177.0,-7.0,75.0,Replay
60.0,-2.0,0.0,0.0,-1.0,0.0,177.0,-22.0,73.0,Replay
70.0,-2.0,0.0,0.0,-1.0,0.0,177.0,-20.0,75.0,Replay
60.0,0.0,0.0,0.0,0.0,0.0,177.0,-20.0,75.0,Replay
60.0,1.0,-1.0,0.0,1.0,1.0,177.0,-19.0,75.0,Replay
70.0,0.0,-1.0,0.0,0.0,0.0,177.0,-9.0,77.0,Replay
70.0,0.0,0.0,0.0,-1.0,0.0,177.0,-4.0,79.0,Replay
70.0,0.0,0.0,0.0,0.0,0.0,177.0,-3.0,78.0,Replay
70.0,0.0,0.0,0.0,0.0,0.0,177.0,-2.0,78.0,Replay
70.0,0.0,0.0,-1.0,0.0,0.0,177.0,-2.0,83.0,Replay
80.0,0.0,0.0,-1.0,0.0,0.0,177.0,-2.0,95.0,Replay
90.0,0.0,0.0,-1.0,0.0,0.0,177.0,-3.0,103.0,Replay
100.0,0.0,0.0,-1.0,0.0,0.0,177.0,-1.0,113.0,Replay
100.0,0.0,0.0,0.0,0.0,0.0,177.0,-3.0,118.0,Replay
90.0,0.0,0.0,2.0,0.0,0.0,177.0,-2.0,110.0,Replay
80.0,0.0,0.0,2.0,0.0,0.0,177.0,-2.0,95.0,Replay
70.0,0.0,0.0,1.0,0.0,0.0,177.0,-1.0,87.0,Replay
70.0,0.0,0.0,0.0,0.0,0.0,177.0,0.0,77.0,Replay
70.0,1.0,0.0,0.0,0.0,0.0,177.0,0.0,76.0,Replay
70.0,1.0,0.0,0.0,0.0,0.0,177.0,0.0,76.0,Replay
70.0,0.0,0.0,0.0,-8.0,0.0,177.0,-2.0,80.0,Replay
70.0,-3.0,0.0,0.0,0.0,0.0,177.0,5.0,80.0,Replay
70.0,-2.0,0.0,0.0,-1.0,0.0,177.0,7.0,80.0,Replay
70.0,-2.0,0.0,0.0,-1.0,0.0,177.0,11.0,77.0,Replay
70.0,-2.0,0.0,0.0,-1.0,-1.0,177.0,2.0,78.0,Replay
70.0,-1.0,0.0,0.0,0.0,0.0,177.0,1.0,80.0,Replay
70.0,-1.0,0.0,0.0,-8.0,0.0,177.0,2.0,80.0,Replay
70.0,-6.0,0.0,0.0,-7.0,0.0,177.0,2.0,81.0,Replay
70.0,-9.0,0.0,0.0,-5.0,0.0,177.0,-4.0,78.0,Replay
70.0,-9.0,0.0,0.0,-4.0,0.0,177.0,10.0,87.0,Replay
70.0,-9.0,0.0,0.0,-4.0,0.0,177.0,5.0,90.0,Replay
70.0,-10.0,0.0,0.0,-4.0,0.0,177.0,5.0,90.0,Replay
-10.0,4.0,4.0,28.0,6.0,-75.0,158.0,5.0,90.0,Replay
-10.0,4.0,4.0,28.0,6.0,-75.0,158.0,5.0,90.0,Replay
-10.0,4.0,4.0,28.0,6.0,-75.0,158.0,5.0,90.0,Replay
-10.0,4.0,4.0,28.0,6.0,-75.0,158.0,5.0,90.0,Replay
-10.0,4.0,4.0,28.0,6.0,-75.0,158.0,5.0,90.0,Replay
-10.0,4.0,4.0,28.0,6.0,-75.0,158.0,5.0,90.0,Replay
-10.0,4.0,4.0,28.0,6.0,-75.0,158.0,5.0,90.0,Replay
-10.0,4.0,4.0,28.0,6.0,-75.0,158.0,5.0,90.0,Replay
-10.0,4.0,4.0,28.0,6.0,-75.0,158.0,5.0,90.0,Replay
-10.0,4.0,4.0,28.0,6.0,-75.0,158.0,5.0,90.0,Replay
-10.0,4.0,4.0,28.0,6.0,-75.0,158.0,5.0,90.0,Replay
-10.0,4.0,4.0,28.0,6.0,-75.0,158.0,5.0,90.0,Replay
-10.0,4.0,4.0,28.0,6.0,-75.0,158.0,5.0,90.0,Replay
-10.0,4.0,4.0,28.0,6.0,-75.0,158.0,5.0,90.0,Replay
80.0,0.0,0.0,0.0,0.0,0.0,-1.0,5.0,85.0,Replay
80.0,0.0,0.0,0.0,0.0,0.0,-1.0,4.0,85.0,Replay
80.0,0.0,0.0,0.0,0.0,0.0,-1.0,6.0,85.0,Replay
80.0,0.0,0.0,0.0,0.0,-1.0,-1.0,4.0,85.0,Replay
80.0,0.0,0.0,0.0,0.0,0.0,-1.0,6.0,84.0,Replay
80.0,0.0,0.0,0.0,0.0,0.0,0.0,3.0,83.0,Replay
80.0,0.0,0.0,0.0,0.0,0.0,0.0,6.0,83.0,Replay
80.0,0.0,0.0,0.0,0.0,0.0,-1.0,6.0,83.0,Replay
80.0,0.0,0.0,0.0,0.0,0.0,-1.0,9.0,83.0,Replay
80.0,0.0,0.0,0.0,0.0,0.0,-1.0,8.0,84.0,Replay
80.0,0.0,0.0,0.0,0.0,0.0,0.0,9.0,85.0,Replay
80.0,0.0,0.0,0.0,0.0,0.0,0.0,13.0,85.0,Replay
80.0,0.0,0.0,0.0,0.0,0.0,0.0,14.0,85.0,Replay
80.0,4.0,0.0,0.0,-6.0,0.0,-1.0,17.0,85.0,Replay
80.0,2.0,0.0,0.0,-1.0,0.0,-1.0,14.0,85.0,Replay
80.0,2.0,0.0,0.0,-1.0,0.0,-1.0,7.0,84.0,Replay
80.0,2.0,0.0,0.0,-1.0,-1.0,-1.0,15.0,82.0,Replay
80.0,1.0,-1.0,0.0,0.0,-1.0,-1.0,10.0,84.0,Replay
80.0,0.0,-1.0,0.0,0.0,2.0,-1.0,6.0,84.0,Replay
80.0,0.0,0.0,0.0,0.0,-2.0,-1.0,2.0,85.0,Replay
80.0,0.0,0.0,0.0,0.0,0.0,-1.0,7.0,84.0,Replay
80.0,0.0,0.0,0.0,0.0,0.0,-1.0,7.0,83.0,Replay
70.0,0.0,0.0,0.0,0.0,1.0,-1.0,6.0,82.0,Replay
70.0,0.0,0.0,0.0,0.0,0.0,-1.0,7.0,82.0,Replay
80.0,0.0,0.0,0.0,0.0,0.0,-1.0,10.0,83.0,Replay
80.0,4.0,0.0,0.0,-1.0,0.0,-1.0,12.0,84.0,Replay
80.0,2.0,0.0,0.0,-1.0,0.0,0.0,25.0,78.0,Replay
80.0,2.0,0.0,0.0,-1.0,-1.0,-1.0,-10.0,84.0,Replay
80.0,2.0,-1.0,0.0,0.0,-1.0,-1.0,-18.0,81.0,Replay
70.0,1.0,-1.0,0.0,0.0,-1.0,-1.0,-11.0,81.0,Replay
70.0,0.0,0.0,0.0,0.0,0.0,-1.0,-11.0,81.0,Replay
80.0,0.0,-1.0,0.0,0.0,-1.0,-1.0,-10.0,81.0,Replay
70.0,0.0,-1.0,0.0,0.0,-1.0,-1.0,-7.0,82.0,Replay
70.0,0.0,-1.0,0.0,0.0,0.0,-1.0,-7.0,82.0,Replay
70.0,0.0,0.0,0.0,0.0,0.0,-1.0,-6.0,82.0,Replay
70.0,0.0,0.0,0.0,0.0,0.0,-1.0,-8.0,82.0,Replay
70.0,1.0,0.0,0.0,-8.0,0.0,-1.0,-11.0,83.0,Replay
80.0,3.0,0.0,0.0,1.0,-1.0,-1.0,-22.0,81.0,Replay
80.0,2.0,0.0,0.0,-1.0,0.0,-1.0,-35.0,83.0,Replay
80.0,2.0,0.0,0.0,-1.0,0.0,-1.0,-17.0,84.0,Replay
80.0,2.0,0.0,0.0,-1.0,-1.0,-1.0,-20.0,82.0,Replay
70.0,1.0,-1.0,0.0,1.0,-1.0,-1.0,-13.0,82.0,Replay
70.0,0.0,0.0,0.0,0.0,0.0,-1.0,-11.0,82.0,Replay
70.0,0.0,0.0,0.0,0.0,-4.0,0.0,-16.0,80.0,Replay
70.0,0.0,-1.0,0.0,0.0,0.0,-1.0,-11.0,82.0,Replay
70.0,0.0,-1.0,0.0,0.0,0.0,-1.0,-7.0,82.0,Replay
70.0,0.0,0.0,0.0,0.0,1.0,-1.0,-5.0,82.0,Replay
70.0,0.0,0.0,0.0,0.0,0.0,22.0,-5.0,82.0,Replay
70.0,0.0,0.0,0.0,0.0,0.0,59.0,-8.0,82.0,Replay
70.0,0.0,0.0,0.0,0.0,0.0,89.0,-13.0,82.0,Replay
70.0,0.0,0.0,0.0,0.0,0.0,131.0,-18.0,82.0,Replay
80.0,0.0,0.0,0.0,0.0,1.0,156.0,-25.0,81.0,Replay
80.0,0.0,0.0,0.0,0.0,1.0,172.0,-26.0,83.0,Replay
80.0,0.0,0.0,0.0,0.0,0.0,177.0,-23.0,85.0,Replay
80.0,0.0,0.0,0.0,0.0,0.0,177.0,-21.0,85.0,Replay
80.0,0.0,0.0,0.0,0.0,0.0,177.0,-16.0,86.0,Replay
80.0,-3.0,0.0,0.0,-8.0,0.0,177.0,-14.0,86.0,Replay
80.0,-2.0,0.0,0.0,0.0,0.0,177.0,-13.0,83.0,Replay
80.0,-2.0,0.0,0.0,0.0,0.0,177.0,-14.0,86.0,Replay
80.0,-2.0,0.0,0.0,-1.0,0.0,177.0,-18.0,82.0,Replay
80.0,-2.0,0.0,0.0,0.0,0.0,177.0,-13.0,83.0,Replay
80.0,0.0,0.0,0.0,1.0,2.0,177.0,-13.0,84.0,Replay
80.0,0.0,-2.0,0.0,0.0,8.0,177.0,-16.0,82.0,Replay
80.0,0.0,-7.0,0.0,0.0,5.0,176.0,9.0,84.0,Replay
80.0,0.0,-9.0,0.0,0.0,3.0,177.0,42.0,81.0,Replay
80.0,0.0,-9.0,0.0,0.0,3.0,176.0,42.0,81.0,Replay
90.0,1.0,-1.0,14.0,7.0,101.0,178.0,42.0,81.0,Replay
90.0,1.0,-1.0,14.0,7.0,101.0,178.0,42.0,81.0,Replay
90.0,1.0,-1.0,14.0,7.0,101.0,178.0,42.0,81.0,Replay
90.0,1.0,-1.0,14.0,7.0,101.0,178.0,42.0,81.0,Replay
90.0,1.0,-1.0,14.0,7.0,101.0,178.0,42.0,81.0,Replay
90.0,1.0,-1.0,14.0,7.0,101.0,178.0,42.0,81.0,Replay
90.0,1.0,-1.0,14.0,7.0,101.0,178.0,42.0,81.0,Replay
90.0,1.0,-1.0,14.0,7.0,101.0,178.0,42.0,81.0,Replay
90.0,1.0,-1.0,14.0,7.0,101.0,178.0,42.0,81.0,Replay
90.0,1.0,-1.0,14.0,7.0,101.0,178.0,42.0,81.0,Replay
90.0,1.0,-1.0,14.0,7.0,101.0,178.0,42.0,81.0,Replay
90.0,1.0,-1.0,14.0,7.0,101.0,178.0,42.0,81.0,Replay
90.0,1.0,-1.0,14.0,7.0,101.0,178.0,42.0,81.0,Replay
90.0,1.0,-1.0,14.0,7.0,101.0,178.0,42.0,81.0,Replay
80.0,0.0,0.0,0.0,0.0,0.0,0.0,8.0,89.0,Replay
80.0,0.0,0.0,0.0,0.0,0.0,0.0,8.0,88.0,Replay
80.0,0.0,0.0,0.0,0.0,0.0,0.0,7.0,86.0,Replay
80.0,0.0,0.0,0.0,0.0,0.0,0.0,8.0,85.0,Replay
80.0,0.0,0.0,0.0,0.0,0.0,0.0,9.0,85.0,Replay
80.0,0.0,0.0,0.0,0.0,0.0,0.0,9.0,84.0,Replay
80.0,0.0,0.0,0.0,0.0,0.0,0.0,9.0,84.0,Replay
80.0,0.0,-1.0,0.0,0.0,-1.0,0.0,10.0,84.0,Replay
80.0,0.0,0.0,0.0,0.0,0.0,0.0,9.0,84.0,Replay
80.0,0.0,0.0,0.0,0.0,0.0,0.0,5.0,84.0,Replay
80.0,0.0,0.0,0.0,0.0,0.0,0.0,6.0,84.0,Replay
80.0,0.0,0.0,0.0,0.0,0.0,0.0,9.0,83.0,Replay
80.0,0.0,0.0,0.0,0.0,0.0,0.0,13.0,84.0,Replay
80.0,0.0,0.0,0.0,0.0,0.0,0.0,13.0,85.0,Replay
80.0,0.0,0.0,0.0,0.0,0.0,0.0,14.0,86.0,Replay
80.0,0.0,0.0,0.0,0.0,0.0,0.0,15.0,86.0,Replay
80.0,0.0,0.0,0.0,0.0,0.0,0.0,18.0,85.0,Replay
80.0,0.0,0.0,0.0,-8.0,1.0,0.0,18.0,85.0,Replay
80.0,4.0,0.0,0.0,1.0,0.0,0.0,16.0,87.0,Replay
80.0,2.0,0.0,0.0,-1.0,-1.0,0.0,19.0,86.0,Replay
80.0,2.0,0.0,0.0,-1.0,-1.0,0.0,25.0,85.0,Replay
80.0,2.0,0.0,0.0,0.0,-1.0,0.0,12.0,84.0,Replay
80.0,1.0,-1.0,0.0,0.0,-1.0,0.0,17.0,81.0,Replay
80.0,0.0,0.0,0.0,0.0,2.0,0.0,8.0,84.0,Replay
80.0,0.0,0.0,0.0,0.0,0.0,0.0,7.0,83.0,Replay
80.0,1.0,0.0,0.0,-1.0,-1.0,0.0,12.0,82.0,Replay
80.0,1.0,-1.0,0.0,0.0,-1.0,0.0,11.0,83.0,Replay
80.0,0.0,0.0,0.0,0.0,-1.0,0.0,7.0,83.0,Replay
70.0,0.0,0.0,0.0,0.0,2.0,0.0,4.0,82.0,Replay
70.0,0.0,0.0,0.0,0.0,0.0,0.0,5.0,81.0,Replay
70.0,0.0,0.0,0.0,0.0,0.0,0.0,8.0,82.0,Replay
70.0,0.0,0.0,0.0,0.0,-1.0,25.0,10.0,82.0,Replay
80.0,0.0,0.0,0.0,0.0,0.0,34.0,11.0,84.0,Replay
80.0,0.0,0.0,0.0,0.0,0.0,28.0,11.0,85.0,Replay
80.0,0.0,0.0,0.0,0.0,-1.0,6.0,14.0,84.0,Replay
80.0,0.0,0.0,0.0,0.0,0.0,0.0,16.0,83.0,Replay
80.0,0.0,0.0,0.0,-1.0,0.0,0.0,15.0,84.0,Replay
80.0,0.0,-1.0,0.0,0.0,0.0,0.0,13.0,83.0,Replay
70.0,0.0,-1.0,0.0,0.0,0.0,0.0,7.0,83.0,Replay
70.0,0.0,0.0,0.0,0.0,1.0,0.0,4.0,83.0,Replay
70.0,4.0,0.0,0.0,-6.0,0.0,0.0,5.0,82.0,Replay
80.0,2.0,0.0,0.0,0.0,0.0,0.0,13.0,81.0,Replay
80.0,2.0,0.0,0.0,-1.0,0.0,0.0,18.0,78.0,Replay
80.0,2.0,0.0,0.0,-1.0,0.0,0.0,-8.0,81.0,Replay
80.0,2.0,0.0,0.0,-1.0,-1.0,0.0,-10.0,81.0,Replay
70.0,1.0,0.0,0.0,3.0,1.0,0.0,-7.0,82.0,Replay
80.0,0.0,0.0,0.0,0.0,0.0,0.0,-6.0,83.0,Replay
70.0,0.0,0.0,0.0,0.0,0.0,0.0,-7.0,82.0,Replay
70.0,0.0,0.0,0.0,-1.0,0.0,0.0,-5.0,81.0,Replay
70.0,0.0,0.0,0.0,0.0,1.0,0.0,-6.0,82.0,Replay
80.0,0.0,0.0,0.0,0.0,0.0,0.0,-7.0,83.0,Replay
80.0,0.0,0.0,0.0,0.0,0.0,0.0,-13.0,84.0,Replay
80.0,0.0,0.0,-1.0,0.0,0.0,0.0,-15.0,85.0,Replay
90.0,0.0,0.0,-1.0,0.0,-1.0,0.0,-18.0,93.0,Replay
100.0,0.0,0.0,-1.0,0.0,-1.0,0.0,-18.0,102.0,Replay
100.0,0.0,0.0,0.0,0.0,-1.0,0.0,-22.0,106.0,Replay
100.0,0.0,0.0,0.0,0.0,0.0,0.0,-20.0,111.0,Replay
100.0,0.0,0.0,1.0,0.0,-1.0,0.0,-21.0,106.0,Replay
90.0,0.0,0.0,1.0,0.0,0.0,0.0,-25.0,96.0,Replay
80.0,0.0,0.0,1.0,0.0,-1.0,0.0,-25.0,90.0,Replay
80.0,0.0,0.0,0.0,0.0,-1.0,0.0,-26.0,84.0,Replay
80.0,0.0,-1.0,0.0,-1.0,-3.0,0.0,-27.0,79.0,Replay
70.0,0.0,-1.0,0.0,0.0,0.0,0.0,-15.0,80.0,Replay
70.0,0.0,-1.0,0.0,0.0,-1.0,0.0,-13.0,80.0,Replay
70.0,0.0,-1.0,0.0,0.0,-1.0,0.0,-9.0,81.0,Replay
70.0,0.0,-1.0,0.0,0.0,0.0,0.0,-5.0,82.0,Replay
70.0,0.0,0.0,0.0,0.0,0.0,0.0,-5.0,81.0,Replay
70.0,4.0,0.0,0.0,-1.0,0.0,0.0,-8.0,81.0,Replay
70.0,2.0,0.0,0.0,-1.0,-1.0,0.0,-19.0,79.0,Replay
80.0,2.0,0.0,0.0,-1.0,-1.0,0.0,-24.0,81.0,Replay
80.0,2.0,0.0,0.0,-1.0,-1.0,0.0,-14.0,85.0,Replay
80.0,1.0,-1.0,0.0,-1.0,-1.0,0.0,-15.0,85.0,Replay
80.0,0.0,-1.0,0.0,3.0,3.0,0.0,-9.0,85.0,Replay
80.0,0.0,0.0,0.0,0.0,0.0,0.0,-9.0,84.0,Replay
70.0,0.0,-1.0,0.0,-2.0,0.0,0.0,-3.0,82.0,Replay
70.0,0.0,-1.0,0.0,0.0,-1.0,0.0,-10.0,81.0,Replay
70.0,0.0,-1.0,0.0,1.0,0.0,0.0,-6.0,81.0,Replay
70.0,0.0,0.0,0.0,0.0,0.0,7.0,-5.0,81.0,Replay
70.0,0.0,0.0,0.0,0.0,0.0,37.0,-6.0,81.0,Replay
70.0,0.0,0.0,0.0,0.0,0.0,73.0,-13.0,82.0,Replay
70.0,0.0,0.0,0.0,0.0,0.0,103.0,-14.0,82.0,Replay
70.0,0.0,0.0,0.0,0.0,0.0,133.0,-18.0,81.0,Replay
70.0,0.0,0.0,0.0,0.0,0.0,162.0,-23.0,81.0,Replay
70.0,0.0,0.0,0.0,0.0,1.0,175.0,-27.0,80.0,Replay
70.0,0.0,0.0,0.0,0.0,0.0,178.0,-25.0,81.0,Replay
70.0,0.0,-5.0,0.0,0.0,7.0,178.0,-16.0,82.0,Replay
80.0,0.0,-8.0,0.0,0.0,5.0,177.0,36.0,79.0,Replay
80.0,0.0,-9.0,0.0,0.0,4.0,178.0,36.0,79.0,Replay
80.0,0.0,-9.0,0.0,0.0,5.0,178.0,36.0,79.0,Replay
40.0,0.0,-1.0,31.0,6.0,-5.0,-162.0,36.0,79.0,Replay
80.0,0.0,0.0,0.0,-1.0,0.0,0.0,12.0,89.0,Replay
80.0,0.0,0.0,0.0,-1.0,0.0,0.0,12.0,89.0,Replay
80.0,0.0,0.0,0.0,0.0,0.0,0.0,13.0,88.0,Replay
80.0,0.0,0.0,0.0,0.0,0.0,0.0,12.0,88.0,Replay
80.0,0.0,0.0,0.0,0.0,0.0,0.0,13.0,87.0,Replay
80.0,0.0,0.0,0.0,0.0,-3.0,0.0,17.0,85.0,Replay
80.0,0.0,-1.0,0.0,0.0,0.0,0.0,11.0,85.0,Replay
70.0,0.0,-1.0,0.0,0.0,0.0,0.0,6.0,83.0,Replay
70.0,0.0,0.0,0.0,0.0,0.0,0.0,8.0,83.0,Replay
70.0,0.0,0.0,0.0,0.0,0.0,0.0,10.0,84.0,Replay
80.0,0.0,0.0,0.0,0.0,0.0,0.0,12.0,85.0,Replay
80.0,0.0,0.0,0.0,0.0,0.0,0.0,15.0,85.0,Replay
80.0,0.0,0.0,0.0,0.0,0.0,0.0,15.0,86.0,Replay
80.0,0.0,0.0,0.0,0.0,0.0,0.0,17.0,86.0,Replay
80.0,2.0,0.0,0.0,-8.0,0.0,0.0,24.0,85.0,Replay
80.0,3.0,0.0,0.0,0.0,-1.0,0.0,20.0,89.0,Replay
80.0,2.0,0.0,0.0,-1.0,-1.0,0.0,26.0,90.0,Replay
80.0,2.0,0.0,0.0,-1.0,-1.0,0.0,19.0,87.0,Replay
80.0,2.0,0.0,0.0,0.0,-1.0,0.0,22.0,83.0,Replay
80.0,1.0,-1.0,0.0,0.0,-2.0,0.0,21.0,82.0,Replay
70.0,0.0,0.0,0.0,0.0,0.0,0.0,14.0,83.0,Replay
70.0,0.0,0.0,0.0,0.0,-2.0,0.0,16.0,82.0,Replay
70.0,0.0,-1.0,0.0,0.0,-1.0,0.0,16.0,82.0,Replay
70.0,0.0,-1.0,0.0,0.0,-1.0,0.0,11.0,82.0,Replay
70.0,0.0,-1.0,0.0,0.0,0.0,0.0,8.0,81.0,Replay
70.0,0.0,0.0,0.0,0.0,1.0,0.0,4.0,81.0,Replay
70.0,0.0,0.0,0.0,0.0,0.0,0.0,6.0,81.0,Replay
70.0,0.0,0.0,0.0,0.0,-1.0,0.0,11.0,81.0,Replay
70.0,4.0,0.0,0.0,-3.0,-1.0,0.0,16.0,80.0,Replay
70.0,2.0,0.0,0.0,-1.0,-1.0,0.0,25.0,76.0,Replay
70.0,2.0,0.0,0.0,-1.0,-1.0,0.0,27.0,77.0,Replay
70.0,2.0,0.0,0.0,-1.0,-1.0,0.0,55.0,58.0,Replay
70.0,1.0,-1.0,0.0,0.0,-1.0,0.0,-21.0,80.0,Replay
70.0,0.0,-2.0,0.0,1.0,2.0,0.0,-15.0,83.0,Replay
80.0,0.0,0.0,0.0,0.0,0.0,0.0,-14.0,86.0,Replay
80.0,0.0,-1.0,0.0,0.0,0.0,0.0,-18.0,84.0,Replay
70.0,0.0,-1.0,0.0,0.0,0.0,0.0,-11.0,82.0,Replay
70.0,0.0,-1.0,0.0,0.0,0.0,0.0,-9.0,81.0,Replay
70.0,0.0,-1.0,0.0,0.0,0.0,0.0,-7.0,81.0,Replay
70.0,0.0,0.0,0.0,0.0,0.0,0.0,-6.0,80.0,Replay
70.0,0.0,0.0,0.0,0.0,0.0,0.0,-6.0,81.0,Replay
70.0,1.0,0.0,0.0,-8.0,0.0,0.0,-13.0,80.0,Replay
70.0,3.0,0.0,0.0,1.0,0.0,0.0,-26.0,78.0,Replay
70.0,2.0,0.0,0.0,-1.0,-1.0,0.0,-33.0,77.0,Replay
70.0,2.0,0.0,0.0,0.0,-1.0,0.0,-25.0,82.0,Replay
70.0,2.0,-1.0,0.0,0.0,-1.0,0.0,-30.0,79.0,Replay
70.0,0.0,-1.0,0.0,1.0,-1.0,0.0,-29.0,78.0,Replay
70.0,0.0,0.0,0.0,0.0,0.0,0.0,-27.0,80.0,Replay
70.0,0.0,-2.0,0.0,-1.0,-3.0,0.0,-32.0,80.0,Replay
70.0,0.0,-2.0,0.0,-1.0,0.0,0.0,-22.0,80.0,Replay
70.0,0.0,-1.0,0.0,-1.0,0.0,0.0,-16.0,79.0,Replay
70.0,0.0,-1.0,0.0,0.0,0.0,0.0,-8.0,77.0,Replay
70.0,0.0,-1.0,0.0,0.0,0.0,0.0,-6.0,78.0,Replay
70.0,0.0,-1.0,0.0,-1.0,0.0,0.0,-4.0,80.0,Replay
70.0,0.0,-1.0,0.0,-1.0,2.0,0.0,-6.0,82.0,Replay
80.0,0.0,3.0,0.0,0.0,8.0,0.0,-5.0,85.0,Replay
70.0,0.0,8.0,0.0,0.0,5.0,0.0,-42.0,81.0,Replay
70.0,0.0,9.0,0.0,0.0,3.0,0.0,-42.0,81.0,Replay
70.0,0.0,10.0,0.0,0.0,3.0,0.0,-42.0,81.0,Replay
70.0,0.0,10.0,0.0,0.0,3.0,0.0,-42.0,81.0,Replay
70.0,0.0,10.0,0.0,0.0,3.0,0.0,-42.0,81.0,Replay
70.0,0.0,10.0,0.0,0.0,3.0,0.0,-42.0,81.0,Replay
70.0,0.0,10.0,0.0,0.0,3.0,0.0,-42.0,81.0,Replay
70.0,0.0,9.0,0.0,1.0,2.0,0.0,-42.0,81.0,Replay
70.0,0.0,5.0,0.0,-1.0,-5.0,0.0,-42.0,81.0,Replay
70.0,0.0,0.0,0.0,0.0,-1.0,0.0,-100.0,-100.0,Replay
70.0,0.0,0.0,0.0,0.0,-1.0,0.0,-100.0,-100.0,Replay
70.0,0.0,0.0,0.0,0.0,0.0,0.0,-100.0,-100.0,Replay
70.0,1.0,0.0,0.0,-9.0,0.0,0.0,-100.0,-100.0,Replay
70.0,3.0,0.0,0.0,1.0,0.0,0.0,-100.0,-100.0,Replay
70.0,2.0,0.0,0.0,0.0,0.0,0.0,-100.0,-100.0,Replay
70.0,2.0,0.0,0.0,-1.0,0.0,0.0,-100.0,-100.0,Replay
80.0,2.0,0.0,0.0,-1.0,0.0,0.0,-100.0,-100.0,Replay
80.0,1.0,0.0,0.0,3.0,0.0,0.0,-100.0,-100.0,Replay
80.0,0.0,0.0,0.0,0.0,0.0,0.0,-100.0,-100.0,Replay
80.0,0.0,0.0,-2.0,0.0,0.0,0.0,-100.0,-100.0,Replay
100.0,0.0,0.0,-2.0,-1.0,0.0,0.0,-100.0,-100.0,Replay
110.0,0.0,0.0,-2.0,0.0,0.0,0.0,-100.0,-100.0,Replay
120.0,0.0,0.0,-1.0,0.0,0.0,0.0,-100.0,-100.0,Replay
120.0,0.0,0.0,0.0,0.0,0.0,0.0,-100.0,-100.0,Replay
120.0,0.0,0.0,0.0,0.0,0.0,0.0,-100.0,-100.0,Replay
120.0,0.0,0.0,0.0,0.0,0.0,0.0,-100.0,-100.0,Replay
120.0,0.0,0.0,0.0,0.0,0.0,0.0,-100.0,-100.0,Replay
120.0,0.0,0.0,0.0,0.0,0.0,0.0,-100.0,-100.0,Replay
120.0,0.0,0.0,0.0,0.0,0.0,0.0,-100.0,-100.0,Replay
120.0,0.0,0.0,0.0,0.0,0.0,0.0,-100.0,-100.0,Replay
120.0,0.0,0.0,0.0,0.0,0.0,0.0,-100.0,-100.0,Replay
120.0,0.0,0.0,0.0,-1.0,0.0,0.0,-100.0,-100.0,Replay
80.0,0.0,1.0,0.0,-1.0,-1.0,178.0,-12.0,82.0,Evil_Twin
80.0,0.0,0.0,0.0,0.0,0.0,0.0,-3.0,86.0,Evil_Twin
70.0,-1.0,0.0,0.0,0.0,0.0,178.0,-1.0,81.0,Evil_Twin
80.0,2.0,0.0,0.0,0.0,0.0,0.0,-18.0,87.0,Evil_Twin
70.0,0.0,0.0,0.0,0.0,0.0,0.0,-8.0,82.0,Evil_Twin
60.0,-2.0,0.0,0.0,0.0,0.0,0.0,10.0,82.0,Evil_Twin
60.0,0.0,-1.0,0.0,0.0,6.0,178.0,-23.0,81.0,Evil_Twin
70.0,0.0,0.0,0.0,0.0,0.0,0.0,-11.0,86.0,Evil_Twin
70.0,0.0,0.0,0.0,0.0,0.0,-96.0,7.0,82.0,Evil_Twin
70.0,0.0,0.0,0.0,7.0,-1.0,178.0,7.0,73.0,Evil_Twin
80.0,0.0,0.0,0.0,0.0,0.0,-38.0,11.0,83.0,Evil_Twin
80.0,2.0,0.0,0.0,-1.0,-1.0,1.0,-29.0,76.0,Evil_Twin
80.0,0.0,0.0,0.0,0.0,0.0,97.0,-15.0,83.0,Evil_Twin
80.0,0.0,0.0,0.0,0.0,0.0,-13.0,10.0,84.0,Evil_Twin
80.0,0.0,0.0,0.0,0.0,0.0,178.0,0.0,81.0,Evil_Twin
70.0,-2.0,0.0,0.0,0.0,0.0,178.0,0.0,82.0,Evil_Twin
80.0,1.0,0.0,0.0,0.0,0.0,0.0,9.0,82.0,Evil_Twin
80.0,-3.0,0.0,0.0,-6.0,0.0,179.0,-9.0,82.0,Evil_Twin
60.0,2.0,0.0,0.0,-1.0,0.0,0.0,-12.0,80.0,Evil_Twin
60.0,0.0,0.0,0.0,0.0,0.0,0.0,-5.0,83.0,Evil_Twin
60.0,-2.0,0.0,0.0,0.0,1.0,178.0,1.0,82.0,Evil_Twin
80.0,-2.0,1.0,0.0,0.0,-1.0,178.0,6.0,82.0,Evil_Twin
70.0,0.0,0.0,3.0,0.0,0.0,-3.0,-200.0,-200.0,Evil_Twin
70.0,-2.0,0.0,0.0,-1.0,0.0,178.0,0.0,79.0,Evil_Twin
60.0,0.0,0.0,0.0,0.0,0.0,17.0,-5.0,82.0,Evil_Twin
100.0,0.0,0.0,1.0,0.0,0.0,0.0,12.0,112.0,Evil_Twin
80.0,-2.0,0.0,0.0,-1.0,-1.0,179.0,-26.0,73.0,Evil_Twin
100.0,0.0,0.0,2.0,0.0,0.0,0.0,16.0,107.0,Evil_Twin
80.0,2.0,-1.0,0.0,0.0,0.0,0.0,-17.0,81.0,Evil_Twin
60.0,0.0,0.0,0.0,-6.0,2.0,177.0,-4.0,82.0,Evil_Twin
70.0,0.0,0.0,0.0,0.0,-5.0,0.0,10.0,83.0,Evil_Twin
50.0,0.0,0.0,4.0,0.0,0.0,-6.0,-200.0,-200.0,Evil_Twin
80.0,-2.0,0.0,0.0,-1.0,0.0,178.0,-15.0,79.0,Evil_Twin
70.0,0.0,0.0,0.0,0.0,0.0,176.0,-19.0,80.0,Evil_Twin
80.0,0.0,0.0,0.0,0.0,1.0,1.0,8.0,80.0,Evil_Twin
80.0,2.0,0.0,0.0,-1.0,0.0,0.0,-30.0,81.0,Evil_Twin
80.0,-2.0,0.0,0.0,-1.0,-1.0,178.0,20.0,82.0,Evil_Twin
60.0,2.0,0.0,0.0,0.0,0.0,0.0,13.0,81.0,Evil_Twin
70.0,0.0,0.0,0.0,0.0,0.0,0.0,-10.0,84.0,Evil_Twin
70.0,0.0,0.0,0.0,0.0,0.0,0.0,-6.0,84.0,Evil_Twin
70.0,3.0,0.0,0.0,0.0,0.0,0.0,-16.0,81.0,Evil_Twin
60.0,0.0,0.0,0.0,0.0,0.0,178.0,-8.0,79.0,Evil_Twin
30.0,0.0,0.0,4.0,0.0,0.0,-3.0,-200.0,-200.0,Evil_Twin
60.0,-1.0,1.0,0.0,0.0,0.0,179.0,10.0,83.0,Evil_Twin
60.0,2.0,0.0,0.0,-1.0,0.0,0.0,7.0,85.0,Evil_Twin
60.0,0.0,0.0,0.0,0.0,0.0,-139.0,6.0,78.0,Evil_Twin
80.0,2.0,0.0,0.0,-1.0,0.0,0.0,-20.0,87.0,Evil_Twin
70.0,0.0,0.0,0.0,-3.0,0.0,0.0,-5.0,81.0,Evil_Twin
60.0,1.0,0.0,0.0,0.0,0.0,0.0,-4.0,78.0,Evil_Twin
70.0,2.0,0.0,0.0,-1.0,-1.0,0.0,26.0,78.0,Evil_Twin
80.0,0.0,0.0,0.0,0.0,0.0,-139.0,-3.0,82.0,Evil_Twin
80.0,0.0,0.0,0.0,0.0,4.0,0.0,35.0,75.0,Evil_Twin
80.0,-2.0,0.0,0.0,0.0,0.0,178.0,-2.0,82.0,Evil_Twin
80.0,0.0,0.0,0.0,0.0,0.0,1.0,-26.0,80.0,Evil_Twin
70.0,0.0,0.0,0.0,0.0,0.0,67.0,-12.0,83.0,Evil_Twin
60.0,0.0,-1.0,0.0,0.0,0.0,178.0,-8.0,80.0,Evil_Twin
80.0,0.0,0.0,0.0,0.0,0.0,147.0,-5.0,83.0,Evil_Twin
80.0,0.0,0.0,0.0,0.0,0.0,0.0,-9.0,83.0,Evil_Twin
60.0,2.0,0.0,0.0,-1.0,-1.0,0.0,-24.0,78.0,Evil_Twin
60.0,2.0,0.0,0.0,0.0,0.0,0.0,-13.0,79.0,Evil_Twin
80.0,0.0,0.0,0.0,0.0,0.0,1.0,-3.0,85.0,Evil_Twin
80.0,0.0,0.0,0.0,0.0,0.0,178.0,-9.0,84.0,Evil_Twin
80.0,1.0,-1.0,0.0,-1.0,-2.0,0.0,9.0,85.0,Evil_Twin
80.0,0.0,-1.0,0.0,0.0,0.0,0.0,4.0,83.0,Evil_Twin
80.0,0.0,-2.0,0.0,0.0,1.0,1.0,2.0,84.0,Evil_Twin
60.0,0.0,0.0,3.0,0.0,0.0,-7.0,-200.0,-200.0,Evil_Twin
80.0,0.0,0.0,0.0,0.0,1.0,178.0,5.0,83.0,Evil_Twin
80.0,0.0,0.0,0.0,0.0,0.0,124.0,-9.0,81.0,Evil_Twin
70.0,0.0,0.0,0.0,0.0,0.0,-6.0,0.0,78.0,Evil_Twin
80.0,0.0,0.0,0.0,-3.0,-3.0,1.0,-16.0,82.0,Evil_Twin
80.0,0.0,0.0,0.0,0.0,0.0,0.0,-6.0,82.0,Evil_Twin
60.0,1.0,0.0,0.0,-1.0,0.0,0.0,9.0,81.0,Evil_Twin
80.0,0.0,0.0,0.0,0.0,0.0,-65.0,-3.0,83.0,Evil_Twin
70.0,0.0,0.0,0.0,0.0,1.0,0.0,-3.0,79.0,Evil_Twin
60.0,2.0,0.0,0.0,-1.0,0.0,0.0,-3.0,78.0,Evil_Twin
70.0,0.0,0.0,0.0,0.0,0.0,178.0,-6.0,81.0,Evil_Twin
60.0,0.0,-1.0,0.0,0.0,3.0,0.0,27.0,80.0,Evil_Twin
0.0,0.0,0.0,0.0,-1.0,0.0,-2.0,-200.0,-200.0,Evil_Twin
80.0,1.0,-1.0,0.0,0.0,-1.0,0.0,-14.0,81.0,Evil_Twin
60.0,0.0,2.0,0.0,0.0,0.0,0.0,-8.0,80.0,Evil_Twin
80.0,0.0,0.0,0.0,0.0,0.0,-3.0,-200.0,-200.0,Evil_Twin
70.0,-2.0,0.0,0.0,-1.0,-1.0,178.0,-2.0,77.0,Evil_Twin
70.0,-2.0,0.0,0.0,0.0,0.0,178.0,0.0,80.0,Evil_Twin
80.0,4.0,0.0,0.0,0.0,0.0,178.0,-7.0,79.0,Evil_Twin
80.0,2.0,0.0,0.0,-1.0,0.0,1.0,16.0,78.0,Evil_Twin
60.0,0.0,0.0,0.0,0.0,0.0,-28.0,0.0,80.0,Evil_Twin
80.0,0.0,0.0,0.0,0.0,0.0,0.0,-3.0,83.0,Evil_Twin
60.0,-1.0,0.0,0.0,-2.0,0.0,0.0,-6.0,84.0,Evil_Twin
60.0,4.0,1.0,0.0,2.0,-1.0,178.0,30.0,77.0,Evil_Twin
80.0,0.0,0.0,0.0,0.0,0.0,178.0,9.0,79.0,Evil_Twin
60.0,0.0,0.0,0.0,0.0,0.0,0.0,5.0,83.0,Evil_Twin
80.0,0.0,0.0,0.0,0.0,0.0,59.0,0.0,83.0,Evil_Twin
80.0,0.0,-1.0,0.0,-1.0,-1.0,1.0,-8.0,83.0,Evil_Twin
80.0,1.0,0.0,0.0,-4.0,-1.0,0.0,-9.0,84.0,Evil_Twin
80.0,-2.0,0.0,0.0,-1.0,-1.0,178.0,-28.0,81.0,Evil_Twin
70.0,0.0,0.0,0.0,0.0,0.0,178.0,2.0,84.0,Evil_Twin
60.0,0.0,0.0,0.0,0.0,-1.0,-135.0,6.0,82.0,Evil_Twin
80.0,0.0,1.0,0.0,0.0,-1.0,178.0,-4.0,82.0,Evil_Twin
0.0,0.0,0.0,4.0,0.0,0.0,-3.0,-200.0,-200.0,Evil_Twin
30.0,0.0,0.0,4.0,0.0,0.0,-3.0,-200.0,-200.0,Evil_Twin
80.0,0.0,-1.0,0.0,0.0,-1.0,37.0,-7.0,84.0,Evil_Twin
70.0,0.0,0.0,0.0,0.0,0.0,178.0,-3.0,82.0,Evil_Twin
80.0,0.0,0.0,0.0,8.0,2.0,178.0,-23.0,79.0,Evil_Twin
60.0,0.0,0.0,0.0,0.0,0.0,-4.0,-200.0,-200.0,Evil_Twin
80.0,0.0,-1.0,0.0,0.0,-1.0,1.0,-5.0,82.0,Evil_Twin
70.0,2.0,0.0,0.0,0.0,0.0,0.0,0.0,77.0,Evil_Twin
80.0,1.0,0.0,0.0,3.0,0.0,0.0,1.0,83.0,Evil_Twin
60.0,2.0,0.0,0.0,-1.0,0.0,0.0,-1.0,75.0,Evil_Twin
60.0,0.0,0.0,0.0,0.0,0.0,178.0,3.0,80.0,Evil_Twin
60.0,-3.0,-1.0,0.0,-1.0,0.0,0.0,-30.0,81.0,Evil_Twin
0.0,0.0,0.0,0.0,-1.0,0.0,0.0,-200.0,-200.0,Evil_Twin
80.0,0.0,0.0,0.0,0.0,0.0,178.0,-3.0,85.0,Evil_Twin
60.0,2.0,0.0,0.0,-1.0,0.0,0.0,18.0,83.0,Evil_Twin
60.0,0.0,0.0,0.0,0.0,0.0,178.0,5.0,79.0,Evil_Twin
30.0,0.0,0.0,4.0,0.0,0.0,-3.0,-200.0,-200.0,Evil_Twin
60.0,2.0,0.0,0.0,0.0,0.0,0.0,-13.0,79.0,Evil_Twin
80.0,-2.0,0.0,0.0,0.0,0.0,178.0,-2.0,74.0,Evil_Twin
80.0,1.0,-1.0,0.0,0.0,0.0,0.0,-15.0,80.0,Evil_Twin
0.0,0.0,0.0,4.0,0.0,0.0,-3.0,-200.0,-200.0,Evil_Twin
80.0,0.0,0.0,0.0,0.0,-1.0,35.0,-13.0,85.0,Evil_Twin
80.0,0.0,0.0,0.0,0.0,0.0,178.0,4.0,83.0,Evil_Twin
80.0,0.0,0.0,0.0,0.0,-1.0,60.0,-9.0,83.0,Evil_Twin
80.0,0.0,0.0,0.0,0.0,0.0,34.0,13.0,82.0,Evil_Twin
60.0,0.0,0.0,0.0,0.0,-1.0,0.0,-24.0,84.0,Evil_Twin
80.0,1.0,-1.0,0.0,-1.0,-1.0,0.0,-19.0,84.0,Evil_Twin
70.0,2.0,-1.0,0.0,-1.0,-1.0,0.0,32.0,80.0,Evil_Twin
70.0,-2.0,0.0,0.0,-1.0,0.0,178.0,1.0,77.0,Evil_Twin
80.0,-1.0,0.0,0.0,0.0,-1.0,178.0,8.0,82.0,Evil_Twin
70.0,-2.0,0.0,0.0,0.0,0.0,178.0,-5.0,84.0,Evil_Twin
70.0,0.0,0.0,0.0,-1.0,-1.0,0.0,-5.0,81.0,Evil_Twin
70.0,0.0,0.0,0.0,0.0,0.0,178.0,3.0,79.0,Evil_Twin
0.0,0.0,0.0,0.0,-1.0,0.0,-2.0,-200.0,-200.0,Evil_Twin
80.0,0.0,0.0,0.0,-1.0,0.0,1.0,-13.0,84.0,Evil_Twin
70.0,0.0,0.0,0.0,0.0,0.0,-3.0,-200.0,-200.0,Evil_Twin
80.0,2.0,0.0,0.0,-1.0,-1.0,0.0,-33.0,82.0,Evil_Twin
80.0,0.0,0.0,0.0,-1.0,0.0,0.0,-10.0,82.0,Evil_Twin
70.0,0.0,0.0,0.0,0.0,0.0,0.0,-7.0,85.0,Evil_Twin
70.0,0.0,0.0,0.0,0.0,-1.0,0.0,-9.0,82.0,Evil_Twin
70.0,2.0,0.0,0.0,-1.0,-1.0,0.0,-7.0,76.0,Evil_Twin
70.0,2.0,0.0,0.0,-1.0,-1.0,0.0,21.0,77.0,Evil_Twin
70.0,0.0,0.0,0.0,-1.0,0.0,0.0,10.0,80.0,Evil_Twin
60.0,1.0,0.0,0.0,0.0,0.0,0.0,-4.0,78.0,Evil_Twin
70.0,2.0,0.0,0.0,-1.0,0.0,0.0,-11.0,92.0,Evil_Twin
60.0,0.0,0.0,1.0,0.0,0.0,-3.0,-200.0,-200.0,Evil_Twin
80.0,0.0,0.0,0.0,0.0,0.0,178.0,-1.0,83.0,Evil_Twin
80.0,-1.0,1.0,0.0,-1.0,-1.0,178.0,-24.0,82.0,Evil_Twin
70.0,0.0,1.0,0.0,0.0,-2.0,178.0,-15.0,81.0,Evil_Twin
70.0,0.0,0.0,0.0,0.0,0.0,0.0,-5.0,81.0,Evil_Twin
60.0,0.0,0.0,0.0,0.0,-1.0,178.0,5.0,81.0,Evil_Twin
70.0,2.0,0.0,0.0,0.0,0.0,0.0,-1.0,79.0,Evil_Twin
70.0,0.0,0.0,0.0,0.0,0.0,178.0,6.0,82.0,Evil_Twin
70.0,-2.0,0.0,0.0,0.0,0.0,178.0,5.0,80.0,Evil_Twin
80.0,0.0,0.0,0.0,0.0,0.0,0.0,-7.0,85.0,Evil_Twin
80.0,-3.0,-2.0,0.0,7.0,0.0,37.0,-33.0,96.0,Evil_Twin
70.0,-2.0,0.0,0.0,-1.0,-1.0,178.0,12.0,82.0,Evil_Twin
80.0,0.0,0.0,0.0,0.0,-2.0,0.0,-5.0,82.0,Evil_Twin
60.0,0.0,0.0,0.0,0.0,2.0,178.0,-14.0,77.0,Evil_Twin
70.0,1.0,0.0,0.0,0.0,0.0,178.0,-2.0,81.0,Evil_Twin
70.0,0.0,0.0,0.0,0.0,0.0,0.0,-4.0,84.0,Evil_Twin
70.0,0.0,0.0,-1.0,-1.0,0.0,0.0,-8.0,87.0,Evil_Twin
80.0,0.0,0.0,0.0,0.0,0.0,0.0,-5.0,81.0,Evil_Twin
80.0,0.0,0.0,0.0,1.0,1.0,0.0,-16.0,91.0,Evil_Twin
80.0,2.0,0.0,0.0,-1.0,0.0,0.0,0.0,90.0,Evil_Twin
80.0,0.0,0.0,0.0,0.0,0.0,13.0,24.0,82.0,Evil_Twin
80.0,0.0,0.0,0.0,0.0,0.0,0.0,-2.0,84.0,Evil_Twin
80.0,0.0,-1.0,0.0,0.0,0.0,179.0,10.0,78.0,Evil_Twin
70.0,0.0,-2.0,0.0,-1.0,3.0,178.0,-28.0,83.0,Evil_Twin
80.0,-2.0,1.0,0.0,0.0,2.0,178.0,9.0,73.0,Evil_Twin
90.0,0.0,0.0,-1.0,0.0,-1.0,0.0,-11.0,111.0,Evil_Twin
70.0,0.0,0.0,0.0,0.0,0.0,0.0,-8.0,84.0,Evil_Twin
60.0,1.0,0.0,0.0,0.0,0.0,0.0,0.0,80.0,Evil_Twin
70.0,3.0,0.0,0.0,0.0,0.0,0.0,22.0,75.0,Evil_Twin
60.0,0.0,0.0,0.0,0.0,0.0,177.0,-5.0,83.0,Evil_Twin
70.0,2.0,0.0,0.0,-2.0,0.0,178.0,-18.0,79.0,Evil_Twin
70.0,0.0,0.0,0.0,0.0,0.0,0.0,-2.0,80.0,Evil_Twin
80.0,1.0,-1.0,0.0,0.0,0.0,0.0,-12.0,81.0,Evil_Twin
80.0,1.0,-1.0,0.0,-1.0,0.0,0.0,-17.0,82.0,Evil_Twin
110.0,0.0,0.0,2.0,-2.0,0.0,0.0,-7.0,120.0,Evil_Twin
60.0,0.0,0.0,0.0,0.0,0.0,0.0,-15.0,78.0,Evil_Twin
80.0,0.0,0.0,0.0,0.0,-1.0,178.0,6.0,82.0,Evil_Twin
60.0,0.0,-1.0,0.0,0.0,6.0,178.0,-23.0,81.0,Evil_Twin
70.0,0.0,0.0,0.0,0.0,0.0,-13.0,-1.0,83.0,Evil_Twin
80.0,0.0,0.0,0.0,0.0,0.0,83.0,-19.0,79.0,Evil_Twin
70.0,-3.0,0.0,0.0,0.0,-1.0,178.0,-19.0,79.0,Evil_Twin
60.0,2.0,0.0,0.0,-1.0,0.0,0.0,-32.0,74.0,Evil_Twin
80.0,0.0,0.0,0.0,-1.0,0.0,7.0,-5.0,83.0,Evil_Twin
80.0,0.0,-2.0,0.0,0.0,1.0,1.0,2.0,84.0,Evil_Twin
60.0,0.0,0.0,0.0,0.0,0.0,-88.0,-2.0,80.0,Evil_Twin
70.0,0.0,0.0,0.0,-1.0,0.0,0.0,-12.0,83.0,Evil_Twin
70.0,0.0,0.0,0.0,0.0,0.0,169.0,-14.0,81.0,Evil_Twin
70.0,0.0,0.0,0.0,0.0,0.0,-143.0,0.0,82.0,Evil_Twin
100.0,0.0,0.0,-1.0,0.0,0.0,178.0,-6.0,102.0,Evil_Twin
70.0,2.0,-1.0,0.0,-1.0,-1.0,0.0,-25.0,93.0,Evil_Twin
60.0,0.0,0.0,0.0,6.0,0.0,0.0,10.0,82.0,Evil_Twin
70.0,0.0,0.0,0.0,-2.0,0.0,178.0,7.0,82.0,Evil_Twin
80.0,0.0,0.0,0.0,0.0,0.0,178.0,5.0,81.0,Evil_Twin
80.0,2.0,0.0,0.0,-1.0,0.0,0.0,9.0,86.0,Evil_Twin
60.0,0.0,0.0,0.0,0.0,0.0,154.0,-8.0,78.0,Evil_Twin
0.0,0.0,0.0,0.0,1.0,0.0,-3.0,-200.0,-200.0,Evil_Twin
80.0,0.0,0.0,0.0,0.0,0.0,-59.0,-4.0,83.0,Evil_Twin
80.0,0.0,0.0,0.0,0.0,0.0,178.0,-9.0,85.0,Evil_Twin
60.0,0.0,0.0,0.0,0.0,0.0,179.0,-8.0,84.0,Evil_Twin
110.0,0.0,0.0,0.0,0.0,-1.0,37.0,-18.0,116.0,Evil_Twin
100.0,0.0,0.0,0.0,0.0,0.0,0.0,2.0,109.0,Evil_Twin
60.0,1.0,0.0,0.0,0.0,-1.0,0.0,8.0,80.0,Evil_Twin
70.0,-4.0,0.0,0.0,0.0,0.0,0.0,-6.0,81.0,Evil_Twin
60.0,2.0,0.0,0.0,-1.0,0.0,0.0,-24.0,57.0,Evil_Twin
70.0,-2.0,0.0,0.0,0.0,0.0,178.0,4.0,78.0,Evil_Twin
80.0,0.0,-1.0,0.0,-2.0,0.0,0.0,12.0,82.0,Evil_Twin
80.0,0.0,0.0,0.0,-1.0,0.0,0.0,-3.0,84.0,Evil_Twin
80.0,0.0,0.0,0.0,0.0,0.0,0.0,-15.0,88.0,Evil_Twin
70.0,-2.0,0.0,0.0,0.0,0.0,0.0,0.0,82.0,Evil_Twin
60.0,0.0,0.0,0.0,-2.0,1.0,177.0,-6.0,79.0,Evil_Twin
70.0,0.0,-1.0,0.0,0.0,-1.0,0.0,-10.0,82.0,Evil_Twin
80.0,-3.0,0.0,0.0,1.0,0.0,178.0,15.0,82.0,Evil_Twin
70.0,0.0,0.0,0.0,0.0,0.0,178.0,-12.0,81.0,Evil_Twin
70.0,2.0,0.0,0.0,-1.0,-1.0,0.0,-21.0,77.0,Evil_Twin
80.0,1.0,-1.0,0.0,-1.0,-1.0,0.0,-14.0,84.0,Evil_Twin
80.0,0.0,0.0,0.0,0.0,0.0,179.0,-4.0,80.0,Evil_Twin
80.0,0.0,0.0,0.0,-7.0,-3.0,0.0,-18.0,84.0,Evil_Twin
80.0,-1.0,1.0,0.0,-1.0,-1.0,177.0,-15.0,73.0,Evil_Twin
80.0,4.0,0.0,0.0,0.0,0.0,178.0,-7.0,79.0,Evil_Twin
60.0,0.0,0.0,0.0,0.0,0.0,48.0,-8.0,83.0,Evil_Twin
80.0,0.0,0.0,0.0,0.0,-1.0,178.0,5.0,82.0,Evil_Twin
70.0,0.0,0.0,0.0,0.0,0.0,0.0,-5.0,81.0,Evil_Twin
80.0,0.0,0.0,0.0,0.0,0.0,1.0,9.0,83.0,Evil_Twin
20.0,0.0,0.0,4.0,0.0,0.0,-1.0,-200.0,-200.0,Evil_Twin
110.0,0.0,0.0,1.0,0.0,0.0,0.0,-22.0,116.0,Evil_Twin
50.0,0.0,0.0,4.0,0.0,0.0,-3.0,-200.0,-200.0,Evil_Twin
80.0,0.0,0.0,0.0,1.0,0.0,1.0,-7.0,80.0,Evil_Twin
80.0,0.0,0.0,0.0,-1.0,-1.0,178.0,2.0,84.0,Evil_Twin
70.0,0.0,0.0,1.0,0.0,0.0,-3.0,-200.0,-200.0,Evil_Twin
80.0,-2.0,0.0,0.0,-1.0,-1.0,178.0,-14.0,85.0,Evil_Twin
70.0,2.0,0.0,0.0,1.0,0.0,178.0,-2.0,82.0,Evil_Twin
80.0,0.0,0.0,0.0,0.0,0.0,0.0,-8.0,81.0,Evil_Twin
70.0,0.0,0.0,0.0,0.0,0.0,0.0,-4.0,84.0,Evil_Twin
80.0,0.0,0.0,0.0,-1.0,0.0,0.0,-13.0,82.0,Evil_Twin
80.0,0.0,0.0,0.0,-1.0,0.0,0.0,-4.0,83.0,Evil_Twin
80.0,0.0,-1.0,0.0,0.0,2.0,0.0,6.0,81.0,Evil_Twin
80.0,-1.0,0.0,0.0,0.0,0.0,179.0,-12.0,82.0,Evil_Twin
80.0,0.0,0.0,0.0,-4.0,-4.0,1.0,-17.0,81.0,Evil_Twin
70.0,0.0,0.0,0.0,0.0,0.0,0.0,-8.0,82.0,Evil_Twin
60.0,0.0,0.0,0.0,0.0,0.0,0.0,0.0,81.0,Evil_Twin
80.0,0.0,0.0,0.0,0.0,0.0,1.0,-6.0,82.0,Evil_Twin
80.0,0.0,0.0,0.0,0.0,-2.0,0.0,-5.0,82.0,Evil_Twin
80.0,2.0,0.0,0.0,-1.0,-1.0,0.0,26.0,79.0,Evil_Twin
60.0,0.0,0.0,0.0,0.0,0.0,178.0,-4.0,80.0,Evil_Twin
80.0,0.0,1.0,0.0,1.0,0.0,-144.0,9.0,81.0,Evil_Twin
80.0,0.0,-1.0,0.0,-1.0,0.0,0.0,-11.0,81.0,Evil_Twin
60.0,0.0,0.0,0.0,6.0,0.0,0.0,10.0,82.0,Evil_Twin
70.0,2.0,0.0,0.0,-1.0,-1.0,0.0,7.0,82.0,Evil_Twin
80.0,0.0,0.0,0.0,-2.0,0.0,0.0,0.0,83.0,Evil_Twin
70.0,-2.0,0.0,0.0,-1.0,0.0,178.0,0.0,78.0,Evil_Twin
80.0,4.0,0.0,0.0,0.0,0.0,0.0,-23.0,85.0,Evil_Twin
80.0,-1.0,0.0,0.0,0.0,-1.0,178.0,10.0,81.0,Evil_Twin
110.0,0.0,0.0,0.0,-1.0,0.0,0.0,-2.0,122.0,Evil_Twin
80.0,0.0,0.0,0.0,0.0,0.0,97.0,-15.0,83.0,Evil_Twin
80.0,2.0,0.0,0.0,-1.0,-1.0,0.0,-27.0,69.0,Evil_Twin
80.0,0.0,0.0,0.0,0.0,0.0,0.0,-2.0,85.0,Evil_Twin
70.0,0.0,0.0,0.0,0.0,2.0,0.0,-5.0,84.0,Evil_Twin
60.0,0.0,0.0,0.0,-3.0,0.0,0.0,5.0,81.0,Evil_Twin
80.0,0.0,0.0,0.0,0.0,0.0,0.0,-1.0,85.0,Evil_Twin
80.0,0.0,0.0,0.0,0.0,0.0,0.0,-2.0,87.0,Evil_Twin
80.0,0.0,0.0,0.0,-8.0,0.0,179.0,-20.0,82.0,Evil_Twin
60.0,0.0,0.0,0.0,0.0,1.0,0.0,-3.0,83.0,Evil_Twin
80.0,-2.0,0.0,0.0,0.0,0.0,175.0,8.0,77.0,Evil_Twin
80.0,2.0,0.0,0.0,-1.0,0.0,0.0,-20.0,87.0,Evil_Twin
70.0,0.0,-1.0,0.0,0.0,0.0,178.0,-9.0,82.0,Evil_Twin
70.0,0.0,0.0,0.0,0.0,0.0,-65.0,7.0,82.0,Evil_Twin
70.0,0.0,0.0,0.0,0.0,-1.0,0.0,26.0,80.0,Evil_Twin
70.0,0.0,-1.0,0.0,0.0,0.0,0.0,-9.0,80.0,Evil_Twin
20.0,0.0,0.0,4.0,0.0,0.0,-1.0,-200.0,-200.0,Evil_Twin
70.0,2.0,0.0,0.0,-2.0,-1.0,0.0,26.0,81.0,Evil_Twin
70.0,0.0,-1.0,0.0,0.0,0.0,0.0,-10.0,80.0,Evil_Twin
30.0,0.0,0.0,4.0,0.0,0.0,-2.0,-200.0,-200.0,Evil_Twin
60.0,0.0,0.0,0.0,-8.0,0.0,0.0,-5.0,82.0,Evil_Twin
70.0,0.0,0.0,0.0,-1.0,0.0,0.0,-18.0,84.0,Evil_Twin
80.0,-1.0,0.0,0.0,-8.0,0.0,178.0,-17.0,83.0,Evil_Twin
80.0,2.0,-1.0,0.0,-1.0,-1.0,0.0,-13.0,85.0,Evil_Twin
80.0,2.0,0.0,0.0,-1.0,-1.0,1.0,21.0,78.0,Evil_Twin
80.0,0.0,0.0,0.0,0.0,0.0,178.0,3.0,84.0,Evil_Twin
70.0,0.0,0.0,0.0,0.0,0.0,-6.0,0.0,82.0,Evil_Twin
0.0,-1.0,0.0,0.0,-1.0,0.0,-2.0,-200.0,-200.0,Evil_Twin
80.0,-1.0,0.0,0.0,0.0,0.0,178.0,-8.0,81.0,Evil_Twin
80.0,0.0,1.0,0.0,-1.0,-1.0,178.0,-18.0,84.0,Evil_Twin
80.0,0.0,0.0,0.0,0.0,0.0,175.0,-6.0,82.0,Evil_Twin
60.0,1.0,-2.0,0.0,-1.0,0.0,0.0,25.0,79.0,Evil_Twin
80.0,-2.0,0.0,0.0,-1.0,0.0,178.0,-21.0,81.0,Evil_Twin
80.0,0.0,0.0,0.0,-1.0,0.0,0.0,-13.0,83.0,Evil_Twin
60.0,4.0,1.0,0.0,0.0,0.0,178.0,8.0,80.0,Evil_Twin
60.0,2.0,0.0,0.0,0.0,-1.0,0.0,8.0,75.0,Evil_Twin
80.0,-2.0,1.0,0.0,0.0,-1.0,178.0,-22.0,83.0,Evil_Twin
80.0,0.0,-1.0,0.0,0.0,0.0,37.0,-8.0,85.0,Evil_Twin
70.0,0.0,0.0,0.0,0.0,0.0,178.0,-3.0,81.0,Evil_Twin
80.0,0.0,0.0,0.0,0.0,0.0,0.0,-3.0,86.0,Evil_Twin
80.0,1.0,0.0,0.0,-1.0,0.0,0.0,-4.0,86.0,Evil_Twin
80.0,0.0,0.0,0.0,0.0,-1.0,0.0,-23.0,84.0,Evil_Twin
80.0,2.0,0.0,0.0,-1.0,-1.0,0.0,0.0,83.0,Evil_Twin
70.0,2.0,0.0,0.0,-1.0,0.0,0.0,-16.0,84.0,Evil_Twin
80.0,0.0,-1.0,0.0,0.0,2.0,175.0,-18.0,80.0,Evil_Twin
80.0,0.0,0.0,0.0,0.0,0.0,172.0,-11.0,84.0,Evil_Twin
60.0,0.0,0.0,0.0,0.0,0.0,0.0,-9.0,85.0,Evil_Twin
60.0,0.0,0.0,0.0,0.0,0.0,0.0,-2.0,81.0,Evil_Twin
70.0,0.0,0.0,0.0,-2.0,-2.0,0.0,-9.0,78.0,Evil_Twin
80.0,0.0,0.0,0.0,-1.0,0.0,0.0,-10.0,84.0,Evil_Twin
80.0,-1.0,0.0,0.0,0.0,-1.0,178.0,11.0,83.0,Evil_Twin
70.0,0.0,0.0,1.0,0.0,0.0,-3.0,-200.0,-200.0,Evil_Twin
80.0,0.0,0.0,0.0,0.0,0.0,35.0,-10.0,87.0,Evil_Twin
80.0,-2.0,0.0,0.0,0.0,0.0,178.0,3.0,81.0,Evil_Twin
20.0,0.0,0.0,4.0,0.0,0.0,-1.0,-200.0,-200.0,Evil_Twin
70.0,0.0,0.0,0.0,-2.0,0.0,178.0,7.0,82.0,Evil_Twin
0.0,-1.0,0.0,0.0,-1.0,0.0,-4.0,-200.0,-200.0,Evil_Twin
80.0,0.0,0.0,0.0,0.0,-1.0,49.0,-9.0,84.0,Evil_Twin
70.0,1.0,0.0,0.0,-1.0,-1.0,0.0,9.0,81.0,Evil_Twin
70.0,0.0,0.0,0.0,0.0,0.0,0.0,-8.0,84.0,Evil_Twin
70.0,-2.0,0.0,0.0,0.0,0.0,178.0,28.0,80.0,Evil_Twin
20.0,0.0,0.0,4.0,0.0,0.0,-3.0,-200.0,-200.0,Evil_Twin
70.0,2.0,-1.0,0.0,0.0,-2.0,0.0,25.0,77.0,Evil_Twin
80.0,0.0,0.0,0.0,0.0,0.0,0.0,-1.0,82.0,Evil_Twin
70.0,0.0,0.0,0.0,0.0,-1.0,0.0,-8.0,84.0,Evil_Twin
80.0,0.0,0.0,0.0,0.0,-1.0,1.0,-23.0,88.0,Evil_Twin
80.0,-2.0,0.0,0.0,0.0,0.0,178.0,0.0,78.0,Evil_Twin
80.0,0.0,0.0,0.0,0.0,0.0,179.0,-13.0,82.0,Evil_Twin
80.0,0.0,0.0,0.0,0.0,0.0,177.0,-20.0,84.0,Evil_Twin
60.0,3.0,0.0,0.0,-8.0,0.0,0.0,4.0,80.0,Evil_Twin
80.0,0.0,0.0,0.0,0.0,0.0,-3.0,-200.0,-200.0,Evil_Twin
70.0,0.0,0.0,0.0,0.0,0.0,0.0,14.0,81.0,Evil_Twin
80.0,0.0,0.0,0.0,0.0,0.0,178.0,-10.0,84.0,Evil_Twin
70.0,-2.0,0.0,0.0,0.0,0.0,178.0,-4.0,81.0,Evil_Twin
60.0,-2.0,0.0,0.0,0.0,-1.0,178.0,-24.0,83.0,Evil_Twin
80.0,0.0,0.0,0.0,0.0,0.0,0.0,-13.0,86.0,Evil_Twin
80.0,0.0,0.0,0.0,0.0,0.0,0.0,-5.0,84.0,Evil_Twin
60.0,-2.0,0.0,0.0,2.0,0.0,0.0,-10.0,76.0,Evil_Twin
80.0,-1.0,-1.0,0.0,-1.0,-1.0,-143.0,37.0,85.0,Evil_Twin
70.0,4.0,-1.0,0.0,0.0,0.0,178.0,-23.0,79.0,Evil_Twin
70.0,0.0,0.0,0.0,0.0,0.0,179.0,8.0,84.0,Evil_Twin
60.0,-3.0,0.0,0.0,1.0,0.0,178.0,-8.0,83.0,Evil_Twin
80.0,-2.0,0.0,0.0,-1.0,0.0,178.0,13.0,83.0,Evil_Twin
80.0,0.0,-1.0,0.0,-1.0,-1.0,0.0,-13.0,80.0,Evil_Twin
80.0,0.0,0.0,0.0,-1.0,0.0,0.0,-4.0,83.0,Evil_Twin
20.0,0.0,0.0,4.0,0.0,0.0,-3.0,-200.0,-200.0,Evil_Twin
60.0,-3.0,0.0,0.0,0.0,-1.0,178.0,-22.0,82.0,Evil_Twin
80.0,0.0,0.0,0.0,0.0,0.0,172.0,-3.0,85.0,Evil_Twin
80.0,0.0,0.0,0.0,-1.0,0.0,0.0,0.0,84.0,Evil_Twin
80.0,3.0,0.0,0.0,5.0,-2.0,177.0,16.0,78.0,Evil_Twin
80.0,2.0,0.0,0.0,-1.0,0.0,1.0,-18.0,78.0,Evil_Twin
70.0,2.0,0.0,0.0,-1.0,0.0,0.0,-4.0,79.0,Evil_Twin
70.0,0.0,0.0,0.0,0.0,0.0,178.0,-3.0,82.0,Evil_Twin
60.0,2.0,0.0,0.0,-1.0,0.0,0.0,32.0,77.0,Evil_Twin
60.0,3.0,0.0,0.0,-8.0,0.0,0.0,4.0,80.0,Evil_Twin
80.0,0.0,0.0,0.0,0.0,0.0,0.0,-4.0,85.0,Evil_Twin
70.0,-2.0,0.0,0.0,0.0,0.0,178.0,-2.0,89.0,Evil_Twin
80.0,0.0,0.0,0.0,0.0,0.0,115.0,-8.0,81.0,Evil_Twin
70.0,0.0,0.0,0.0,0.0,0.0,0.0,1.0,79.0,Evil_Twin
70.0,0.0,0.0,1.0,-1.0,0.0,0.0,-20.0,92.0,Evil_Twin
80.0,0.0,-2.0,0.0,0.0,-1.0,1.0,-2.0,84.0,Evil_Twin
70.0,-2.0,1.0,0.0,-1.0,-1.0,178.0,21.0,80.0,Evil_Twin
70.0,-2.0,0.0,0.0,-1.0,0.0,178.0,-12.0,78.0,Evil_Twin
70.0,0.0,0.0,0.0,0.0,0.0,0.0,22.0,77.0,Evil_Twin
60.0,0.0,0.0,0.0,0.0,0.0,-7.0,-200.0,-200.0,Evil_Twin
80.0,0.0,0.0,0.0,0.0,0.0,0.0,0.0,82.0,Evil_Twin
60.0,1.0,-1.0,0.0,-1.0,-1.0,0.0,10.0,80.0,Evil_Twin
80.0,-2.0,0.0,0.0,0.0,-1.0,178.0,24.0,81.0,Evil_Twin
70.0,0.0,0.0,0.0,0.0,0.0,-34.0,7.0,82.0,Evil_Twin
70.0,0.0,0.0,0.0,0.0,-1.0,0.0,-8.0,84.0,Evil_Twin
70.0,-4.0,0.0,0.0,-4.0,0.0,178.0,5.0,79.0,Evil_Twin
80.0,0.0,0.0,0.0,0.0,-2.0,1.0,-5.0,84.0,Evil_Twin
80.0,-2.0,0.0,0.0,-1.0,0.0,178.0,11.0,78.0,Evil_Twin
80.0,0.0,0.0,0.0,0.0,0.0,0.0,1.0,84.0,Evil_Twin
70.0,0.0,0.0,0.0,0.0,0.0,137.0,-15.0,84.0,Evil_Twin
70.0,-2.0,0.0,0.0,-1.0,-1.0,178.0,-27.0,80.0,Evil_Twin
80.0,1.0,0.0,0.0,-3.0,1.0,0.0,-11.0,75.0,Evil_Twin
80.0,2.0,0.0,0.0,-1.0,-1.0,1.0,-9.0,83.0,Evil_Twin
80.0,0.0,0.0,0.0,0.0,0.0,32.0,11.0,82.0,Evil_Twin
80.0,0.0,0.0,0.0,0.0,0.0,178.0,-2.0,81.0,Evil_Twin
80.0,-2.0,0.0,0.0,-1.0,0.0,178.0,-25.0,76.0,Evil_Twin
80.0,-2.0,0.0,0.0,-1.0,0.0,178.0,-3.0,80.0,Evil_Twin
60.0,0.0,0.0,0.0,0.0,0.0,0.0,-2.0,83.0,Evil_Twin
70.0,-1.0,1.0,0.0,0.0,-2.0,178.0,18.0,79.0,Evil_Twin
60.0,0.0,0.0,0.0,0.0,1.0,0.0,-4.0,82.0,Evil_Twin
60.0,4.0,1.0,0.0,0.0,0.0,178.0,8.0,80.0,Evil_Twin
100.0,0.0,0.0,1.0,0.0,0.0,178.0,-15.0,116.0,Evil_Twin
80.0,0.0,-1.0,0.0,0.0,-1.0,37.0,-32.0,83.0,Evil_Twin
60.0,0.0,0.0,0.0,0.0,0.0,-139.0,6.0,78.0,Evil_Twin
80.0,2.0,0.0,0.0,-1.0,0.0,0.0,20.0,77.0,Evil_Twin
70.0,2.0,0.0,0.0,0.0,0.0,178.0,-2.0,82.0,Evil_Twin
80.0,-3.0,0.0,0.0,0.0,0.0,178.0,6.0,80.0,Evil_Twin
70.0,0.0,0.0,2.0,0.0,0.0,-3.0,-200.0,-200.0,Evil_Twin
80.0,1.0,-1.0,0.0,-1.0,-1.0,0.0,-12.0,89.0,Evil_Twin
80.0,0.0,-1.0,0.0,0.0,0.0,178.0,10.0,82.0,Evil_Twin
80.0,0.0,0.0,0.0,0.0,-1.0,0.0,-8.0,91.0,Evil_Twin
80.0,0.0,0.0,0.0,0.0,0.0,0.0,-5.0,84.0,Evil_Twin
80.0,2.0,-1.0,0.0,-1.0,-1.0,0.0,12.0,86.0,Evil_Twin
60.0,0.0,0.0,0.0,0.0,0.0,0.0,-10.0,76.0,Evil_Twin
70.0,0.0,0.0,0.0,0.0,0.0,179.0,-15.0,80.0,Evil_Twin
70.0,0.0,0.0,0.0,0.0,1.0,0.0,-6.0,83.0,Evil_Twin
80.0,-2.0,0.0,0.0,-1.0,-1.0,178.0,-17.0,81.0,Evil_Twin
70.0,0.0,0.0,0.0,-1.0,0.0,0.0,-20.0,84.0,Evil_Twin
60.0,0.0,0.0,4.0,0.0,0.0,-3.0,-200.0,-200.0,Evil_Twin
80.0,0.0,0.0,0.0,0.0,0.0,176.0,-21.0,85.0,Evil_Twin
80.0,0.0,0.0,0.0,0.0,0.0,179.0,-4.0,80.0,Evil_Twin
80.0,0.0,0.0,0.0,-1.0,0.0,0.0,-6.0,84.0,Evil_Twin
60.0,0.0,0.0,0.0,0.0,0.0,-3.0,-200.0,-200.0,Evil_Twin
80.0,0.0,0.0,0.0,0.0,0.0,-166.0,0.0,81.0,Evil_Twin
80.0,-2.0,0.0,0.0,0.0,0.0,178.0,6.0,79.0,Evil_Twin
80.0,0.0,-1.0,0.0,0.0,0.0,178.0,8.0,80.0,Evil_Twin
60.0,-2.0,0.0,0.0,-1.0,-1.0,178.0,-20.0,84.0,Evil_Twin
70.0,0.0,0.0,0.0,0.0,0.0,-34.0,7.0,82.0,Evil_Twin
80.0,0.0,0.0,0.0,0.0,0.0,0.0,-3.0,81.0,Evil_Twin
80.0,-2.0,0.0,0.0,-1.0,-1.0,175.0,-23.0,77.0,Evil_Twin
80.0,0.0,0.0,0.0,0.0,-1.0,0.0,-27.0,83.0,Evil_Twin
30.0,0.0,0.0,4.0,0.0,0.0,-3.0,-200.0,-200.0,Evil_Twin
80.0,0.0,0.0,0.0,0.0,-1.0,0.0,-5.0,82.0,Evil_Twin
60.0,0.0,0.0,0.0,0.0,0.0,178.0,-8.0,81.0,Evil_Twin
80.0,0.0,0.0,0.0,0.0,0.0,140.0,3.0,83.0,Evil_Twin
80.0,2.0,0.0,0.0,-8.0,0.0,0.0,11.0,82.0,Evil_Twin
70.0,0.0,0.0,0.0,0.0,1.0,0.0,-6.0,83.0,Evil_Twin
0.0,0.0,0.0,0.0,0.0,0.0,-3.0,-200.0,-200.0,Evil_Twin
70.0,2.0,0.0,0.0,-1.0,0.0,0.0,-11.0,92.0,Evil_Twin
70.0,0.0,0.0,0.0,0.0,-1.0,0.0,-6.0,81.0,Evil_Twin
80.0,0.0,0.0,0.0,0.0,0.0,37.0,-7.0,84.0,Evil_Twin
80.0,0.0,-1.0,0.0,0.0,0.0,179.0,-9.0,79.0,Evil_Twin
80.0,0.0,0.0,0.0,0.0,0.0,0.0,-2.0,86.0,Evil_Twin
70.0,0.0,0.0,0.0,0.0,0.0,0.0,3.0,83.0,Evil_Twin
60.0,0.0,0.0,0.0,0.0,0.0,-72.0,9.0,82.0,Evil_Twin
70.0,1.0,-1.0,0.0,0.0,0.0,0.0,-10.0,81.0,Evil_Twin
60.0,0.0,0.0,0.0,0.0,0.0,0.0,5.0,79.0,Evil_Twin
60.0,0.0,0.0,0.0,0.0,0.0,0.0,1.0,82.0,Evil_Twin
70.0,-2.0,0.0,0.0,-1.0,0.0,178.0,0.0,79.0,Evil_Twin
60.0,0.0,0.0,0.0,0.0,0.0,178.0,-13.0,79.0,Evil_Twin
70.0,0.0,0.0,0.0,-5.0,0.0,177.0,-4.0,83.0,Evil_Twin
80.0,2.0,0.0,0.0,-8.0,0.0,0.0,-17.0,82.0,Evil_Twin
60.0,0.0,0.0,0.0,-1.0,0.0,178.0,-6.0,83.0,Evil_Twin
80.0,3.0,0.0,0.0,-7.0,0.0,1.0,-14.0,81.0,Evil_Twin
60.0,0.0,0.0,0.0,0.0,0.0,-29.0,9.0,81.0,Evil_Twin
70.0,0.0,0.0,0.0,-7.0,0.0,0.0,-10.0,81.0,Evil_Twin
80.0,0.0,0.0,0.0,-2.0,-2.0,0.0,-13.0,80.0,Evil_Twin
80.0,2.0,0.0,0.0,-1.0,-1.0,0.0,21.0,79.0,Evil_Twin
70.0,0.0,0.0,0.0,0.0,0.0,114.0,-18.0,83.0,Evil_Twin
80.0,0.0,0.0,0.0,0.0,0.0,178.0,0.0,82.0,Evil_Twin
60.0,0.0,0.0,0.0,0.0,0.0,0.0,-5.0,84.0,Evil_Twin
80.0,2.0,0.0,0.0,-1.0,0.0,0.0,-26.0,79.0,Evil_Twin
80.0,0.0,0.0,0.0,0.0,-1.0,31.0,-9.0,85.0,Evil_Twin
80.0,1.0,0.0,0.0,-1.0,0.0,0.0,-4.0,83.0,Evil_Twin
80.0,-3.0,0.0,0.0,-7.0,0.0,177.0,-9.0,84.0,Evil_Twin
70.0,1.0,0.0,0.0,0.0,-1.0,0.0,11.0,76.0,Evil_Twin
60.0,1.0,-1.0,0.0,0.0,-1.0,0.0,22.0,86.0,Evil_Twin
80.0,-2.0,1.0,0.0,-1.0,-1.0,177.0,-36.0,71.0,Evil_Twin
80.0,1.0,0.0,0.0,2.0,0.0,0.0,-5.0,81.0,Evil_Twin
50.0,0.0,0.0,0.0,0.0,0.0,-138.0,-8.0,78.0,Evil_Twin
80.0,0.0,0.0,0.0,0.0,0.0,178.0,5.0,80.0,Evil_Twin
70.0,0.0,0.0,0.0,0.0,0.0,53.0,-6.0,81.0,Evil_Twin
70.0,4.0,0.0,0.0,-7.0,0.0,0.0,-17.0,82.0,Evil_Twin
80.0,1.0,-1.0,0.0,-1.0,-1.0,0.0,-16.0,87.0,Evil_Twin
0.0,0.0,0.0,0.0,0.0,0.0,-3.0,-200.0,-200.0,Evil_Twin
80.0,2.0,0.0,0.0,-1.0,-1.0,0.0,-6.0,83.0,Evil_Twin
70.0,3.0,0.0,0.0,-1.0,0.0,178.0,7.0,78.0,Evil_Twin
80.0,0.0,0.0,0.0,0.0,0.0,132.0,-16.0,84.0,Evil_Twin
80.0,-3.0,0.0,0.0,1.0,0.0,178.0,10.0,84.0,Evil_Twin
80.0,2.0,0.0,0.0,-1.0,0.0,0.0,15.0,84.0,Evil_Twin
80.0,2.0,0.0,0.0,-1.0,0.0,0.0,-21.0,86.0,Evil_Twin
60.0,0.0,0.0,0.0,0.0,0.0,0.0,0.0,83.0,Evil_Twin
70.0,0.0,0.0,0.0,0.0,0.0,178.0,-19.0,82.0,Evil_Twin
0.0,0.0,0.0,0.0,-1.0,0.0,-3.0,-200.0,-200.0,Evil_Twin
60.0,1.0,0.0,0.0,-1.0,0.0,178.0,-3.0,81.0,Evil_Twin
80.0,0.0,-1.0,0.0,0.0,3.0,0.0,-27.0,80.0,Evil_Twin
80.0,0.0,-1.0,0.0,0.0,-1.0,37.0,-28.0,84.0,Evil_Twin
70.0,-2.0,-2.0,0.0,-1.0,0.0,0.0,13.0,79.0,Evil_Twin
70.0,0.0,0.0,0.0,0.0,0.0,20.0,-3.0,82.0,Evil_Twin
80.0,0.0,0.0,0.0,0.0,0.0,0.0,-4.0,84.0,Evil_Twin
70.0,0.0,0.0,0.0,0.0,0.0,0.0,-4.0,83.0,Evil_Twin
80.0,-2.0,0.0,0.0,0.0,-1.0,-144.0,19.0,88.0,Evil_Twin
80.0,0.0,0.0,0.0,-1.0,0.0,0.0,-4.0,83.0,Evil_Twin
70.0,2.0,0.0,0.0,-1.0,-1.0,0.0,-21.0,77.0,Evil_Twin
80.0,0.0,0.0,0.0,0.0,0.0,179.0,-13.0,82.0,Evil_Twin
80.0,0.0,0.0,0.0,0.0,0.0,0.0,-4.0,85.0,Evil_Twin
80.0,0.0,0.0,0.0,0.0,0.0,0.0,-2.0,80.0,Evil_Twin
60.0,0.0,0.0,0.0,-1.0,0.0,0.0,-15.0,83.0,Evil_Twin
60.0,1.0,-1.0,0.0,-1.0,-1.0,0.0,-17.0,80.0,Evil_Twin
80.0,-4.0,0.0,0.0,0.0,0.0,178.0,-2.0,82.0,Evil_Twin
70.0,0.0,0.0,0.0,0.0,0.0,178.0,-9.0,84.0,Evil_Twin
80.0,0.0,0.0,0.0,0.0,0.0,34.0,-200.0,-200.0,Evil_Twin
80.0,1.0,0.0,0.0,-1.0,-1.0,0.0,-9.0,84.0,Evil_Twin
80.0,-2.0,0.0,0.0,-1.0,-1.0,177.0,-29.0,80.0,Evil_Twin
80.0,0.0,0.0,0.0,-1.0,0.0,0.0,-7.0,80.0,Evil_Twin
80.0,0.0,0.0,0.0,0.0,-1.0,0.0,-27.0,83.0,Evil_Twin
80.0,2.0,-1.0,0.0,-1.0,0.0,0.0,-10.0,85.0,Evil_Twin
80.0,2.0,0.0,0.0,-1.0,0.0,0.0,-10.0,85.0,Evil_Twin
70.0,0.0,0.0,0.0,-9.0,0.0,0.0,-15.0,87.0,Evil_Twin
60.0,0.0,0.0,0.0,0.0,0.0,18.0,-3.0,83.0,Evil_Twin
60.0,0.0,0.0,0.0,0.0,0.0,178.0,5.0,79.0,Evil_Twin
80.0,2.0,0.0,0.0,-1.0,-1.0,0.0,-28.0,81.0,Evil_Twin
80.0,2.0,1.0,0.0,-1.0,-1.0,37.0,-26.0,94.0,Evil_Twin
60.0,0.0,0.0,0.0,0.0,-2.0,178.0,-4.0,80.0,Evil_Twin
80.0,0.0,0.0,0.0,0.0,0.0,0.0,4.0,81.0,Evil_Twin
90.0,0.0,0.0,-1.0,0.0,-1.0,0.0,-11.0,111.0,Evil_Twin
80.0,2.0,0.0,0.0,-1.0,-1.0,0.0,-16.0,89.0,Evil_Twin
70.0,0.0,0.0,0.0,0.0,0.0,178.0,7.0,75.0,Evil_Twin
80.0,1.0,0.0,0.0,0.0,0.0,0.0,8.0,83.0,Evil_Twin
80.0,-2.0,0.0,0.0,-2.0,-1.0,178.0,6.0,82.0,Evil_Twin
70.0,0.0,0.0,0.0,0.0,0.0,178.0,-19.0,82.0,Evil_Twin
90.0,0.0,0.0,-1.0,0.0,0.0,0.0,-8.0,104.0,Evil_Twin
60.0,0.0,0.0,0.0,0.0,0.0,0.0,7.0,79.0,Evil_Twin
60.0,-2.0,0.0,0.0,-2.0,1.0,178.0,-7.0,83.0,Evil_Twin
80.0,-3.0,-1.0,0.0,3.0,-2.0,0.0,-32.0,69.0,Evil_Twin
60.0,0.0,-1.0,0.0,0.0,-1.0,0.0,11.0,82.0,Evil_Twin
80.0,2.0,-1.0,0.0,-1.0,-1.0,0.0,12.0,83.0,Evil_Twin
70.0,0.0,0.0,0.0,0.0,0.0,-162.0,7.0,80.0,Evil_Twin
60.0,0.0,0.0,0.0,0.0,1.0,-36.0,16.0,81.0,Evil_Twin
60.0,1.0,0.0,0.0,0.0,-1.0,0.0,6.0,80.0,Evil_Twin
80.0,4.0,0.0,0.0,-4.0,0.0,0.0,-21.0,86.0,Evil_Twin
70.0,2.0,-1.0,0.0,-1.0,-1.0,0.0,20.0,78.0,Evil_Twin
80.0,0.0,0.0,0.0,0.0,0.0,-121.0,3.0,81.0,Evil_Twin
80.0,2.0,0.0,0.0,0.0,0.0,0.0,-6.0,87.0,Evil_Twin
80.0,0.0,-1.0,0.0,0.0,-1.0,37.0,-32.0,83.0,Evil_Twin
70.0,0.0,0.0,0.0,0.0,0.0,53.0,-6.0,81.0,Evil_Twin
60.0,-2.0,0.0,0.0,0.0,0.0,178.0,0.0,86.0,Evil_Twin
80.0,-2.0,0.0,0.0,-1.0,0.0,178.0,-23.0,83.0,Evil_Twin
60.0,0.0,0.0,0.0,0.0,0.0,-158.0,4.0,81.0,Evil_Twin
80.0,0.0,0.0,0.0,0.0,0.0,0.0,-3.0,84.0,Evil_Twin
80.0,0.0,0.0,0.0,0.0,-1.0,0.0,-9.0,87.0,Evil_Twin
80.0,-2.0,0.0,0.0,-1.0,0.0,179.0,-2.0,80.0,Evil_Twin
60.0,0.0,0.0,0.0,0.0,0.0,-158.0,4.0,81.0,Evil_Twin
80.0,4.0,0.0,0.0,-2.0,0.0,0.0,-18.0,82.0,Evil_Twin
0.0,0.0,0.0,3.0,0.0,0.0,-3.0,-200.0,-200.0,Evil_Twin
80.0,-1.0,-1.0,0.0,-2.0,1.0,178.0,-16.0,84.0,Evil_Twin
80.0,2.0,0.0,0.0,-1.0,0.0,0.0,-26.0,79.0,Evil_Twin
60.0,0.0,0.0,0.0,0.0,-1.0,0.0,5.0,80.0,Evil_Twin
80.0,2.0,-1.0,0.0,-1.0,-1.0,0.0,22.0,82.0,Evil_Twin
70.0,1.0,-1.0,0.0,2.0,-1.0,0.0,14.0,82.0,Evil_Twin
80.0,1.0,0.0,0.0,0.0,0.0,0.0,-4.0,82.0,Evil_Twin
70.0,0.0,0.0,0.0,0.0,0.0,0.0,-5.0,83.0,Evil_Twin
80.0,0.0,0.0,0.0,-11.0,0.0,0.0,-1.0,87.0,Evil_Twin
80.0,0.0,-2.0,0.0,0.0,-1.0,1.0,-2.0,84.0,Evil_Twin
80.0,0.0,0.0,0.0,0.0,0.0,0.0,-11.0,86.0,Evil_Twin
60.0,2.0,0.0,0.0,-1.0,0.0,0.0,-10.0,76.0,Evil_Twin
80.0,2.0,0.0,0.0,-1.0,-1.0,0.0,36.0,82.0,Evil_Twin
70.0,0.0,0.0,0.0,0.0,0.0,-3.0,3.0,84.0,Evil_Twin
80.0,-1.0,-2.0,0.0,-1.0,-1.0,37.0,-35.0,87.0,Evil_Twin
90.0,0.0,0.0,1.0,0.0,0.0,0.0,-1.0,92.0,Evil_Twin
80.0,0.0,0.0,0.0,0.0,0.0,0.0,1.0,84.0,Evil_Twin
70.0,4.0,0.0,0.0,0.0,0.0,0.0,-4.0,79.0,Evil_Twin
60.0,0.0,0.0,0.0,0.0,0.0,-156.0,2.0,80.0,Evil_Twin
80.0,0.0,0.0,0.0,0.0,0.0,132.0,-16.0,84.0,Evil_Twin
80.0,0.0,0.0,0.0,-1.0,0.0,1.0,-5.0,82.0,Evil_Twin
80.0,0.0,0.0,0.0,0.0,0.0,178.0,-12.0,84.0,Evil_Twin
70.0,-2.0,0.0,0.0,-1.0,0.0,178.0,-2.0,87.0,Evil_Twin
60.0,-2.0,0.0,0.0,-1.0,-1.0,178.0,6.0,78.0,Evil_Twin
80.0,-1.0,0.0,0.0,0.0,0.0,178.0,-6.0,83.0,Evil_Twin
60.0,-1.0,1.0,0.0,0.0,-1.0,179.0,-19.0,83.0,Evil_Twin
60.0,0.0,0.0,0.0,0.0,0.0,178.0,-13.0,79.0,Evil_Twin
60.0,2.0,0.0,0.0,-1.0,-1.0,0.0,-30.0,81.0,Evil_Twin
80.0,2.0,0.0,0.0,1.0,-2.0,37.0,-26.0,94.0,Evil_Twin
70.0,0.0,0.0,0.0,-1.0,-1.0,0.0,-7.0,83.0,Evil_Twin
80.0,0.0,-1.0,0.0,0.0,0.0,37.0,-8.0,85.0,Evil_Twin
70.0,0.0,0.0,0.0,0.0,1.0,0.0,2.0,83.0,Evil_Twin
80.0,0.0,0.0,0.0,0.0,0.0,0.0,-9.0,87.0,Evil_Twin
60.0,0.0,0.0,0.0,-2.0,-1.0,0.0,-7.0,82.0,Evil_Twin
80.0,2.0,0.0,0.0,0.0,0.0,0.0,17.0,83.0,Evil_Twin
80.0,0.0,0.0,0.0,0.0,0.0,178.0,5.0,80.0,Evil_Twin
70.0,1.0,-1.0,0.0,0.0,-1.0,0.0,20.0,79.0,Evil_Twin
80.0,0.0,0.0,0.0,0.0,0.0,-3.0,-200.0,-200.0,Evil_Twin
0.0,0.0,0.0,0.0,0.0,0.0,-2.0,-200.0,-200.0,Evil_Twin
70.0,4.0,0.0,0.0,1.0,-2.0,178.0,7.0,73.0,Evil_Twin
80.0,0.0,0.0,0.0,0.0,0.0,178.0,-13.0,79.0,Evil_Twin
60.0,2.0,0.0,0.0,0.0,1.0,0.0,0.0,79.0,Evil_Twin
80.0,0.0,0.0,0.0,0.0,0.0,154.0,-14.0,80.0,Evil_Twin
70.0,0.0,0.0,0.0,0.0,-1.0,0.0,-7.0,85.0,Evil_Twin
80.0,2.0,0.0,0.0,-1.0,-1.0,0.0,-29.0,81.0,Evil_Twin
70.0,-2.0,-1.0,0.0,0.0,-2.0,0.0,38.0,71.0,Evil_Twin
80.0,0.0,0.0,0.0,-1.0,0.0,0.0,-6.0,83.0,Evil_Twin
80.0,0.0,0.0,1.0,0.0,0.0,0.0,-14.0,105.0,Evil_Twin
70.0,-1.0,0.0,0.0,0.0,1.0,178.0,-25.0,76.0,Evil_Twin
80.0,4.0,-1.0,0.0,-3.0,-2.0,0.0,33.0,63.0,Evil_Twin
80.0,2.0,0.0,0.0,-1.0,-1.0,0.0,12.0,84.0,Evil_Twin
80.0,-2.0,0.0,0.0,0.0,0.0,178.0,4.0,65.0,Evil_Twin
60.0,0.0,0.0,0.0,0.0,0.0,178.0,1.0,80.0,Evil_Twin
60.0,-1.0,0.0,0.0,0.0,0.0,178.0,4.0,81.0,Evil_Twin
80.0,-1.0,1.0,0.0,0.0,-2.0,178.0,-21.0,83.0,Evil_Twin
70.0,0.0,0.0,0.0,0.0,1.0,-11.0,16.0,81.0,Evil_Twin
70.0,1.0,0.0,0.0,0.0,0.0,1.0,-4.0,78.0,Evil_Twin
70.0,0.0,0.0,0.0,0.0,0.0,178.0,5.0,82.0,Evil_Twin
80.0,0.0,0.0,0.0,-2.0,-3.0,178.0,-15.0,84.0,Evil_Twin
80.0,0.0,1.0,0.0,1.0,0.0,-143.0,17.0,82.0,Evil_Twin
70.0,0.0,0.0,0.0,0.0,1.0,-11.0,16.0,81.0,Evil_Twin
60.0,2.0,0.0,0.0,-1.0,0.0,0.0,-6.0,81.0,Evil_Twin
60.0,-2.0,1.0,0.0,0.0,-2.0,178.0,28.0,69.0,Evil_Twin
80.0,0.0,0.0,0.0,0.0,0.0,0.0,-17.0,86.0,Evil_Twin
70.0,2.0,0.0,0.0,0.0,-1.0,0.0,15.0,80.0,Evil_Twin
70.0,-2.0,0.0,0.0,-1.0,0.0,178.0,-40.0,67.0,Evil_Twin
60.0,1.0,0.0,0.0,0.0,-1.0,0.0,7.0,81.0,Evil_Twin
70.0,0.0,0.0,0.0,0.0,0.0,0.0,-5.0,81.0,Evil_Twin
70.0,0.0,0.0,0.0,-1.0,0.0,0.0,12.0,82.0,Evil_Twin
80.0,0.0,-1.0,0.0,0.0,-1.0,37.0,-15.0,83.0,Evil_Twin
60.0,2.0,0.0,0.0,0.0,0.0,0.0,23.0,77.0,Evil_Twin
80.0,0.0,-1.0,0.0,0.0,-1.0,0.0,-8.0,80.0,Evil_Twin
80.0,0.0,0.0,0.0,0.0,0.0,0.0,-3.0,85.0,Evil_Twin
80.0,0.0,0.0,0.0,0.0,-1.0,27.0,-8.0,83.0,Evil_Twin
80.0,2.0,-1.0,0.0,-1.0,-1.0,0.0,-17.0,79.0,Evil_Twin
80.0,-1.0,0.0,0.0,0.0,-1.0,179.0,10.0,83.0,Evil_Twin
70.0,0.0,0.0,0.0,0.0,0.0,178.0,5.0,82.0,Evil_Twin
70.0,0.0,0.0,0.0,-1.0,-1.0,0.0,-5.0,81.0,Evil_Twin
80.0,0.0,0.0,0.0,0.0,0.0,0.0,0.0,85.0,Evil_Twin
60.0,0.0,0.0,0.0,0.0,0.0,-83.0,3.0,81.0,Evil_Twin
70.0,1.0,0.0,0.0,2.0,0.0,0.0,6.0,72.0,Evil_Twin
60.0,0.0,0.0,0.0,0.0,0.0,0.0,-11.0,82.0,Evil_Twin
80.0,0.0,0.0,0.0,0.0,-1.0,0.0,-6.0,90.0,Evil_Twin
80.0,-1.0,1.0,0.0,-1.0,-1.0,179.0,-20.0,81.0,Evil_Twin
80.0,0.0,0.0,0.0,0.0,-1.0,0.0,-6.0,90.0,Evil_Twin
80.0,0.0,0.0,0.0,0.0,0.0,-145.0,4.0,80.0,Evil_Twin
80.0,0.0,-1.0,0.0,0.0,-1.0,37.0,-22.0,83.0,Evil_Twin
80.0,0.0,0.0,0.0,0.0,0.0,-7.0,9.0,83.0,Evil_Twin
80.0,0.0,0.0,-1.0,0.0,0.0,0.0,-12.0,91.0,Evil_Twin
80.0,-3.0,-3.0,0.0,3.0,-2.0,37.0,-31.0,89.0,Evil_Twin
60.0,0.0,0.0,0.0,-4.0,0.0,0.0,-4.0,82.0,Evil_Twin
80.0,0.0,0.0,0.0,0.0,0.0,0.0,-3.0,84.0,Evil_Twin
80.0,0.0,0.0,0.0,0.0,0.0,178.0,0.0,82.0,Evil_Twin
80.0,0.0,0.0,0.0,0.0,0.0,-3.0,17.0,84.0,Evil_Twin
40.0,0.0,0.0,4.0,0.0,0.0,-2.0,-200.0,-200.0,Evil_Twin
60.0,2.0,0.0,0.0,0.0,0.0,0.0,23.0,77.0,Evil_Twin
70.0,0.0,0.0,-1.0,0.0,0.0,0.0,-10.0,83.0,Evil_Twin
70.0,0.0,0.0,0.0,0.0,0.0,152.0,1.0,82.0,Evil_Twin
80.0,0.0,0.0,0.0,-1.0,-1.0,0.0,-15.0,84.0,Evil_Twin
80.0,-1.0,1.0,0.0,-1.0,-1.0,177.0,14.0,77.0,Evil_Twin
80.0,0.0,0.0,0.0,0.0,0.0,0.0,-4.0,84.0,Evil_Twin
90.0,0.0,0.0,2.0,0.0,0.0,37.0,-18.0,101.0,Evil_Twin
60.0,2.0,0.0,0.0,-1.0,-2.0,0.0,-19.0,89.0,Evil_Twin
80.0,0.0,0.0,0.0,0.0,0.0,37.0,-9.0,87.0,Evil_Twin
60.0,0.0,0.0,0.0,0.0,0.0,-58.0,-1.0,80.0,Evil_Twin
70.0,2.0,0.0,0.0,-2.0,-1.0,0.0,-8.0,96.0,Evil_Twin
80.0,0.0,0.0,0.0,0.0,0.0,0.0,5.0,83.0,Evil_Twin
60.0,-1.0,0.0,0.0,-8.0,0.0,178.0,15.0,82.0,Evil_Twin
60.0,0.0,0.0,0.0,0.0,0.0,178.0,-2.0,79.0,Evil_Twin
80.0,0.0,0.0,0.0,0.0,-4.0,178.0,-10.0,79.0,Evil_Twin
70.0,2.0,0.0,0.0,-1.0,0.0,0.0,27.0,79.0,Evil_Twin
80.0,-3.0,0.0,0.0,-8.0,0.0,178.0,3.0,83.0,Evil_Twin
80.0,0.0,0.0,0.0,0.0,0.0,-6.0,6.0,82.0,Evil_Twin
70.0,-3.0,0.0,0.0,0.0,-1.0,178.0,23.0,80.0,Evil_Twin
80.0,2.0,0.0,0.0,-1.0,-1.0,0.0,15.0,81.0,Evil_Twin
80.0,1.0,-1.0,0.0,-3.0,-2.0,1.0,11.0,84.0,Evil_Twin
80.0,0.0,0.0,0.0,0.0,0.0,173.0,-11.0,84.0,Evil_Twin
80.0,2.0,0.0,0.0,0.0,0.0,0.0,-5.0,83.0,Evil_Twin
70.0,0.0,0.0,0.0,-1.0,0.0,0.0,-13.0,84.0,Evil_Twin
80.0,0.0,0.0,0.0,-1.0,0.0,0.0,-7.0,80.0,Evil_Twin
80.0,-3.0,0.0,0.0,1.0,0.0,178.0,-3.0,84.0,Evil_Twin
80.0,-1.0,0.0,0.0,0.0,-1.0,179.0,10.0,83.0,Evil_Twin
70.0,-2.0,0.0,0.0,-1.0,0.0,178.0,-12.0,78.0,Evil_Twin
60.0,0.0,0.0,0.0,0.0,0.0,0.0,-28.0,81.0,Evil_Twin
70.0,-2.0,-2.0,0.0,-1.0,0.0,0.0,13.0,79.0,Evil_Twin
80.0,3.0,0.0,0.0,-7.0,0.0,1.0,-14.0,81.0,Evil_Twin
60.0,0.0,0.0,0.0,0.0,0.0,0.0,-14.0,80.0,Evil_Twin
80.0,2.0,-1.0,0.0,-1.0,-1.0,0.0,-7.0,91.0,Evil_Twin
70.0,0.0,-1.0,0.0,0.0,-1.0,0.0,-10.0,86.0,Evil_Twin
70.0,2.0,0.0,0.0,-1.0,0.0,0.0,-20.0,81.0,Evil_Twin
80.0,0.0,-1.0,0.0,0.0,-1.0,0.0,4.0,81.0,Evil_Twin
80.0,0.0,0.0,0.0,0.0,0.0,0.0,-11.0,84.0,Evil_Twin
70.0,0.0,0.0,0.0,0.0,-1.0,55.0,-8.0,78.0,Evil_Twin
70.0,0.0,0.0,0.0,0.0,0.0,0.0,-5.0,83.0,Evil_Twin
60.0,0.0,0.0,0.0,0.0,0.0,-29.0,9.0,81.0,Evil_Twin
80.0,2.0,0.0,0.0,-1.0,0.0,0.0,-35.0,77.0,Evil_Twin
60.0,0.0,0.0,0.0,0.0,0.0,-3.0,18.0,79.0,Evil_Twin
80.0,1.0,-1.0,0.0,0.0,-1.0,37.0,-17.0,83.0,Evil_Twin
20.0,0.0,0.0,4.0,0.0,0.0,-2.0,-200.0,-200.0,Evil_Twin
80.0,0.0,0.0,0.0,-1.0,0.0,0.0,-2.0,84.0,Evil_Twin
80.0,0.0,0.0,0.0,0.0,0.0,1.0,-18.0,80.0,Evil_Twin
60.0,0.0,0.0,0.0,0.0,0.0,0.0,-9.0,85.0,Evil_Twin
70.0,0.0,0.0,0.0,0.0,0.0,166.0,-16.0,85.0,Evil_Twin
70.0,-2.0,0.0,0.0,-1.0,0.0,178.0,3.0,89.0,Evil_Twin
70.0,0.0,0.0,0.0,0.0,0.0,0.0,-8.0,86.0,Evil_Twin
70.0,0.0,0.0,1.0,0.0,0.0,0.0,-13.0,86.0,Evil_Twin
80.0,-2.0,0.0,0.0,0.0,-1.0,178.0,18.0,80.0,Evil_Twin
80.0,-1.0,0.0,0.0,0.0,-1.0,178.0,11.0,83.0,Evil_Twin
70.0,2.0,-1.0,0.0,-1.0,-1.0,0.0,37.0,64.0,Evil_Twin
70.0,2.0,0.0,0.0,0.0,-1.0,0.0,-19.0,78.0,Evil_Twin
80.0,0.0,0.0,0.0,0.0,0.0,178.0,-14.0,84.0,Evil_Twin
60.0,-1.0,1.0,0.0,0.0,-1.0,179.0,-19.0,83.0,Evil_Twin
60.0,2.0,0.0,0.0,-1.0,-1.0,0.0,24.0,80.0,Evil_Twin
80.0,0.0,-1.0,0.0,-1.0,-1.0,0.0,-9.0,83.0,Evil_Twin
70.0,2.0,0.0,0.0,0.0,0.0,0.0,-1.0,79.0,Evil_Twin
80.0,0.0,0.0,0.0,-1.0,0.0,0.0,-12.0,86.0,Evil_Twin
60.0,0.0,0.0,0.0,0.0,0.0,0.0,0.0,81.0,Evil_Twin
80.0,2.0,0.0,0.0,-1.0,-1.0,0.0,-17.0,87.0,Evil_Twin
70.0,0.0,0.0,0.0,0.0,0.0,0.0,-10.0,85.0,Evil_Twin
40.0,0.0,0.0,4.0,0.0,0.0,-3.0,-200.0,-200.0,Evil_Twin
70.0,0.0,0.0,0.0,0.0,0.0,178.0,-4.0,81.0,Evil_Twin
70.0,-1.0,0.0,0.0,-4.0,0.0,0.0,0.0,82.0,Evil_Twin
80.0,2.0,0.0,0.0,-1.0,0.0,0.0,-13.0,84.0,Evil_Twin
70.0,0.0,0.0,0.0,0.0,-1.0,0.0,-14.0,85.0,Evil_Twin
60.0,2.0,0.0,0.0,0.0,0.0,0.0,4.0,84.0,Evil_Twin
80.0,2.0,0.0,0.0,0.0,0.0,1.0,-16.0,82.0,Evil_Twin
60.0,0.0,1.0,0.0,0.0,1.0,0.0,18.0,79.0,Evil_Twin
80.0,1.0,0.0,0.0,0.0,-1.0,0.0,-7.0,83.0,Evil_Twin
80.0,0.0,0.0,0.0,-1.0,0.0,0.0,-10.0,85.0,Evil_Twin
80.0,2.0,0.0,0.0,-1.0,0.0,0.0,-19.0,89.0,Evil_Twin
80.0,0.0,-1.0,0.0,-1.0,-2.0,37.0,-6.0,84.0,Evil_Twin
80.0,0.0,0.0,0.0,-1.0,0.0,0.0,-9.0,84.0,Evil_Twin
80.0,-2.0,0.0,0.0,0.0,0.0,178.0,-9.0,82.0,Evil_Twin
0.0,0.0,0.0,3.0,0.0,0.0,-3.0,-200.0,-200.0,Evil_Twin
60.0,-2.0,0.0,0.0,-2.0,0.0,178.0,-11.0,80.0,Evil_Twin
60.0,0.0,0.0,0.0,0.0,0.0,0.0,-2.0,84.0,Evil_Twin
0.0,0.0,0.0,3.0,-1.0,0.0,34.0,-200.0,-200.0,Evil_Twin
80.0,0.0,-1.0,0.0,0.0,-1.0,178.0,-4.0,84.0,Evil_Twin
60.0,0.0,0.0,0.0,0.0,-1.0,178.0,5.0,83.0,Evil_Twin
80.0,0.0,0.0,0.0,0.0,0.0,0.0,-1.0,84.0,Evil_Twin
0.0,0.0,0.0,0.0,-1.0,0.0,-3.0,-200.0,-200.0,Evil_Twin
70.0,2.0,-1.0,0.0,-1.0,-1.0,0.0,-21.0,82.0,Evil_Twin
70.0,0.0,0.0,0.0,0.0,0.0,-2.0,-200.0,-200.0,Evil_Twin
80.0,0.0,-1.0,0.0,0.0,0.0,37.0,-6.0,85.0,Evil_Twin
70.0,0.0,0.0,0.0,-1.0,-1.0,0.0,-7.0,83.0,Evil_Twin
80.0,0.0,0.0,0.0,0.0,0.0,178.0,4.0,81.0,Evil_Twin
80.0,2.0,0.0,0.0,-1.0,-1.0,0.0,-15.0,94.0,Evil_Twin
70.0,0.0,0.0,1.0,0.0,0.0,-2.0,-200.0,-200.0,Evil_Twin
80.0,-2.0,-1.0,0.0,0.0,0.0,-144.0,-5.0,79.0,Evil_Twin
70.0,0.0,-1.0,0.0,0.0,0.0,178.0,-5.0,82.0,Evil_Twin
70.0,0.0,0.0,0.0,0.0,0.0,178.0,3.0,81.0,Evil_Twin
80.0,0.0,0.0,0.0,0.0,0.0,0.0,-2.0,86.0,Evil_Twin
70.0,0.0,0.0,0.0,-1.0,0.0,0.0,-6.0,84.0,Evil_Twin
80.0,1.0,0.0,0.0,0.0,0.0,0.0,-4.0,82.0,Evil_Twin
70.0,2.0,0.0,0.0,-1.0,-1.0,0.0,25.0,80.0,Evil_Twin
70.0,-2.0,0.0,0.0,0.0,0.0,178.0,-3.0,81.0,Evil_Twin
80.0,0.0,-1.0,0.0,0.0,0.0,0.0,-7.0,82.0,Evil_Twin
70.0,3.0,-1.0,0.0,-1.0,0.0,0.0,13.0,81.0,Evil_Twin
70.0,1.0,0.0,0.0,0.0,1.0,0.0,-5.0,84.0,Evil_Twin
80.0,0.0,0.0,0.0,-1.0,0.0,0.0,5.0,81.0,Evil_Twin
70.0,-2.0,0.0,0.0,-1.0,0.0,174.0,-8.0,78.0,Evil_Twin
80.0,-2.0,0.0,0.0,-1.0,-1.0,178.0,-29.0,81.0,Evil_Twin
80.0,-2.0,0.0,0.0,0.0,-1.0,178.0,-19.0,84.0,Evil_Twin
60.0,1.0,0.0,0.0,0.0,-1.0,0.0,7.0,81.0,Evil_Twin
70.0,3.0,0.0,0.0,0.0,0.0,0.0,-16.0,81.0,Evil_Twin
70.0,0.0,0.0,0.0,0.0,0.0,178.0,-12.0,83.0,Evil_Twin
80.0,0.0,0.0,0.0,-1.0,0.0,0.0,-2.0,82.0,Evil_Twin
0.0,0.0,0.0,4.0,0.0,0.0,-3.0,-200.0,-200.0,Evil_Twin
70.0,0.0,0.0,0.0,-1.0,-1.0,178.0,-8.0,81.0,Evil_Twin
70.0,0.0,0.0,0.0,0.0,0.0,0.0,5.0,80.0,Evil_Twin
70.0,-1.0,0.0,0.0,-3.0,0.0,178.0,5.0,78.0,Evil_Twin
80.0,0.0,0.0,0.0,0.0,0.0,0.0,-11.0,85.0,Evil_Twin
80.0,0.0,0.0,0.0,-1.0,0.0,0.0,8.0,81.0,Evil_Twin
70.0,0.0,0.0,0.0,0.0,-1.0,0.0,-7.0,85.0,Evil_Twin
80.0,0.0,0.0,-1.0,0.0,0.0,0.0,-12.0,91.0,Evil_Twin
80.0,0.0,0.0,0.0,1.0,0.0,179.0,2.0,82.0,Evil_Twin
80.0,2.0,0.0,0.0,-1.0,-1.0,0.0,27.0,82.0,Evil_Twin
100.0,0.0,0.0,0.0,0.0,0.0,0.0,0.0,121.0,Evil_Twin
50.0,0.0,0.0,0.0,0.0,0.0,178.0,5.0,77.0,Evil_Twin
80.0,0.0,0.0,0.0,0.0,0.0,178.0,9.0,79.0,Evil_Twin
60.0,0.0,0.0,0.0,-7.0,2.0,0.0,-13.0,79.0,Evil_Twin
20.0,0.0,0.0,4.0,0.0,0.0,-2.0,-200.0,-200.0,Evil_Twin
80.0,1.0,0.0,0.0,-1.0,0.0,0.0,-6.0,84.0,Evil_Twin
60.0,0.0,0.0,0.0,0.0,0.0,-88.0,-2.0,80.0,Evil_Twin
80.0,-2.0,0.0,0.0,-1.0,0.0,175.0,2.0,88.0,Evil_Twin
80.0,-1.0,1.0,0.0,2.0,-1.0,178.0,14.0,81.0,Evil_Twin
80.0,2.0,0.0,0.0,-1.0,-1.0,0.0,12.0,84.0,Evil_Twin
80.0,-4.0,0.0,0.0,1.0,0.0,178.0,-6.0,84.0,Evil_Twin
80.0,0.0,0.0,1.0,0.0,0.0,178.0,-13.0,96.0,Evil_Twin
70.0,-2.0,0.0,0.0,-1.0,0.0,178.0,26.0,75.0,Evil_Twin
60.0,-2.0,0.0,0.0,0.0,0.0,178.0,9.0,80.0,Evil_Twin
80.0,0.0,0.0,0.0,0.0,0.0,156.0,-15.0,84.0,Evil_Twin
80.0,2.0,0.0,0.0,-1.0,0.0,0.0,-30.0,81.0,Evil_Twin
80.0,2.0,0.0,0.0,-1.0,-1.0,1.0,-34.0,81.0,Evil_Twin
60.0,0.0,1.0,0.0,0.0,0.0,178.0,-5.0,80.0,Evil_Twin
80.0,0.0,-1.0,0.0,-1.0,0.0,1.0,16.0,81.0,Evil_Twin
80.0,0.0,0.0,0.0,0.0,0.0,72.0,-11.0,84.0,Evil_Twin
80.0,0.0,0.0,0.0,0.0,0.0,23.0,-4.0,84.0,Evil_Twin
80.0,-2.0,0.0,0.0,0.0,-2.0,178.0,-11.0,82.0,Evil_Twin
70.0,2.0,0.0,0.0,-1.0,0.0,0.0,-2.0,83.0,Evil_Twin
70.0,0.0,0.0,0.0,0.0,0.0,-3.0,2.0,82.0,Evil_Twin
80.0,4.0,0.0,0.0,-5.0,0.0,0.0,16.0,92.0,Evil_Twin
60.0,0.0,0.0,4.0,0.0,0.0,-2.0,-200.0,-200.0,Evil_Twin
60.0,1.0,-1.0,0.0,-1.0,-2.0,0.0,-23.0,83.0,Evil_Twin
80.0,2.0,0.0,0.0,-1.0,0.0,0.0,36.0,82.0,Evil_Twin
80.0,0.0,0.0,0.0,-7.0,0.0,0.0,-11.0,86.0,Evil_Twin
80.0,0.0,0.0,0.0,0.0,0.0,24.0,-8.0,82.0,Evil_Twin
80.0,0.0,0.0,0.0,-1.0,-2.0,0.0,18.0,80.0,Evil_Twin
70.0,-3.0,0.0,0.0,-8.0,0.0,178.0,-10.0,83.0,Evil_Twin
70.0,0.0,0.0,0.0,0.0,-1.0,0.0,21.0,78.0,Evil_Twin
60.0,0.0,0.0,0.0,1.0,0.0,178.0,2.0,81.0,Evil_Twin
80.0,2.0,-1.0,0.0,-1.0,-1.0,0.0,-7.0,94.0,Evil_Twin
80.0,0.0,0.0,0.0,0.0,0.0,-81.0,1.0,84.0,Evil_Twin
90.0,0.0,0.0,-1.0,0.0,0.0,0.0,-14.0,102.0,Evil_Twin
70.0,1.0,0.0,0.0,0.0,0.0,178.0,-2.0,81.0,Evil_Twin
60.0,0.0,0.0,0.0,0.0,0.0,178.0,4.0,81.0,Evil_Twin
80.0,-2.0,0.0,0.0,0.0,0.0,178.0,17.0,82.0,Evil_Twin
60.0,0.0,0.0,0.0,0.0,0.0,-3.0,-200.0,-200.0,Evil_Twin
80.0,0.0,0.0,0.0,0.0,0.0,0.0,5.0,81.0,Evil_Twin
80.0,0.0,0.0,0.0,0.0,0.0,0.0,11.0,83.0,Evil_Twin
80.0,0.0,0.0,0.0,0.0,0.0,0.0,-8.0,82.0,Evil_Twin
80.0,-2.0,0.0,0.0,0.0,0.0,179.0,12.0,80.0,Evil_Twin
80.0,0.0,0.0,0.0,0.0,0.0,0.0,6.0,81.0,Evil_Twin
60.0,0.0,0.0,0.0,0.0,-1.0,0.0,4.0,82.0,Evil_Twin
80.0,-1.0,0.0,0.0,0.0,0.0,178.0,3.0,81.0,Evil_Twin
70.0,2.0,0.0,0.0,0.0,0.0,178.0,-2.0,82.0,Evil_Twin
80.0,0.0,0.0,0.0,0.0,1.0,178.0,-23.0,80.0,Evil_Twin
80.0,0.0,0.0,0.0,0.0,0.0,0.0,-14.0,84.0,Evil_Twin
80.0,-2.0,0.0,0.0,-1.0,-1.0,178.0,-28.0,82.0,Evil_Twin
60.0,0.0,0.0,0.0,0.0,-2.0,178.0,-5.0,83.0,Evil_Twin
80.0,0.0,0.0,0.0,0.0,0.0,0.0,-9.0,87.0,Evil_Twin
80.0,0.0,0.0,0.0,0.0,0.0,89.0,-14.0,83.0,Evil_Twin
60.0,1.0,0.0,0.0,-1.0,0.0,178.0,-7.0,83.0,Evil_Twin
60.0,2.0,0.0,0.0,-1.0,-1.0,0.0,-26.0,71.0,Evil_Twin
70.0,3.0,0.0,-1.0,4.0,0.0,177.0,-2.0,82.0,Evil_Twin
70.0,0.0,0.0,0.0,0.0,0.0,53.0,-6.0,81.0,Evil_Twin
70.0,3.0,0.0,-1.0,4.0,0.0,177.0,-2.0,82.0,Evil_Twin
80.0,0.0,1.0,0.0,1.0,0.0,178.0,-7.0,83.0,Evil_Twin
70.0,0.0,0.0,0.0,0.0,0.0,178.0,-16.0,82.0,Evil_Twin
70.0,0.0,0.0,0.0,0.0,0.0,-164.0,-2.0,81.0,Evil_Twin
80.0,0.0,0.0,0.0,0.0,0.0,89.0,-8.0,83.0,Evil_Twin
70.0,-4.0,0.0,0.0,-3.0,0.0,178.0,-1.0,81.0,Evil_Twin
60.0,0.0,0.0,0.0,0.0,-1.0,0.0,-21.0,84.0,Evil_Twin
70.0,2.0,0.0,0.0,-1.0,-1.0,0.0,26.0,78.0,Evil_Twin
80.0,0.0,0.0,0.0,0.0,0.0,0.0,1.0,86.0,Evil_Twin
80.0,4.0,0.0,0.0,0.0,0.0,0.0,13.0,85.0,Evil_Twin
70.0,-2.0,0.0,0.0,-1.0,0.0,178.0,0.0,85.0,Evil_Twin
80.0,0.0,0.0,0.0,0.0,0.0,178.0,-2.0,81.0,Evil_Twin
80.0,2.0,0.0,0.0,-1.0,-1.0,0.0,-30.0,77.0,Evil_Twin
60.0,0.0,-1.0,0.0,0.0,6.0,178.0,-23.0,81.0,Evil_Twin
60.0,0.0,0.0,0.0,0.0,-1.0,0.0,4.0,82.0,Evil_Twin
60.0,-1.0,0.0,0.0,0.0,0.0,177.0,-3.0,82.0,Evil_Twin
80.0,1.0,0.0,0.0,0.0,-1.0,0.0,-8.0,82.0,Evil_Twin
80.0,0.0,0.0,0.0,0.0,0.0,0.0,-5.0,87.0,Evil_Twin
80.0,0.0,0.0,0.0,0.0,0.0,178.0,-11.0,83.0,Evil_Twin
80.0,1.0,-1.0,0.0,-1.0,-1.0,0.0,18.0,81.0,Evil_Twin
80.0,0.0,0.0,0.0,0.0,-1.0,15.0,9.0,82.0,Evil_Twin
80.0,3.0,0.0,0.0,5.0,-2.0,177.0,16.0,78.0,Evil_Twin
80.0,0.0,0.0,0.0,-1.0,0.0,0.0,16.0,81.0,Evil_Twin
100.0,0.0,0.0,1.0,0.0,0.0,0.0,12.0,112.0,Evil_Twin
80.0,3.0,-1.0,0.0,0.0,0.0,0.0,12.0,81.0,Evil_Twin
80.0,0.0,0.0,0.0,0.0,-1.0,-127.0,6.0,84.0,Evil_Twin
70.0,0.0,0.0,0.0,0.0,-1.0,0.0,-7.0,80.0,Evil_Twin
80.0,0.0,0.0,0.0,-1.0,0.0,0.0,-7.0,83.0,Evil_Twin
60.0,-2.0,-1.0,0.0,-1.0,0.0,0.0,-17.0,83.0,Evil_Twin
100.0,0.0,0.0,1.0,0.0,0.0,0.0,-7.0,122.0,Evil_Twin
70.0,0.0,0.0,0.0,-1.0,0.0,178.0,-6.0,82.0,Evil_Twin
80.0,-1.0,0.0,0.0,3.0,0.0,175.0,-16.0,83.0,Evil_Twin
70.0,0.0,-1.0,0.0,0.0,0.0,0.0,-7.0,85.0,Evil_Twin
60.0,2.0,0.0,0.0,-1.0,0.0,0.0,-6.0,81.0,Evil_Twin
70.0,0.0,0.0,0.0,0.0,0.0,91.0,-8.0,82.0,Evil_Twin
80.0,1.0,0.0,0.0,-4.0,-4.0,0.0,-24.0,81.0,Evil_Twin
70.0,2.0,0.0,0.0,-1.0,-1.0,0.0,-23.0,80.0,Evil_Twin
80.0,0.0,-1.0,0.0,0.0,0.0,37.0,-8.0,85.0,Evil_Twin
80.0,0.0,0.0,1.0,0.0,0.0,0.0,-14.0,99.0,Evil_Twin
80.0,0.0,0.0,0.0,0.0,-1.0,178.0,-10.0,80.0,Evil_Twin
70.0,0.0,0.0,0.0,-8.0,0.0,178.0,-15.0,78.0,Evil_Twin
80.0,2.0,0.0,0.0,-1.0,-1.0,0.0,-30.0,85.0,Evil_Twin
80.0,-2.0,0.0,0.0,-1.0,0.0,178.0,-23.0,90.0,Evil_Twin
70.0,0.0,0.0,0.0,0.0,0.0,0.0,-7.0,82.0,Evil_Twin
70.0,0.0,-1.0,0.0,0.0,-1.0,179.0,-9.0,82.0,Evil_Twin
70.0,0.0,0.0,0.0,0.0,0.0,0.0,10.0,82.0,Evil_Twin
80.0,0.0,0.0,0.0,0.0,0.0,158.0,-5.0,84.0,Evil_Twin
80.0,-1.0,1.0,0.0,0.0,-1.0,178.0,-20.0,81.0,Evil_Twin
70.0,0.0,0.0,0.0,0.0,0.0,0.0,8.0,82.0,Evil_Twin
70.0,1.0,0.0,0.0,-1.0,0.0,0.0,-16.0,81.0,Evil_Twin
80.0,-4.0,0.0,0.0,0.0,0.0,178.0,-2.0,82.0,Evil_Twin
80.0,2.0,0.0,0.0,-1.0,-1.0,0.0,-32.0,84.0,Evil_Twin
80.0,2.0,-1.0,0.0,-1.0,0.0,0.0,16.0,81.0,Evil_Twin
60.0,2.0,0.0,0.0,-1.0,-1.0,0.0,21.0,77.0,Evil_Twin
70.0,0.0,0.0,0.0,0.0,0.0,178.0,4.0,80.0,Evil_Twin
80.0,0.0,1.0,0.0,-1.0,-1.0,178.0,-19.0,83.0,Evil_Twin
70.0,-2.0,0.0,0.0,0.0,0.0,178.0,-7.0,76.0,Evil_Twin
70.0,0.0,0.0,0.0,0.0,0.0,179.0,8.0,84.0,Evil_Twin
80.0,1.0,1.0,0.0,-1.0,-1.0,37.0,-30.0,87.0,Evil_Twin
80.0,1.0,0.0,0.0,-1.0,0.0,0.0,-4.0,86.0,Evil_Twin
80.0,0.0,0.0,0.0,-1.0,0.0,178.0,-11.0,83.0,Evil_Twin
80.0,2.0,0.0,0.0,-1.0,0.0,0.0,20.0,77.0,Evil_Twin
60.0,0.0,0.0,0.0,0.0,0.0,178.0,1.0,80.0,Evil_Twin
80.0,0.0,0.0,0.0,-1.0,0.0,0.0,-9.0,82.0,Evil_Twin
80.0,3.0,-1.0,0.0,0.0,0.0,0.0,12.0,81.0,Evil_Twin
80.0,1.0,0.0,0.0,0.0,0.0,0.0,9.0,82.0,Evil_Twin
80.0,-3.0,0.0,0.0,0.0,0.0,178.0,6.0,80.0,Evil_Twin
70.0,1.0,0.0,0.0,0.0,0.0,0.0,-6.0,84.0,Evil_Twin
80.0,0.0,0.0,0.0,0.0,-1.0,178.0,5.0,82.0,Evil_Twin
80.0,-1.0,1.0,0.0,0.0,-1.0,178.0,-20.0,81.0,Evil_Twin
80.0,0.0,0.0,0.0,0.0,0.0,-89.0,5.0,81.0,Evil_Twin
70.0,0.0,0.0,0.0,0.0,0.0,92.0,-5.0,84.0,Evil_Twin
60.0,2.0,0.0,0.0,-1.0,-1.0,0.0,23.0,78.0,Evil_Twin
80.0,-1.0,-2.0,0.0,-1.0,-1.0,37.0,-35.0,87.0,Evil_Twin
60.0,0.0,0.0,0.0,0.0,1.0,0.0,-18.0,85.0,Evil_Twin
80.0,0.0,0.0,0.0,0.0,-1.0,0.0,6.0,81.0,Evil_Twin
70.0,0.0,0.0,0.0,0.0,0.0,0.0,-4.0,84.0,Evil_Twin
80.0,0.0,1.0,0.0,0.0,0.0,178.0,-6.0,82.0,Evil_Twin
80.0,0.0,0.0,-2.0,0.0,0.0,0.0,-17.0,87.0,Evil_Twin
70.0,0.0,0.0,0.0,0.0,0.0,0.0,-1.0,85.0,Evil_Twin
80.0,1.0,1.0,0.0,-1.0,0.0,-144.0,12.0,84.0,Evil_Twin
70.0,0.0,0.0,0.0,-3.0,-2.0,0.0,-15.0,78.0,Evil_Twin
0.0,0.0,0.0,0.0,0.0,1.0,-8.0,-200.0,-200.0,Evil_Twin
70.0,1.0,0.0,0.0,0.0,0.0,0.0,0.0,79.0,Evil_Twin
80.0,-2.0,0.0,0.0,-1.0,0.0,178.0,-23.0,90.0,Evil_Twin
70.0,-2.0,0.0,0.0,0.0,0.0,178.0,-3.0,81.0,Evil_Twin
60.0,-2.0,0.0,0.0,-1.0,0.0,177.0,-4.0,79.0,Evil_Twin
80.0,0.0,0.0,0.0,0.0,0.0,-3.0,20.0,84.0,Evil_Twin
80.0,-1.0,1.0,0.0,-1.0,0.0,178.0,30.0,76.0,Evil_Twin
70.0,1.0,0.0,0.0,0.0,0.0,1.0,-4.0,78.0,Evil_Twin
80.0,1.0,-1.0,0.0,0.0,0.0,178.0,-18.0,81.0,Evil_Twin
70.0,2.0,0.0,0.0,-1.0,-1.0,0.0,-21.0,85.0,Evil_Twin
70.0,0.0,0.0,3.0,0.0,0.0,-3.0,-200.0,-200.0,Evil_Twin
60.0,0.0,-1.0,0.0,0.0,0.0,0.0,-8.0,82.0,Evil_Twin
60.0,0.0,-1.0,0.0,0.0,-1.0,0.0,-7.0,84.0,Evil_Twin
80.0,2.0,0.0,0.0,-1.0,-1.0,0.0,-30.0,79.0,Evil_Twin
80.0,-2.0,0.0,0.0,-2.0,-1.0,178.0,6.0,82.0,Evil_Twin
80.0,0.0,0.0,0.0,0.0,0.0,0.0,-9.0,83.0,Evil_Twin
60.0,0.0,0.0,0.0,0.0,0.0,57.0,-4.0,82.0,Evil_Twin
70.0,-4.0,0.0,0.0,-2.0,-1.0,179.0,-29.0,75.0,Evil_Twin
60.0,0.0,0.0,0.0,-3.0,0.0,0.0,5.0,81.0,Evil_Twin
70.0,-2.0,0.0,0.0,1.0,1.0,178.0,7.0,73.0,Evil_Twin
70.0,0.0,0.0,0.0,0.0,0.0,121.0,-8.0,82.0,Evil_Twin
0.0,0.0,0.0,3.0,-1.0,0.0,34.0,-200.0,-200.0,Evil_Twin
50.0,0.0,0.0,4.0,0.0,0.0,-3.0,-200.0,-200.0,Evil_Twin
80.0,0.0,0.0,0.0,0.0,-1.0,0.0,-8.0,81.0,Evil_Twin
80.0,-2.0,0.0,0.0,0.0,0.0,178.0,-8.0,80.0,Evil_Twin
80.0,0.0,0.0,0.0,0.0,0.0,13.0,-4.0,83.0,Evil_Twin
80.0,2.0,1.0,0.0,-1.0,-1.0,37.0,-31.0,89.0,Evil_Twin
60.0,0.0,0.0,0.0,-1.0,0.0,179.0,4.0,82.0,Evil_Twin
80.0,-1.0,1.0,0.0,-1.0,-2.0,179.0,-26.0,73.0,Evil_Twin
70.0,1.0,0.0,0.0,-1.0,-1.0,0.0,-9.0,85.0,Evil_Twin
80.0,0.0,0.0,0.0,0.0,0.0,169.0,-19.0,83.0,Evil_Twin
70.0,2.0,0.0,0.0,-1.0,-1.0,0.0,25.0,77.0,Evil_Twin
80.0,0.0,0.0,0.0,0.0,0.0,0.0,-9.0,87.0,Evil_Twin
70.0,0.0,0.0,0.0,0.0,0.0,97.0,-14.0,84.0,Evil_Twin
70.0,0.0,0.0,0.0,0.0,0.0,178.0,1.0,81.0,Evil_Twin
80.0,0.0,0.0,0.0,0.0,0.0,116.0,-17.0,83.0,Evil_Twin
70.0,0.0,0.0,0.0,-1.0,0.0,0.0,-18.0,84.0,Evil_Twin
80.0,0.0,0.0,0.0,0.0,0.0,144.0,-9.0,82.0,Evil_Twin
60.0,0.0,0.0,0.0,0.0,0.0,174.0,-3.0,82.0,Evil_Twin
80.0,2.0,0.0,0.0,-1.0,0.0,0.0,-13.0,82.0,Evil_Twin
80.0,0.0,0.0,0.0,0.0,-1.0,21.0,-8.0,85.0,Evil_Twin
70.0,1.0,0.0,0.0,-1.0,-1.0,0.0,9.0,81.0,Evil_Twin
80.0,0.0,0.0,0.0,0.0,0.0,24.0,-8.0,82.0,Evil_Twin
60.0,-2.0,0.0,0.0,-1.0,-1.0,178.0,-20.0,84.0,Evil_Twin
80.0,0.0,0.0,0.0,0.0,0.0,178.0,-21.0,82.0,Evil_Twin
60.0,0.0,0.0,0.0,0.0,0.0,154.0,-8.0,78.0,Evil_Twin
0.0,0.0,0.0,3.0,-1.0,0.0,-1.0,-200.0,-200.0,Evil_Twin
80.0,0.0,0.0,0.0,0.0,0.0,178.0,-19.0,87.0,Evil_Twin
70.0,0.0,0.0,0.0,0.0,0.0,0.0,-4.0,83.0,Evil_Twin
80.0,0.0,0.0,0.0,-1.0,0.0,-144.0,8.0,81.0,Evil_Twin
80.0,2.0,0.0,0.0,-1.0,0.0,0.0,-8.0,83.0,Evil_Twin
80.0,0.0,0.0,0.0,0.0,0.0,178.0,-21.0,81.0,Evil_Twin
60.0,0.0,0.0,0.0,0.0,0.0,-170.0,8.0,78.0,Evil_Twin
80.0,-3.0,-2.0,0.0,0.0,-1.0,0.0,35.0,81.0,Evil_Twin
60.0,2.0,0.0,0.0,-1.0,0.0,0.0,-1.0,75.0,Evil_Twin
80.0,2.0,1.0,0.0,-1.0,-1.0,-144.0,16.0,84.0,Evil_Twin
70.0,3.0,0.0,0.0,0.0,0.0,0.0,8.0,81.0,Evil_Twin
70.0,1.0,-1.0,0.0,-1.0,-1.0,0.0,-8.0,83.0,Evil_Twin
80.0,2.0,0.0,0.0,-1.0,-1.0,0.0,14.0,81.0,Evil_Twin
80.0,0.0,0.0,0.0,0.0,0.0,126.0,-18.0,84.0,Evil_Twin
80.0,2.0,0.0,0.0,-1.0,-1.0,37.0,-26.0,94.0,Evil_Twin
80.0,0.0,0.0,0.0,0.0,0.0,178.0,-14.0,85.0,Evil_Twin
10.0,0.0,0.0,4.0,0.0,0.0,-2.0,-200.0,-200.0,Evil_Twin
70.0,3.0,0.0,0.0,1.0,0.0,0.0,-9.0,82.0,Evil_Twin
70.0,2.0,0.0,0.0,-2.0,-1.0,0.0,26.0,81.0,Evil_Twin
60.0,0.0,0.0,0.0,0.0,0.0,124.0,-5.0,79.0,Evil_Twin
80.0,-3.0,0.0,0.0,1.0,0.0,179.0,-13.0,83.0,Evil_Twin
80.0,0.0,0.0,0.0,0.0,0.0,0.0,-3.0,83.0,Evil_Twin
80.0,2.0,0.0,0.0,-1.0,-1.0,0.0,27.0,77.0,Evil_Twin
70.0,1.0,-1.0,0.0,0.0,0.0,0.0,-10.0,81.0,Evil_Twin
70.0,0.0,-1.0,0.0,0.0,0.0,178.0,-9.0,82.0,Evil_Twin
60.0,0.0,0.0,0.0,-1.0,0.0,0.0,-14.0,83.0,Evil_Twin
60.0,0.0,1.0,0.0,0.0,-1.0,178.0,8.0,83.0,Evil_Twin
60.0,2.0,0.0,0.0,-1.0,-1.0,0.0,-25.0,90.0,Evil_Twin
60.0,0.0,0.0,0.0,0.0,0.0,48.0,-4.0,83.0,Evil_Twin
80.0,0.0,-1.0,0.0,0.0,0.0,37.0,-10.0,82.0,Evil_Twin
60.0,-2.0,0.0,0.0,-1.0,-1.0,178.0,18.0,83.0,Evil_Twin
80.0,0.0,0.0,0.0,0.0,0.0,167.0,-4.0,82.0,Evil_Twin
60.0,0.0,0.0,0.0,-1.0,0.0,0.0,-3.0,81.0,Evil_Twin
80.0,4.0,-2.0,0.0,-3.0,-2.0,0.0,33.0,63.0,Evil_Twin
60.0,0.0,0.0,0.0,-1.0,0.0,0.0,1.0,78.0,Evil_Twin
60.0,0.0,0.0,0.0,0.0,0.0,59.0,5.0,83.0,Evil_Twin
80.0,0.0,0.0,0.0,-1.0,-2.0,0.0,18.0,80.0,Evil_Twin
70.0,0.0,0.0,0.0,0.0,0.0,0.0,-8.0,85.0,Evil_Twin
70.0,0.0,0.0,0.0,0.0,0.0,0.0,-6.0,82.0,Evil_Twin
80.0,0.0,0.0,0.0,0.0,0.0,0.0,-11.0,83.0,Evil_Twin
80.0,1.0,-1.0,0.0,0.0,0.0,0.0,-11.0,84.0,Evil_Twin
60.0,0.0,0.0,0.0,0.0,0.0,0.0,-4.0,82.0,Evil_Twin
70.0,1.0,0.0,0.0,-9.0,0.0,0.0,-18.0,81.0,Evil_Twin
80.0,0.0,0.0,0.0,0.0,0.0,-106.0,4.0,85.0,Evil_Twin
60.0,1.0,-1.0,0.0,-4.0,-5.0,0.0,-28.0,81.0,Evil_Twin
60.0,0.0,0.0,0.0,1.0,0.0,0.0,-6.0,81.0,Evil_Twin
0.0,0.0,0.0,4.0,0.0,0.0,-3.0,-200.0,-200.0,Evil_Twin
80.0,1.0,-1.0,0.0,-1.0,-2.0,0.0,9.0,85.0,Evil_Twin
80.0,0.0,0.0,0.0,0.0,0.0,0.0,-3.0,83.0,Evil_Twin
70.0,-4.0,0.0,0.0,-4.0,0.0,178.0,-13.0,78.0,Evil_Twin
80.0,0.0,0.0,0.0,0.0,0.0,0.0,-5.0,84.0,Evil_Twin
100.0,0.0,0.0,1.0,0.0,0.0,0.0,3.0,104.0,Evil_Twin
70.0,0.0,0.0,0.0,0.0,0.0,1.0,-21.0,82.0,Evil_Twin
80.0,2.0,0.0,0.0,-1.0,-1.0,0.0,-22.0,85.0,Evil_Twin
60.0,0.0,0.0,0.0,-2.0,-1.0,0.0,-7.0,82.0,Evil_Twin
80.0,2.0,0.0,0.0,-2.0,0.0,0.0,11.0,84.0,Evil_Twin
0.0,0.0,0.0,0.0,0.0,1.0,-8.0,-200.0,-200.0,Evil_Twin
80.0,2.0,0.0,0.0,-1.0,-1.0,0.0,-29.0,80.0,Evil_Twin
60.0,1.0,-1.0,0.0,0.0,-1.0,0.0,-28.0,80.0,Evil_Twin
80.0,-2.0,0.0,0.0,0.0,0.0,178.0,-9.0,82.0,Evil_Twin
80.0,0.0,0.0,0.0,0.0,0.0,-143.0,19.0,81.0,Evil_Twin
80.0,0.0,0.0,0.0,0.0,0.0,0.0,-6.0,81.0,Evil_Twin
80.0,0.0,0.0,0.0,0.0,0.0,0.0,-4.0,85.0,Evil_Twin
60.0,0.0,0.0,2.0,0.0,0.0,-3.0,-200.0,-200.0,Evil_Twin
70.0,0.0,0.0,0.0,-1.0,0.0,0.0,-9.0,82.0,Evil_Twin
70.0,-2.0,0.0,0.0,-1.0,0.0,178.0,-40.0,67.0,Evil_Twin
80.0,0.0,0.0,0.0,-1.0,0.0,0.0,-12.0,85.0,Evil_Twin
70.0,0.0,0.0,0.0,0.0,-1.0,0.0,5.0,81.0,Evil_Twin
60.0,1.0,-1.0,0.0,0.0,-1.0,0.0,22.0,86.0,Evil_Twin
70.0,0.0,0.0,0.0,0.0,0.0,178.0,0.0,82.0,Evil_Twin
80.0,0.0,0.0,0.0,0.0,0.0,89.0,-8.0,83.0,Evil_Twin
70.0,2.0,0.0,0.0,1.0,0.0,178.0,-2.0,82.0,Evil_Twin
70.0,0.0,0.0,0.0,-1.0,0.0,0.0,-14.0,83.0,Evil_Twin
80.0,0.0,0.0,0.0,0.0,-1.0,0.0,-11.0,88.0,Evil_Twin
70.0,1.0,-1.0,0.0,0.0,-1.0,0.0,0.0,82.0,Evil_Twin
80.0,-1.0,1.0,0.0,0.0,-1.0,178.0,-9.0,82.0,Evil_Twin
80.0,0.0,0.0,0.0,0.0,0.0,-2.0,9.0,80.0,Evil_Twin
70.0,2.0,0.0,0.0,-1.0,-1.0,0.0,-35.0,76.0,Evil_Twin
80.0,-2.0,0.0,0.0,-1.0,0.0,175.0,2.0,88.0,Evil_Twin
70.0,1.0,0.0,0.0,3.0,1.0,0.0,11.0,79.0,Evil_Twin
70.0,0.0,0.0,-1.0,0.0,0.0,0.0,0.0,74.0,Evil_Twin
70.0,0.0,0.0,0.0,0.0,-1.0,178.0,-3.0,79.0,Evil_Twin
60.0,2.0,0.0,0.0,-1.0,-1.0,0.0,-28.0,73.0,Evil_Twin
80.0,2.0,0.0,0.0,-1.0,-1.0,0.0,-16.0,89.0,Evil_Twin
80.0,0.0,1.0,0.0,0.0,0.0,178.0,-15.0,84.0,Evil_Twin
80.0,0.0,0.0,0.0,0.0,0.0,37.0,-7.0,83.0,Evil_Twin
80.0,2.0,1.0,0.0,-1.0,-1.0,37.0,-31.0,89.0,Evil_Twin
60.0,2.0,-1.0,0.0,-1.0,-1.0,0.0,-23.0,88.0,Evil_Twin
70.0,2.0,0.0,0.0,0.0,0.0,178.0,8.0,80.0,Evil_Twin
70.0,-2.0,0.0,0.0,-1.0,0.0,178.0,-20.0,80.0,Evil_Twin
70.0,-2.0,0.0,0.0,-1.0,0.0,178.0,-21.0,77.0,Evil_Twin
90.0,0.0,0.0,-1.0,0.0,0.0,0.0,0.0,96.0,Evil_Twin
80.0,2.0,0.0,0.0,-1.0,-1.0,0.0,21.0,81.0,Evil_Twin
70.0,0.0,-1.0,0.0,0.0,0.0,0.0,-19.0,79.0,Evil_Twin
80.0,2.0,0.0,0.0,-1.0,-1.0,0.0,29.0,81.0,Evil_Twin
60.0,0.0,0.0,0.0,0.0,0.0,178.0,-3.0,79.0,Evil_Twin
80.0,0.0,0.0,0.0,0.0,0.0,72.0,-11.0,84.0,Evil_Twin
80.0,0.0,0.0,0.0,0.0,0.0,0.0,-2.0,83.0,Evil_Twin
80.0,0.0,0.0,0.0,-4.0,-5.0,0.0,-29.0,79.0,Evil_Twin
80.0,0.0,0.0,0.0,0.0,-1.0,90.0,-13.0,85.0,Evil_Twin
70.0,0.0,0.0,0.0,0.0,-1.0,0.0,-7.0,80.0,Evil_Twin
80.0,0.0,0.0,0.0,0.0,0.0,-89.0,5.0,81.0,Evil_Twin
80.0,0.0,0.0,0.0,0.0,0.0,120.0,-13.0,83.0,Evil_Twin
60.0,3.0,0.0,0.0,-8.0,0.0,0.0,4.0,82.0,Evil_Twin
80.0,2.0,0.0,0.0,-1.0,-1.0,0.0,12.0,84.0,Evil_Twin
90.0,0.0,0.0,1.0,0.0,0.0,37.0,-18.0,92.0,Evil_Twin
70.0,0.0,0.0,0.0,0.0,0.0,99.0,-11.0,80.0,Evil_Twin
60.0,-2.0,0.0,0.0,-1.0,-1.0,178.0,25.0,80.0,Evil_Twin
70.0,1.0,0.0,0.0,-6.0,-1.0,0.0,5.0,79.0,Evil_Twin
90.0,0.0,0.0,-1.0,0.0,-1.0,37.0,-22.0,95.0,Evil_Twin
80.0,1.0,-2.0,0.0,-1.0,-1.0,0.0,-20.0,82.0,Evil_Twin
70.0,2.0,0.0,0.0,-1.0,-1.0,0.0,-7.0,76.0,Evil_Twin
70.0,0.0,0.0,0.0,0.0,0.0,-3.0,-200.0,-200.0,Evil_Twin
100.0,0.0,0.0,-1.0,0.0,0.0,178.0,-6.0,102.0,Evil_Twin
110.0,0.0,0.0,0.0,0.0,0.0,0.0,18.0,112.0,Evil_Twin
60.0,0.0,0.0,0.0,0.0,0.0,-138.0,-4.0,82.0,Evil_Twin
70.0,0.0,0.0,0.0,0.0,0.0,178.0,-3.0,81.0,Evil_Twin
80.0,0.0,0.0,0.0,0.0,0.0,0.0,-4.0,82.0,Evil_Twin
80.0,0.0,0.0,0.0,0.0,0.0,178.0,-2.0,81.0,Evil_Twin
80.0,-2.0,0.0,0.0,-1.0,0.0,178.0,-25.0,83.0,Evil_Twin
70.0,0.0,0.0,0.0,-1.0,0.0,0.0,-11.0,85.0,Evil_Twin
70.0,-1.0,0.0,0.0,-1.0,0.0,178.0,-5.0,81.0,Evil_Twin
30.0,0.0,0.0,4.0,0.0,0.0,-6.0,-200.0,-200.0,Evil_Twin
80.0,0.0,0.0,0.0,0.0,0.0,113.0,-12.0,82.0,Evil_Twin
60.0,2.0,0.0,0.0,-1.0,-1.0,0.0,21.0,77.0,Evil_Twin
60.0,1.0,0.0,0.0,0.0,0.0,0.0,-4.0,78.0,Evil_Twin
70.0,0.0,0.0,0.0,0.0,0.0,55.0,8.0,82.0,Evil_Twin
80.0,0.0,0.0,0.0,-1.0,0.0,2.0,-21.0,85.0,Evil_Twin
70.0,2.0,-1.0,0.0,-1.0,-1.0,0.0,32.0,80.0,Evil_Twin
70.0,0.0,0.0,0.0,0.0,0.0,178.0,-12.0,83.0,Evil_Twin
70.0,0.0,0.0,0.0,0.0,0.0,-117.0,-2.0,81.0,Evil_Twin
70.0,0.0,0.0,0.0,0.0,0.0,-6.0,0.0,78.0,Evil_Twin
80.0,1.0,-1.0,0.0,-1.0,0.0,0.0,-17.0,82.0,Evil_Twin
80.0,1.0,0.0,0.0,0.0,0.0,0.0,9.0,81.0,Evil_Twin
80.0,-2.0,1.0,0.0,0.0,-1.0,178.0,-31.0,68.0,Evil_Twin
80.0,0.0,0.0,0.0,1.0,0.0,140.0,-20.0,82.0,Evil_Twin
80.0,0.0,0.0,0.0,0.0,0.0,-89.0,-3.0,83.0,Evil_Twin
60.0,2.0,0.0,0.0,-1.0,0.0,0.0,-1.0,75.0,Evil_Twin
80.0,2.0,-1.0,0.0,-1.0,-1.0,0.0,-13.0,84.0,Evil_Twin
80.0,0.0,0.0,0.0,0.0,0.0,175.0,-17.0,80.0,Evil_Twin
80.0,0.0,0.0,0.0,0.0,0.0,159.0,-30.0,78.0,Evil_Twin
80.0,0.0,0.0,0.0,0.0,0.0,-144.0,-12.0,83.0,Evil_Twin
60.0,0.0,0.0,0.0,0.0,0.0,178.0,-12.0,77.0,Evil_Twin
80.0,3.0,0.0,0.0,0.0,0.0,0.0,18.0,84.0,Evil_Twin
80.0,0.0,0.0,0.0,-1.0,0.0,0.0,-11.0,82.0,Evil_Twin
80.0,0.0,0.0,0.0,0.0,0.0,0.0,-9.0,83.0,Evil_Twin
80.0,0.0,0.0,0.0,-2.0,-2.0,0.0,-13.0,80.0,Evil_Twin
80.0,0.0,0.0,0.0,0.0,-1.0,33.0,-20.0,85.0,Evil_Twin
80.0,0.0,0.0,0.0,-1.0,0.0,0.0,-7.0,82.0,Evil_Twin
70.0,0.0,-1.0,0.0,-1.0,0.0,0.0,7.0,80.0,Evil_Twin
60.0,0.0,1.0,0.0,0.0,-1.0,179.0,-7.0,81.0,Evil_Twin
60.0,0.0,2.0,0.0,0.0,0.0,0.0,-8.0,80.0,Evil_Twin
80.0,2.0,0.0,0.0,-1.0,-1.0,0.0,-35.0,83.0,Evil_Twin
80.0,0.0,0.0,0.0,0.0,0.0,31.0,-8.0,83.0,Evil_Twin
60.0,-4.0,0.0,0.0,1.0,0.0,177.0,-10.0,81.0,Evil_Twin
60.0,0.0,-1.0,0.0,0.0,-1.0,0.0,-13.0,86.0,Evil_Twin
70.0,0.0,0.0,0.0,0.0,0.0,0.0,-11.0,86.0,Evil_Twin
70.0,4.0,0.0,0.0,0.0,0.0,0.0,-13.0,82.0,Evil_Twin
80.0,0.0,0.0,0.0,0.0,0.0,-117.0,4.0,83.0,Evil_Twin
80.0,4.0,0.0,0.0,0.0,0.0,0.0,-12.0,84.0,Evil_Twin
80.0,-2.0,0.0,0.0,-1.0,0.0,178.0,-3.0,83.0,Evil_Twin
100.0,0.0,0.0,1.0,0.0,0.0,0.0,-8.0,111.0,Evil_Twin
80.0,1.0,0.0,0.0,0.0,0.0,0.0,-7.0,83.0,Evil_Twin
60.0,-2.0,0.0,0.0,-1.0,-1.0,178.0,17.0,86.0,Evil_Twin
80.0,-2.0,0.0,0.0,-1.0,0.0,178.0,-6.0,78.0,Evil_Twin
80.0,0.0,0.0,0.0,0.0,0.0,0.0,-6.0,82.0,Evil_Twin
60.0,0.0,0.0,4.0,0.0,0.0,-3.0,-200.0,-200.0,Evil_Twin
70.0,0.0,0.0,0.0,1.0,0.0,0.0,-5.0,84.0,Evil_Twin
70.0,-2.0,0.0,0.0,0.0,0.0,174.0,2.0,81.0,Evil_Twin
70.0,0.0,0.0,0.0,-7.0,0.0,178.0,-9.0,84.0,Evil_Twin
50.0,0.0,0.0,0.0,0.0,0.0,-5.0,-1.0,78.0,Evil_Twin
80.0,0.0,0.0,0.0,-7.0,-2.0,178.0,11.0,85.0,Evil_Twin
80.0,0.0,-1.0,0.0,-1.0,0.0,1.0,-9.0,79.0,Evil_Twin
70.0,0.0,0.0,0.0,0.0,0.0,-3.0,-200.0,-200.0,Evil_Twin
60.0,-2.0,0.0,0.0,-1.0,0.0,177.0,-4.0,79.0,Evil_Twin
70.0,2.0,0.0,0.0,-1.0,-1.0,0.0,30.0,73.0,Evil_Twin
80.0,1.0,0.0,0.0,0.0,-1.0,0.0,-8.0,82.0,Evil_Twin
80.0,0.0,0.0,0.0,0.0,0.0,-2.0,9.0,80.0,Evil_Twin
70.0,0.0,0.0,0.0,0.0,0.0,-18.0,0.0,82.0,Evil_Twin
70.0,2.0,0.0,0.0,-8.0,0.0,0.0,-22.0,86.0,Evil_Twin
60.0,0.0,0.0,0.0,-1.0,1.0,0.0,-4.0,82.0,Evil_Twin
70.0,0.0,0.0,0.0,0.0,0.0,178.0,13.0,80.0,Evil_Twin
70.0,-2.0,0.0,0.0,-1.0,0.0,178.0,-8.0,82.0,Evil_Twin
90.0,0.0,0.0,-2.0,0.0,-1.0,0.0,16.0,91.0,Evil_Twin
80.0,0.0,-1.0,0.0,-1.0,0.0,1.0,-11.0,84.0,Evil_Twin
80.0,1.0,0.0,0.0,0.0,0.0,0.0,-7.0,83.0,Evil_Twin
80.0,0.0,0.0,0.0,0.0,0.0,0.0,-11.0,83.0,Evil_Twin
60.0,0.0,0.0,0.0,0.0,0.0,178.0,4.0,81.0,Evil_Twin
70.0,0.0,0.0,0.0,0.0,0.0,-34.0,-1.0,80.0,Evil_Twin
70.0,0.0,0.0,0.0,-1.0,0.0,0.0,-11.0,84.0,Evil_Twin
70.0,-1.0,1.0,0.0,-1.0,-1.0,178.0,-27.0,80.0,Evil_Twin
80.0,0.0,0.0,0.0,0.0,0.0,0.0,-8.0,82.0,Evil_Twin
80.0,2.0,0.0,0.0,-1.0,-1.0,0.0,27.0,82.0,Evil_Twin
60.0,0.0,0.0,0.0,0.0,0.0,-4.0,0.0,82.0,Evil_Twin
70.0,2.0,0.0,0.0,-8.0,0.0,0.0,12.0,79.0,Evil_Twin
80.0,-2.0,0.0,0.0,-1.0,0.0,178.0,-15.0,79.0,Evil_Twin
70.0,4.0,0.0,0.0,0.0,0.0,0.0,14.0,83.0,Evil_Twin
70.0,0.0,0.0,1.0,0.0,0.0,178.0,7.0,96.0,Evil_Twin
80.0,0.0,0.0,0.0,-2.0,-3.0,178.0,-19.0,84.0,Evil_Twin
80.0,-2.0,0.0,0.0,-1.0,0.0,178.0,11.0,81.0,Evil_Twin
70.0,0.0,0.0,0.0,0.0,0.0,0.0,-6.0,84.0,Evil_Twin
80.0,2.0,0.0,0.0,-1.0,-1.0,0.0,-15.0,94.0,Evil_Twin
60.0,0.0,0.0,0.0,0.0,0.0,114.0,-11.0,83.0,Evil_Twin
70.0,-1.0,0.0,0.0,-6.0,0.0,178.0,-11.0,80.0,Evil_Twin
80.0,0.0,0.0,0.0,0.0,-1.0,90.0,-13.0,85.0,Evil_Twin
80.0,3.0,0.0,0.0,1.0,0.0,0.0,2.0,85.0,Evil_Twin
60.0,0.0,1.0,0.0,-1.0,-1.0,178.0,-15.0,83.0,Evil_Twin
70.0,0.0,0.0,0.0,0.0,0.0,0.0,6.0,82.0,Evil_Twin
70.0,1.0,0.0,0.0,-1.0,0.0,0.0,-3.0,82.0,Evil_Twin
80.0,0.0,0.0,0.0,0.0,0.0,172.0,-21.0,82.0,Evil_Twin
80.0,0.0,0.0,0.0,0.0,0.0,-7.0,13.0,85.0,Evil_Twin
60.0,0.0,-1.0,0.0,-2.0,-5.0,0.0,25.0,79.0,Evil_Twin
70.0,3.0,0.0,0.0,0.0,0.0,0.0,-13.0,86.0,Evil_Twin
80.0,0.0,0.0,0.0,0.0,0.0,0.0,-6.0,85.0,Evil_Twin
80.0,1.0,-1.0,0.0,-1.0,0.0,0.0,-7.0,84.0,Evil_Twin
80.0,3.0,0.0,0.0,5.0,-2.0,177.0,16.0,78.0,Evil_Twin
80.0,0.0,0.0,0.0,0.0,0.0,25.0,-7.0,83.0,Evil_Twin
60.0,0.0,0.0,0.0,0.0,0.0,0.0,-5.0,83.0,Evil_Twin
60.0,0.0,0.0,0.0,-9.0,0.0,0.0,-2.0,82.0,Evil_Twin
80.0,0.0,0.0,0.0,0.0,0.0,175.0,-9.0,83.0,Evil_Twin
70.0,0.0,-1.0,0.0,0.0,-1.0,178.0,-6.0,83.0,Evil_Twin
70.0,4.0,0.0,0.0,0.0,0.0,0.0,17.0,79.0,Evil_Twin
70.0,0.0,-1.0,0.0,-1.0,-1.0,0.0,-14.0,82.0,Evil_Twin
60.0,0.0,0.0,0.0,0.0,0.0,77.0,-10.0,84.0,Evil_Twin
60.0,0.0,0.0,0.0,6.0,0.0,0.0,10.0,82.0,Evil_Twin
80.0,0.0,0.0,0.0,0.0,0.0,-32.0,11.0,85.0,Evil_Twin
0.0,0.0,0.0,0.0,-1.0,0.0,0.0,-200.0,-200.0,Evil_Twin
80.0,0.0,0.0,0.0,0.0,0.0,-9.0,18.0,85.0,Evil_Twin
80.0,0.0,-2.0,0.0,0.0,-1.0,1.0,-4.0,81.0,Evil_Twin
60.0,0.0,0.0,0.0,0.0,0.0,107.0,-12.0,85.0,Evil_Twin
80.0,-4.0,0.0,0.0,-4.0,0.0,178.0,9.0,82.0,Evil_Twin
60.0,0.0,0.0,0.0,0.0,0.0,151.0,-23.0,79.0,Evil_Twin
80.0,0.0,0.0,0.0,0.0,0.0,0.0,-6.0,85.0,Evil_Twin
80.0,3.0,3.0,0.0,0.0,-2.0,-144.0,26.0,92.0,Evil_Twin
70.0,-2.0,0.0,0.0,0.0,0.0,178.0,-12.0,79.0,Evil_Twin
0.0,0.0,-1.0,0.0,-1.0,0.0,-2.0,-200.0,-200.0,Evil_Twin
60.0,0.0,0.0,0.0,0.0,0.0,-73.0,-6.0,81.0,Evil_Twin
60.0,-4.0,0.0,0.0,3.0,0.0,0.0,-1.0,75.0,Evil_Twin
80.0,-2.0,0.0,0.0,0.0,-1.0,178.0,-19.0,84.0,Evil_Twin
70.0,0.0,0.0,0.0,-1.0,-1.0,0.0,-16.0,86.0,Evil_Twin
60.0,1.0,0.0,0.0,-1.0,1.0,0.0,-7.0,84.0,Evil_Twin
70.0,0.0,-2.0,0.0,0.0,-1.0,0.0,7.0,81.0,Evil_Twin
80.0,0.0,0.0,0.0,0.0,0.0,0.0,-6.0,82.0,Evil_Twin
70.0,0.0,0.0,0.0,0.0,0.0,0.0,-6.0,81.0,Evil_Twin
60.0,0.0,-1.0,0.0,0.0,4.0,0.0,27.0,82.0,Evil_Twin
80.0,0.0,0.0,0.0,0.0,0.0,-30.0,10.0,86.0,Evil_Twin
80.0,-1.0,1.0,0.0,-1.0,-1.0,177.0,-15.0,73.0,Evil_Twin
70.0,0.0,0.0,0.0,0.0,0.0,-102.0,10.0,81.0,Evil_Twin
80.0,-2.0,-2.0,0.0,0.0,-1.0,-144.0,19.0,88.0,Evil_Twin
80.0,0.0,0.0,0.0,0.0,0.0,0.0,-6.0,84.0,Evil_Twin
80.0,0.0,-1.0,0.0,1.0,4.0,179.0,-24.0,80.0,Evil_Twin
60.0,1.0,-1.0,0.0,0.0,-1.0,0.0,-16.0,83.0,Evil_Twin
80.0,0.0,0.0,0.0,0.0,-1.0,178.0,5.0,82.0,Evil_Twin
80.0,0.0,0.0,0.0,0.0,0.0,-162.0,5.0,82.0,Evil_Twin
80.0,-2.0,1.0,0.0,-1.0,-1.0,178.0,-34.0,72.0,Evil_Twin
80.0,0.0,0.0,0.0,0.0,0.0,0.0,-2.0,83.0,Evil_Twin
80.0,0.0,0.0,0.0,0.0,3.0,178.0,13.0,81.0,Evil_Twin
80.0,2.0,0.0,0.0,-1.0,-1.0,0.0,7.0,85.0,Evil_Twin
70.0,0.0,0.0,0.0,0.0,0.0,0.0,-4.0,82.0,Evil_Twin
80.0,0.0,0.0,0.0,0.0,0.0,-3.0,-200.0,-200.0,Evil_Twin
70.0,0.0,0.0,0.0,-1.0,0.0,0.0,-16.0,80.0,Evil_Twin
70.0,1.0,-1.0,0.0,-1.0,-1.0,0.0,20.0,78.0,Evil_Twin
80.0,0.0,0.0,0.0,0.0,0.0,0.0,0.0,86.0,Evil_Twin
80.0,0.0,-1.0,0.0,0.0,0.0,0.0,3.0,80.0,Evil_Twin
70.0,0.0,0.0,0.0,0.0,0.0,-51.0,2.0,83.0,Evil_Twin
80.0,-3.0,0.0,0.0,1.0,0.0,178.0,10.0,84.0,Evil_Twin
60.0,0.0,0.0,0.0,0.0,0.0,174.0,-3.0,81.0,Evil_Twin
60.0,0.0,0.0,4.0,0.0,0.0,-3.0,-200.0,-200.0,Evil_Twin
20.0,0.0,0.0,4.0,0.0,0.0,-3.0,-200.0,-200.0,Evil_Twin
60.0,-2.0,0.0,0.0,0.0,0.0,178.0,0.0,86.0,Evil_Twin
80.0,0.0,0.0,0.0,0.0,0.0,-1.0,-200.0,-200.0,Evil_Twin
70.0,0.0,0.0,0.0,0.0,0.0,-51.0,2.0,83.0,Evil_Twin
80.0,2.0,0.0,0.0,-1.0,0.0,0.0,-1.0,83.0,Evil_Twin
70.0,0.0,0.0,0.0,0.0,0.0,178.0,-9.0,84.0,Evil_Twin
80.0,0.0,0.0,0.0,0.0,0.0,178.0,-14.0,84.0,Evil_Twin
80.0,1.0,-1.0,0.0,-1.0,0.0,0.0,-16.0,82.0,Evil_Twin
80.0,-2.0,0.0,0.0,0.0,0.0,178.0,11.0,82.0,Evil_Twin
50.0,0.0,0.0,0.0,0.0,0.0,-47.0,-5.0,77.0,Evil_Twin
70.0,0.0,0.0,0.0,0.0,-1.0,178.0,-11.0,83.0,Evil_Twin
70.0,1.0,-1.0,0.0,0.0,0.0,0.0,-6.0,83.0,Evil_Twin
80.0,1.0,-1.0,0.0,-1.0,-1.0,0.0,18.0,81.0,Evil_Twin
60.0,0.0,0.0,0.0,0.0,0.0,178.0,-4.0,84.0,Evil_Twin
70.0,2.0,0.0,0.0,-1.0,0.0,0.0,-19.0,83.0,Evil_Twin
70.0,0.0,0.0,3.0,0.0,0.0,34.0,-200.0,-200.0,Evil_Twin
70.0,-3.0,0.0,0.0,1.0,0.0,178.0,0.0,82.0,Evil_Twin
80.0,0.0,0.0,0.0,0.0,4.0,1.0,16.0,80.0,Evil_Twin
80.0,0.0,0.0,0.0,0.0,0.0,-42.0,15.0,85.0,Evil_Twin
80.0,0.0,0.0,0.0,0.0,0.0,0.0,-5.0,84.0,Evil_Twin
70.0,0.0,0.0,0.0,-1.0,0.0,0.0,-20.0,84.0,Evil_Twin
60.0,0.0,0.0,0.0,0.0,0.0,0.0,-5.0,84.0,Evil_Twin
70.0,0.0,0.0,0.0,0.0,0.0,179.0,8.0,84.0,Evil_Twin
70.0,-2.0,0.0,0.0,-1.0,0.0,178.0,4.0,78.0,Evil_Twin
80.0,0.0,0.0,0.0,0.0,0.0,178.0,5.0,80.0,Evil_Twin
30.0,0.0,0.0,4.0,0.0,0.0,-2.0,-200.0,-200.0,Evil_Twin
60.0,-1.0,1.0,0.0,0.0,-2.0,178.0,28.0,69.0,Evil_Twin
80.0,0.0,0.0,0.0,0.0,-1.0,1.0,-15.0,86.0,Evil_Twin
80.0,0.0,0.0,0.0,0.0,0.0,0.0,-32.0,69.0,Evil_Twin
80.0,0.0,0.0,0.0,-4.0,-3.0,0.0,20.0,80.0,Evil_Twin
70.0,-1.0,0.0,0.0,4.0,0.0,178.0,13.0,81.0,Evil_Twin
80.0,0.0,0.0,0.0,0.0,0.0,71.0,-7.0,83.0,Evil_Twin
60.0,-2.0,0.0,0.0,0.0,0.0,177.0,-5.0,83.0,Evil_Twin
60.0,0.0,0.0,0.0,0.0,0.0,0.0,1.0,79.0,Evil_Twin
40.0,0.0,0.0,4.0,0.0,0.0,-2.0,-200.0,-200.0,Evil_Twin
70.0,0.0,0.0,0.0,0.0,0.0,-1.0,-200.0,-200.0,Evil_Twin
70.0,0.0,0.0,-1.0,0.0,0.0,0.0,0.0,74.0,Evil_Twin
60.0,0.0,0.0,0.0,0.0,0.0,0.0,6.0,80.0,Evil_Twin
80.0,0.0,0.0,0.0,-1.0,-1.0,1.0,-15.0,85.0,Evil_Twin
80.0,0.0,0.0,0.0,0.0,0.0,179.0,4.0,81.0,Evil_Twin
70.0,0.0,0.0,0.0,-1.0,0.0,0.0,-16.0,83.0,Evil_Twin
80.0,0.0,0.0,0.0,0.0,0.0,0.0,-10.0,86.0,Evil_Twin
80.0,0.0,0.0,0.0,0.0,0.0,0.0,-5.0,84.0,Evil_Twin
60.0,1.0,-1.0,0.0,-1.0,0.0,0.0,-7.0,83.0,Evil_Twin
80.0,0.0,0.0,0.0,0.0,0.0,0.0,-2.0,86.0,Evil_Twin
80.0,0.0,0.0,0.0,-3.0,-1.0,178.0,11.0,83.0,Evil_Twin
80.0,0.0,0.0,0.0,0.0,0.0,0.0,-5.0,84.0,Evil_Twin
70.0,0.0,0.0,0.0,0.0,0.0,0.0,-11.0,83.0,Evil_Twin
60.0,2.0,0.0,0.0,-1.0,-1.0,0.0,-8.0,78.0,Evil_Twin
80.0,-1.0,1.0,0.0,-1.0,-1.0,179.0,-20.0,81.0,Evil_Twin
110.0,0.0,0.0,0.0,0.0,0.0,0.0,15.0,117.0,Evil_Twin
80.0,1.0,0.0,0.0,0.0,-1.0,1.0,10.0,81.0,Evil_Twin
80.0,0.0,0.0,0.0,0.0,0.0,0.0,-2.0,82.0,Evil_Twin
80.0,0.0,0.0,0.0,0.0,0.0,-3.0,13.0,85.0,Evil_Twin
70.0,0.0,0.0,0.0,0.0,0.0,178.0,-5.0,86.0,Evil_Twin
80.0,2.0,0.0,0.0,-1.0,0.0,0.0,-22.0,89.0,Evil_Twin
60.0,0.0,0.0,0.0,0.0,0.0,154.0,-8.0,78.0,Evil_Twin
80.0,-2.0,0.0,0.0,-1.0,0.0,178.0,-17.0,84.0,Evil_Twin
70.0,0.0,0.0,0.0,0.0,0.0,0.0,-2.0,85.0,Evil_Twin
60.0,0.0,0.0,0.0,0.0,0.0,27.0,-4.0,81.0,Evil_Twin
70.0,-2.0,0.0,0.0,0.0,0.0,178.0,4.0,80.0,Evil_Twin
70.0,0.0,0.0,0.0,0.0,-1.0,178.0,8.0,83.0,Evil_Twin
80.0,1.0,0.0,0.0,-1.0,0.0,1.0,-6.0,83.0,Evil_Twin
80.0,-2.0,0.0,0.0,-1.0,0.0,179.0,-3.0,79.0,Evil_Twin
80.0,0.0,0.0,0.0,2.0,0.0,0.0,12.0,83.0,Evil_Twin
80.0,2.0,0.0,0.0,-1.0,0.0,0.0,-14.0,96.0,Evil_Twin
80.0,4.0,0.0,0.0,0.0,0.0,178.0,-7.0,79.0,Evil_Twin
0.0,0.0,0.0,3.0,0.0,0.0,-2.0,-200.0,-200.0,Evil_Twin
70.0,1.0,0.0,0.0,-1.0,-1.0,0.0,10.0,77.0,Evil_Twin
80.0,-4.0,0.0,0.0,1.0,0.0,179.0,-5.0,81.0,Evil_Twin
70.0,0.0,0.0,0.0,0.0,0.0,178.0,-8.0,83.0,Evil_Twin
60.0,0.0,-1.0,0.0,0.0,0.0,0.0,8.0,81.0,Evil_Twin
60.0,0.0,0.0,0.0,-1.0,0.0,178.0,-2.0,82.0,Evil_Twin
80.0,-2.0,0.0,0.0,-1.0,0.0,178.0,13.0,83.0,Evil_Twin
80.0,0.0,0.0,0.0,-5.0,0.0,178.0,-7.0,85.0,Evil_Twin
80.0,4.0,0.0,0.0,0.0,0.0,0.0,-12.0,84.0,Evil_Twin
80.0,0.0,0.0,0.0,0.0,0.0,178.0,-9.0,84.0,Evil_Twin
80.0,0.0,0.0,0.0,0.0,0.0,-3.0,-200.0,-200.0,Evil_Twin
60.0,0.0,-1.0,0.0,-1.0,-1.0,0.0,24.0,78.0,Evil_Twin
80.0,0.0,0.0,0.0,0.0,0.0,0.0,6.0,81.0,Evil_Twin
80.0,1.0,0.0,0.0,0.0,0.0,178.0,-1.0,81.0,Evil_Twin
80.0,0.0,0.0,0.0,0.0,0.0,0.0,-9.0,87.0,Evil_Twin
60.0,0.0,0.0,0.0,1.0,0.0,177.0,-5.0,79.0,Evil_Twin
60.0,2.0,0.0,0.0,-1.0,0.0,0.0,0.0,78.0,Evil_Twin
70.0,0.0,0.0,0.0,0.0,0.0,178.0,-2.0,81.0,Evil_Twin
100.0,0.0,0.0,0.0,0.0,0.0,0.0,0.0,121.0,Evil_Twin
80.0,0.0,0.0,0.0,0.0,-1.0,0.0,-16.0,89.0,Evil_Twin
100.0,0.0,0.0,1.0,0.0,0.0,178.0,-15.0,116.0,Evil_Twin
70.0,0.0,-1.0,0.0,0.0,4.0,0.0,-4.0,83.0,Evil_Twin
70.0,0.0,0.0,0.0,0.0,0.0,178.0,13.0,80.0,Evil_Twin
80.0,0.0,0.0,0.0,0.0,0.0,-9.0,15.0,86.0,Evil_Twin
80.0,-1.0,0.0,0.0,0.0,0.0,178.0,-4.0,81.0,Evil_Twin
80.0,0.0,0.0,0.0,0.0,0.0,0.0,7.0,81.0,Evil_Twin
80.0,0.0,-1.0,0.0,-2.0,2.0,37.0,-26.0,94.0,Evil_Twin
70.0,0.0,0.0,0.0,-2.0,0.0,178.0,7.0,82.0,Evil_Twin
80.0,0.0,-1.0,0.0,0.0,1.0,178.0,-12.0,78.0,Evil_Twin
80.0,1.0,0.0,0.0,-1.0,0.0,0.0,-11.0,83.0,Evil_Twin
70.0,1.0,0.0,0.0,0.0,0.0,0.0,-6.0,83.0,Evil_Twin
60.0,1.0,0.0,0.0,0.0,0.0,177.0,-9.0,80.0,Evil_Twin
60.0,4.0,0.0,0.0,1.0,0.0,0.0,-7.0,80.0,Evil_Twin
80.0,2.0,-1.0,0.0,-1.0,-1.0,0.0,-11.0,91.0,Evil_Twin
70.0,0.0,0.0,0.0,0.0,0.0,91.0,-8.0,82.0,Evil_Twin
80.0,0.0,0.0,0.0,0.0,0.0,0.0,0.0,85.0,Evil_Twin
80.0,0.0,0.0,0.0,-1.0,0.0,0.0,-1.0,85.0,Evil_Twin
0.0,0.0,0.0,2.0,-1.0,0.0,-2.0,-200.0,-200.0,Evil_Twin
80.0,0.0,0.0,0.0,0.0,0.0,178.0,5.0,81.0,Evil_Twin
70.0,0.0,0.0,0.0,0.0,0.0,178.0,-9.0,84.0,Evil_Twin
70.0,0.0,0.0,0.0,1.0,1.0,0.0,-3.0,84.0,Evil_Twin
80.0,0.0,0.0,0.0,0.0,-1.0,-127.0,6.0,84.0,Evil_Twin
70.0,0.0,0.0,0.0,-1.0,-1.0,0.0,5.0,80.0,Evil_Twin
80.0,0.0,0.0,0.0,0.0,0.0,-179.0,2.0,82.0,Evil_Twin
80.0,-2.0,0.0,0.0,0.0,-1.0,178.0,-17.0,82.0,Evil_Twin
80.0,1.0,-1.0,0.0,0.0,0.0,0.0,9.0,81.0,Evil_Twin
80.0,2.0,0.0,0.0,-1.0,-1.0,1.0,-37.0,82.0,Evil_Twin
70.0,-2.0,0.0,0.0,-1.0,0.0,178.0,2.0,78.0,Evil_Twin
80.0,-2.0,0.0,0.0,-1.0,-1.0,178.0,-14.0,85.0,Evil_Twin
70.0,0.0,0.0,0.0,0.0,0.0,0.0,-3.0,86.0,Evil_Twin
80.0,0.0,0.0,0.0,0.0,0.0,0.0,-4.0,85.0,Evil_Twin
60.0,0.0,0.0,0.0,0.0,0.0,-119.0,4.0,80.0,Evil_Twin
80.0,-2.0,0.0,0.0,0.0,0.0,178.0,17.0,80.0,Evil_Twin
60.0,-2.0,0.0,0.0,0.0,0.0,177.0,-2.0,82.0,Evil_Twin
80.0,0.0,1.0,0.0,0.0,-1.0,178.0,6.0,81.0,Evil_Twin
80.0,0.0,0.0,0.0,-8.0,0.0,178.0,-6.0,83.0,Evil_Twin
80.0,0.0,0.0,0.0,0.0,0.0,178.0,-3.0,80.0,Evil_Twin
80.0,-2.0,0.0,0.0,0.0,0.0,179.0,-12.0,83.0,Evil_Twin
70.0,-1.0,0.0,0.0,5.0,0.0,178.0,-19.0,79.0,Evil_Twin
80.0,0.0,0.0,0.0,2.0,0.0,178.0,-16.0,82.0,Evil_Twin
80.0,0.0,-2.0,0.0,0.0,1.0,1.0,2.0,84.0,Evil_Twin
20.0,0.0,0.0,4.0,0.0,0.0,-3.0,-200.0,-200.0,Evil_Twin
80.0,2.0,0.0,0.0,-1.0,-1.0,1.0,-29.0,76.0,Evil_Twin
80.0,3.0,0.0,0.0,0.0,0.0,0.0,-20.0,89.0,Evil_Twin
70.0,0.0,-1.0,0.0,1.0,0.0,0.0,-9.0,81.0,Evil_Twin
80.0,0.0,-2.0,0.0,0.0,0.0,0.0,-29.0,93.0,Evil_Twin
60.0,-2.0,0.0,0.0,-1.0,-1.0,178.0,18.0,83.0,Evil_Twin
80.0,0.0,-1.0,0.0,0.0,-2.0,37.0,-15.0,84.0,Evil_Twin
80.0,-2.0,0.0,0.0,-1.0,0.0,175.0,-4.0,83.0,Evil_Twin
70.0,0.0,0.0,0.0,0.0,-1.0,0.0,-10.0,82.0,Evil_Twin
70.0,0.0,0.0,0.0,0.0,0.0,178.0,7.0,81.0,Evil_Twin
70.0,3.0,0.0,0.0,0.0,0.0,0.0,-13.0,86.0,Evil_Twin
70.0,0.0,-1.0,0.0,0.0,0.0,0.0,12.0,81.0,Evil_Twin
70.0,0.0,0.0,0.0,-1.0,0.0,0.0,-2.0,83.0,Evil_Twin
80.0,-2.0,0.0,0.0,0.0,0.0,178.0,-7.0,75.0,Evil_Twin
70.0,0.0,0.0,0.0,0.0,1.0,0.0,-6.0,83.0,Evil_Twin
70.0,0.0,0.0,0.0,0.0,0.0,0.0,-10.0,85.0,Evil_Twin
90.0,0.0,0.0,-1.0,0.0,-1.0,37.0,-22.0,95.0,Evil_Twin
70.0,-2.0,0.0,0.0,0.0,-1.0,178.0,-27.0,80.0,Evil_Twin
70.0,0.0,0.0,0.0,0.0,1.0,-37.0,12.0,82.0,Evil_Twin
70.0,0.0,0.0,0.0,-2.0,0.0,178.0,-8.0,80.0,Evil_Twin
70.0,0.0,0.0,0.0,0.0,0.0,-3.0,2.0,82.0,Evil_Twin
80.0,-2.0,0.0,0.0,-1.0,0.0,178.0,7.0,79.0,Evil_Twin
80.0,0.0,0.0,0.0,-1.0,-1.0,1.0,17.0,81.0,Evil_Twin
60.0,-4.0,0.0,0.0,-6.0,0.0,178.0,-4.0,81.0,Evil_Twin
40.0,0.0,0.0,4.0,0.0,0.0,-2.0,-200.0,-200.0,Evil_Twin
80.0,1.0,0.0,0.0,-1.0,0.0,0.0,4.0,81.0,Evil_Twin
60.0,0.0,0.0,0.0,0.0,-1.0,0.0,-7.0,85.0,Evil_Twin
70.0,-2.0,-2.0,0.0,-1.0,0.0,0.0,13.0,79.0,Evil_Twin
80.0,0.0,0.0,0.0,0.0,1.0,0.0,-8.0,82.0,Evil_Twin
80.0,0.0,0.0,0.0,0.0,0.0,0.0,-6.0,86.0,Evil_Twin
60.0,0.0,0.0,0.0,0.0,0.0,0.0,6.0,80.0,Evil_Twin
80.0,0.0,-1.0,0.0,0.0,-1.0,0.0,-17.0,79.0,Evil_Twin
60.0,0.0,0.0,0.0,0.0,-1.0,0.0,8.0,81.0,Evil_Twin
80.0,0.0,0.0,0.0,0.0,0.0,0.0,-2.0,82.0,Evil_Twin
60.0,0.0,0.0,0.0,0.0,0.0,0.0,-3.0,83.0,Evil_Twin
80.0,-2.0,0.0,0.0,-8.0,0.0,178.0,-10.0,85.0,Evil_Twin
80.0,0.0,0.0,0.0,0.0,0.0,178.0,-6.0,83.0,Evil_Twin
70.0,0.0,0.0,0.0,-1.0,0.0,0.0,-11.0,81.0,Evil_Twin
80.0,0.0,0.0,0.0,0.0,0.0,0.0,-3.0,82.0,Evil_Twin
80.0,-1.0,0.0,0.0,0.0,0.0,-144.0,6.0,83.0,Evil_Twin
70.0,0.0,-1.0,0.0,0.0,0.0,0.0,14.0,80.0,Evil_Twin
80.0,0.0,0.0,0.0,-2.0,0.0,178.0,3.0,81.0,Evil_Twin
80.0,0.0,0.0,0.0,0.0,0.0,-3.0,-200.0,-200.0,Evil_Twin
80.0,0.0,0.0,0.0,0.0,0.0,179.0,-7.0,83.0,Evil_Twin
80.0,0.0,0.0,0.0,-8.0,0.0,179.0,-20.0,82.0,Evil_Twin
60.0,0.0,0.0,0.0,0.0,0.0,174.0,-1.0,81.0,Evil_Twin
80.0,-2.0,0.0,0.0,0.0,0.0,178.0,5.0,76.0,Evil_Twin
70.0,0.0,0.0,0.0,-1.0,-1.0,0.0,-14.0,86.0,Evil_Twin
70.0,2.0,-1.0,0.0,-1.0,-1.0,0.0,-25.0,93.0,Evil_Twin
70.0,2.0,0.0,0.0,-1.0,0.0,0.0,0.0,84.0,Evil_Twin
80.0,0.0,1.0,0.0,0.0,0.0,178.0,12.0,80.0,Evil_Twin
60.0,0.0,0.0,0.0,0.0,-1.0,88.0,-16.0,82.0,Evil_Twin
80.0,0.0,0.0,0.0,0.0,0.0,-168.0,4.0,82.0,Evil_Twin
70.0,0.0,-1.0,0.0,-1.0,0.0,0.0,3.0,83.0,Evil_Twin
80.0,2.0,0.0,0.0,0.0,0.0,0.0,-8.0,78.0,Evil_Twin
70.0,2.0,0.0,0.0,-8.0,0.0,0.0,-16.0,80.0,Evil_Twin
70.0,0.0,0.0,3.0,0.0,0.0,-3.0,-200.0,-200.0,Evil_Twin
80.0,-1.0,0.0,0.0,-1.0,0.0,178.0,-4.0,81.0,Evil_Twin
80.0,1.0,-1.0,0.0,0.0,-1.0,37.0,-17.0,83.0,Evil_Twin
70.0,0.0,0.0,0.0,0.0,0.0,0.0,17.0,78.0,Evil_Twin
80.0,2.0,0.0,0.0,-1.0,-1.0,1.0,-19.0,85.0,Evil_Twin
70.0,2.0,0.0,0.0,-2.0,-1.0,0.0,-26.0,91.0,Evil_Twin
80.0,0.0,0.0,0.0,0.0,0.0,0.0,-3.0,85.0,Evil_Twin
70.0,-4.0,0.0,0.0,-2.0,0.0,178.0,2.0,82.0,Evil_Twin
80.0,0.0,0.0,0.0,0.0,0.0,0.0,0.0,85.0,Evil_Twin
70.0,0.0,0.0,0.0,0.0,0.0,67.0,-12.0,83.0,Evil_Twin
80.0,0.0,0.0,0.0,0.0,0.0,-13.0,10.0,84.0,Evil_Twin
80.0,2.0,0.0,0.0,-1.0,0.0,0.0,-22.0,89.0,Evil_Twin
80.0,-2.0,0.0,0.0,0.0,-1.0,179.0,-21.0,80.0,Evil_Twin
80.0,0.0,0.0,0.0,0.0,0.0,0.0,-2.0,80.0,Evil_Twin
80.0,0.0,0.0,0.0,0.0,0.0,178.0,-12.0,85.0,Evil_Twin
80.0,-3.0,0.0,0.0,0.0,0.0,178.0,-5.0,81.0,Evil_Twin
60.0,0.0,1.0,0.0,0.0,0.0,178.0,-14.0,78.0,Evil_Twin
70.0,2.0,0.0,0.0,0.0,0.0,0.0,-17.0,81.0,Evil_Twin
0.0,0.0,0.0,3.0,0.0,0.0,-3.0,-200.0,-200.0,Evil_Twin
80.0,0.0,-1.0,0.0,1.0,4.0,179.0,-24.0,80.0,Evil_Twin
110.0,0.0,0.0,1.0,0.0,0.0,0.0,20.0,116.0,Evil_Twin
80.0,0.0,0.0,0.0,0.0,0.0,0.0,-3.0,82.0,Evil_Twin
60.0,-1.0,0.0,0.0,0.0,0.0,178.0,-14.0,78.0,Evil_Twin
70.0,-2.0,0.0,0.0,0.0,-1.0,178.0,-18.0,79.0,Evil_Twin
70.0,0.0,-1.0,0.0,0.0,0.0,0.0,-10.0,82.0,Evil_Twin
70.0,0.0,-1.0,0.0,0.0,0.0,0.0,-13.0,85.0,Evil_Twin
70.0,0.0,0.0,0.0,1.0,-1.0,0.0,8.0,80.0,Evil_Twin
70.0,1.0,-1.0,0.0,0.0,-1.0,0.0,-14.0,80.0,Evil_Twin
80.0,0.0,0.0,0.0,0.0,1.0,178.0,-9.0,80.0,Evil_Twin
80.0,2.0,-1.0,0.0,0.0,-1.0,0.0,-16.0,88.0,Evil_Twin
60.0,0.0,0.0,0.0,0.0,0.0,-167.0,-3.0,80.0,Evil_Twin
70.0,0.0,0.0,0.0,-1.0,0.0,0.0,-19.0,85.0,Evil_Twin
70.0,0.0,0.0,0.0,0.0,0.0,56.0,-2.0,85.0,Evil_Twin
80.0,-2.0,1.0,0.0,-1.0,-1.0,178.0,10.0,75.0,Evil_Twin
70.0,-2.0,0.0,0.0,0.0,0.0,174.0,2.0,81.0,Evil_Twin
70.0,0.0,-2.0,0.0,0.0,0.0,178.0,-23.0,81.0,Evil_Twin
80.0,-3.0,0.0,0.0,-6.0,0.0,179.0,-9.0,82.0,Evil_Twin
80.0,0.0,0.0,0.0,-1.0,0.0,0.0,-14.0,85.0,Evil_Twin
70.0,0.0,1.0,0.0,1.0,-1.0,178.0,1.0,82.0,Evil_Twin
0.0,-1.0,0.0,0.0,-1.0,0.0,-2.0,-200.0,-200.0,Evil_Twin
80.0,0.0,0.0,0.0,0.0,0.0,0.0,-8.0,84.0,Evil_Twin
80.0,0.0,0.0,0.0,0.0,0.0,0.0,-3.0,87.0,Evil_Twin
70.0,0.0,0.0,0.0,0.0,0.0,-6.0,-200.0,-200.0,Evil_Twin
60.0,2.0,0.0,0.0,-8.0,0.0,0.0,-10.0,78.0,Evil_Twin
60.0,0.0,-1.0,0.0,0.0,-1.0,0.0,-15.0,77.0,Evil_Twin
80.0,-3.0,0.0,0.0,1.0,0.0,178.0,15.0,82.0,Evil_Twin
60.0,2.0,0.0,0.0,-1.0,-1.0,0.0,38.0,78.0,Evil_Twin
80.0,0.0,0.0,0.0,0.0,0.0,178.0,-19.0,82.0,Evil_Twin
60.0,0.0,0.0,0.0,0.0,0.0,-158.0,4.0,81.0,Evil_Twin
60.0,0.0,0.0,0.0,-1.0,0.0,0.0,-14.0,83.0,Evil_Twin
70.0,0.0,-1.0,0.0,0.0,4.0,0.0,-4.0,83.0,Evil_Twin
80.0,0.0,0.0,0.0,-9.0,0.0,178.0,7.0,82.0,Evil_Twin
70.0,0.0,0.0,0.0,-1.0,0.0,0.0,-17.0,80.0,Evil_Twin
80.0,0.0,-1.0,0.0,0.0,-1.0,0.0,10.0,84.0,Evil_Twin
70.0,2.0,0.0,0.0,-1.0,-1.0,0.0,36.0,69.0,Evil_Twin
60.0,0.0,0.0,0.0,0.0,0.0,178.0,3.0,80.0,Evil_Twin
80.0,0.0,0.0,0.0,-3.0,-1.0,178.0,11.0,83.0,Evil_Twin
60.0,0.0,0.0,0.0,0.0,0.0,146.0,-18.0,82.0,Evil_Twin
80.0,0.0,-1.0,0.0,-1.0,-1.0,0.0,-23.0,88.0,Evil_Twin
70.0,0.0,0.0,0.0,0.0,-1.0,179.0,-2.0,82.0,Evil_Twin
80.0,0.0,0.0,0.0,0.0,0.0,0.0,-2.0,83.0,Evil_Twin
60.0,2.0,-1.0,0.0,-2.0,-1.0,0.0,-14.0,92.0,Evil_Twin
80.0,0.0,0.0,0.0,0.0,0.0,-22.0,18.0,83.0,Evil_Twin
80.0,0.0,0.0,1.0,0.0,0.0,0.0,20.0,87.0,Evil_Twin
70.0,0.0,0.0,0.0,0.0,0.0,0.0,-4.0,82.0,Evil_Twin
80.0,-1.0,1.0,0.0,-1.0,-1.0,178.0,-17.0,86.0,Evil_Twin
70.0,-2.0,0.0,0.0,-1.0,0.0,178.0,0.0,81.0,Evil_Twin
80.0,0.0,0.0,0.0,-1.0,0.0,0.0,-2.0,82.0,Evil_Twin
60.0,0.0,0.0,0.0,0.0,0.0,178.0,-8.0,81.0,Evil_Twin
70.0,0.0,0.0,0.0,0.0,-2.0,0.0,-8.0,81.0,Evil_Twin
60.0,-1.0,0.0,0.0,-7.0,-4.0,178.0,14.0,84.0,Evil_Twin
70.0,-3.0,0.0,0.0,0.0,-1.0,178.0,-19.0,79.0,Evil_Twin
80.0,0.0,0.0,0.0,0.0,0.0,120.0,-19.0,85.0,Evil_Twin
80.0,-3.0,0.0,0.0,-8.0,0.0,178.0,3.0,83.0,Evil_Twin
80.0,0.0,0.0,0.0,0.0,0.0,0.0,-6.0,86.0,Evil_Twin
80.0,2.0,0.0,0.0,-1.0,-1.0,0.0,28.0,81.0,Evil_Twin
80.0,0.0,0.0,0.0,0.0,0.0,0.0,-5.0,82.0,Evil_Twin
80.0,0.0,0.0,0.0,0.0,0.0,0.0,-2.0,84.0,Evil_Twin
70.0,1.0,0.0,0.0,0.0,-1.0,0.0,-6.0,83.0,Evil_Twin
80.0,-1.0,0.0,0.0,-1.0,-2.0,178.0,-23.0,84.0,Evil_Twin
80.0,2.0,-1.0,0.0,-1.0,-1.0,0.0,28.0,81.0,Evil_Twin
80.0,0.0,0.0,0.0,0.0,0.0,173.0,-11.0,84.0,Evil_Twin
70.0,0.0,0.0,0.0,-1.0,0.0,0.0,-4.0,82.0,Evil_Twin
80.0,0.0,0.0,0.0,0.0,0.0,-3.0,-200.0,-200.0,Evil_Twin
60.0,2.0,0.0,0.0,-1.0,0.0,0.0,0.0,78.0,Evil_Twin
70.0,0.0,0.0,0.0,0.0,0.0,0.0,-10.0,85.0,Evil_Twin
70.0,0.0,0.0,0.0,0.0,0.0,0.0,-19.0,76.0,Evil_Twin
60.0,4.0,0.0,0.0,0.0,0.0,178.0,-16.0,78.0,Evil_Twin
70.0,-2.0,0.0,0.0,-1.0,0.0,178.0,0.0,79.0,Evil_Twin
80.0,3.0,0.0,0.0,-8.0,0.0,0.0,-3.0,84.0,Evil_Twin
70.0,0.0,0.0,0.0,-1.0,0.0,0.0,-6.0,85.0,Evil_Twin
80.0,0.0,0.0,0.0,-4.0,0.0,0.0,11.0,81.0,Evil_Twin
60.0,0.0,0.0,0.0,0.0,0.0,178.0,-8.0,84.0,Evil_Twin
80.0,2.0,0.0,0.0,-1.0,-1.0,0.0,12.0,84.0,Evil_Twin
60.0,0.0,-1.0,0.0,-1.0,0.0,0.0,-6.0,83.0,Evil_Twin
80.0,1.0,0.0,0.0,-1.0,-1.0,0.0,9.0,81.0,Evil_Twin
70.0,-1.0,0.0,0.0,0.0,1.0,178.0,-25.0,76.0,Evil_Twin
80.0,0.0,0.0,0.0,0.0,0.0,179.0,-18.0,85.0,Evil_Twin
80.0,0.0,0.0,0.0,0.0,0.0,178.0,-3.0,83.0,Evil_Twin
80.0,0.0,0.0,0.0,0.0,-1.0,0.0,-16.0,89.0,Evil_Twin
80.0,0.0,0.0,0.0,0.0,0.0,175.0,-23.0,81.0,Evil_Twin
60.0,0.0,-1.0,0.0,0.0,0.0,0.0,-8.0,82.0,Evil_Twin
60.0,-2.0,0.0,0.0,-1.0,0.0,178.0,2.0,80.0,Evil_Twin
70.0,0.0,0.0,0.0,0.0,0.0,176.0,-12.0,83.0,Evil_Twin
70.0,0.0,0.0,0.0,0.0,0.0,178.0,-16.0,82.0,Evil_Twin
80.0,0.0,0.0,-2.0,0.0,0.0,0.0,-17.0,87.0,Evil_Twin
80.0,2.0,0.0,0.0,-1.0,-1.0,0.0,26.0,80.0,Evil_Twin
80.0,0.0,0.0,0.0,0.0,-1.0,178.0,2.0,83.0,Evil_Twin
80.0,0.0,0.0,0.0,0.0,0.0,0.0,-2.0,85.0,Evil_Twin
80.0,0.0,0.0,0.0,0.0,0.0,90.0,-14.0,84.0,Evil_Twin
60.0,0.0,0.0,0.0,0.0,0.0,173.0,0.0,79.0,Evil_Twin
60.0,2.0,0.0,0.0,-1.0,0.0,0.0,-6.0,81.0,Evil_Twin
60.0,0.0,0.0,0.0,0.0,0.0,17.0,-5.0,82.0,Evil_Twin
80.0,2.0,-1.0,0.0,-1.0,-1.0,0.0,-11.0,79.0,Evil_Twin
80.0,-2.0,0.0,0.0,0.0,0.0,178.0,-17.0,84.0,Evil_Twin
60.0,0.0,-1.0,0.0,0.0,0.0,0.0,5.0,81.0,Evil_Twin
70.0,-2.0,0.0,0.0,-1.0,0.0,178.0,17.0,79.0,Evil_Twin
80.0,-2.0,0.0,0.0,-1.0,0.0,178.0,-15.0,86.0,Evil_Twin
80.0,0.0,0.0,0.0,0.0,-1.0,0.0,6.0,81.0,Evil_Twin
70.0,2.0,0.0,0.0,-2.0,0.0,0.0,-17.0,88.0,Evil_Twin
70.0,2.0,0.0,0.0,-1.0,0.0,0.0,-8.0,82.0,Evil_Twin
70.0,0.0,0.0,0.0,-1.0,-1.0,0.0,-14.0,86.0,Evil_Twin
80.0,1.0,0.0,0.0,-1.0,0.0,0.0,-17.0,83.0,Evil_Twin
80.0,0.0,-1.0,0.0,0.0,0.0,0.0,6.0,83.0,Evil_Twin
80.0,-3.0,0.0,0.0,1.0,0.0,178.0,15.0,82.0,Evil_Twin
70.0,3.0,0.0,0.0,0.0,0.0,0.0,-24.0,84.0,Evil_Twin
80.0,0.0,0.0,0.0,0.0,0.0,167.0,-4.0,82.0,Evil_Twin
80.0,-1.0,1.0,0.0,3.0,0.0,178.0,12.0,85.0,Evil_Twin
80.0,0.0,0.0,0.0,0.0,0.0,178.0,-7.0,82.0,Evil_Twin
80.0,-2.0,0.0,0.0,-1.0,0.0,178.0,4.0,88.0,Evil_Twin
80.0,0.0,0.0,0.0,-3.0,0.0,1.0,5.0,82.0,Evil_Twin
60.0,0.0,0.0,0.0,-1.0,0.0,0.0,-12.0,83.0,Evil_Twin
60.0,0.0,-1.0,0.0,-1.0,-1.0,0.0,24.0,78.0,Evil_Twin
80.0,0.0,0.0,0.0,-3.0,0.0,1.0,-5.0,81.0,Evil_Twin
80.0,0.0,0.0,0.0,0.0,0.0,-4.0,0.0,84.0,Evil_Twin
80.0,0.0,-1.0,0.0,0.0,0.0,-2.0,-9.0,82.0,Evil_Twin
80.0,0.0,0.0,0.0,0.0,-1.0,1.0,-20.0,86.0,Evil_Twin
80.0,0.0,0.0,0.0,0.0,0.0,-61.0,8.0,82.0,Evil_Twin
80.0,1.0,-1.0,0.0,-1.0,-1.0,0.0,16.0,83.0,Evil_Twin
70.0,2.0,0.0,0.0,-1.0,0.0,0.0,-25.0,79.0,Evil_Twin
60.0,0.0,0.0,0.0,0.0,0.0,178.0,-15.0,84.0,Evil_Twin
80.0,0.0,0.0,0.0,0.0,0.0,0.0,-6.0,84.0,Evil_Twin
10.0,-1.0,0.0,0.0,0.0,0.0,-2.0,-200.0,-200.0,Evil_Twin
70.0,0.0,-1.0,0.0,0.0,-1.0,0.0,-10.0,86.0,Evil_Twin
80.0,0.0,0.0,0.0,0.0,0.0,177.0,-20.0,82.0,Evil_Twin
80.0,0.0,0.0,0.0,0.0,0.0,175.0,1.0,81.0,Evil_Twin
80.0,0.0,1.0,0.0,-1.0,-1.0,178.0,-13.0,84.0,Evil_Twin
80.0,0.0,0.0,0.0,0.0,0.0,0.0,-3.0,84.0,Evil_Twin
80.0,2.0,0.0,0.0,0.0,0.0,0.0,-5.0,83.0,Evil_Twin
100.0,0.0,0.0,0.0,0.0,0.0,0.0,2.0,109.0,Evil_Twin
80.0,0.0,0.0,-1.0,0.0,0.0,0.0,-12.0,91.0,Evil_Twin
70.0,0.0,0.0,0.0,-1.0,0.0,0.0,-11.0,85.0,Evil_Twin
0.0,0.0,-1.0,0.0,-1.0,0.0,-2.0,-200.0,-200.0,Evil_Twin
60.0,0.0,0.0,0.0,0.0,0.0,-4.0,0.0,82.0,Evil_Twin
10.0,0.0,0.0,4.0,0.0,0.0,-3.0,-200.0,-200.0,Evil_Twin
70.0,0.0,0.0,0.0,0.0,0.0,0.0,-7.0,83.0,Evil_Twin
80.0,0.0,-2.0,0.0,0.0,0.0,1.0,-10.0,86.0,Evil_Twin
70.0,0.0,0.0,0.0,0.0,0.0,-114.0,-2.0,82.0,Evil_Twin
80.0,0.0,0.0,0.0,0.0,0.0,0.0,9.0,83.0,Evil_Twin
80.0,-2.0,-3.0,0.0,2.0,-2.0,37.0,-26.0,94.0,Evil_Twin
80.0,0.0,0.0,0.0,0.0,0.0,178.0,1.0,82.0,Evil_Twin
80.0,-2.0,0.0,0.0,-1.0,0.0,175.0,2.0,79.0,Evil_Twin
80.0,1.0,-1.0,0.0,0.0,0.0,1.0,-12.0,81.0,Evil_Twin
70.0,-1.0,1.0,0.0,0.0,-1.0,179.0,-30.0,77.0,Evil_Twin
80.0,0.0,0.0,0.0,-1.0,0.0,0.0,-9.0,83.0,Evil_Twin
70.0,0.0,0.0,0.0,0.0,0.0,53.0,-6.0,81.0,Evil_Twin
60.0,0.0,0.0,0.0,0.0,0.0,178.0,-2.0,79.0,Evil_Twin
80.0,0.0,0.0,0.0,0.0,0.0,140.0,3.0,83.0,Evil_Twin
80.0,0.0,0.0,0.0,1.0,0.0,-65.0,12.0,85.0,Evil_Twin
80.0,0.0,0.0,0.0,0.0,0.0,23.0,-4.0,84.0,Evil_Twin
80.0,-4.0,0.0,0.0,0.0,0.0,178.0,-2.0,82.0,Evil_Twin
60.0,0.0,0.0,0.0,0.0,0.0,0.0,-2.0,81.0,Evil_Twin
80.0,-2.0,0.0,0.0,-1.0,-1.0,178.0,-15.0,87.0,Evil_Twin
80.0,1.0,-1.0,0.0,-1.0,-1.0,1.0,-9.0,84.0,Evil_Twin
70.0,2.0,-1.0,0.0,-1.0,-1.0,0.0,18.0,81.0,Evil_Twin
80.0,1.0,-1.0,0.0,-1.0,-1.0,0.0,-15.0,82.0,Evil_Twin
80.0,0.0,0.0,0.0,-1.0,-2.0,0.0,18.0,80.0,Evil_Twin
70.0,0.0,0.0,0.0,0.0,-1.0,0.0,14.0,80.0,Evil_Twin
80.0,1.0,0.0,0.0,-1.0,0.0,0.0,-4.0,86.0,Evil_Twin
60.0,1.0,0.0,0.0,0.0,0.0,177.0,-9.0,82.0,Evil_Twin
70.0,0.0,0.0,1.0,0.0,0.0,178.0,7.0,96.0,Evil_Twin
80.0,0.0,-1.0,0.0,0.0,0.0,-2.0,-9.0,82.0,Evil_Twin
80.0,4.0,0.0,1.0,-1.0,0.0,178.0,-4.0,96.0,Evil_Twin
80.0,1.0,-1.0,0.0,-1.0,0.0,0.0,-17.0,82.0,Evil_Twin
70.0,0.0,0.0,0.0,0.0,0.0,178.0,19.0,80.0,Evil_Twin
70.0,0.0,-2.0,0.0,0.0,-1.0,0.0,7.0,81.0,Evil_Twin
60.0,-2.0,0.0,0.0,0.0,0.0,0.0,-1.0,83.0,Evil_Twin
70.0,-2.0,-1.0,0.0,-1.0,0.0,178.0,-12.0,84.0,Evil_Twin
70.0,2.0,0.0,0.0,-1.0,2.0,0.0,-4.0,78.0,Evil_Twin
70.0,-1.0,0.0,0.0,-5.0,0.0,178.0,-4.0,80.0,Evil_Twin
60.0,0.0,-1.0,0.0,0.0,0.0,0.0,8.0,81.0,Evil_Twin
80.0,0.0,0.0,0.0,0.0,0.0,1.0,-7.0,86.0,Evil_Twin
80.0,-2.0,0.0,0.0,0.0,-1.0,178.0,23.0,78.0,Evil_Twin
70.0,4.0,0.0,0.0,-7.0,0.0,0.0,-17.0,82.0,Evil_Twin
70.0,2.0,0.0,0.0,-1.0,-1.0,0.0,-3.0,85.0,Evil_Twin
70.0,0.0,0.0,0.0,-1.0,0.0,0.0,-7.0,84.0,Evil_Twin
80.0,2.0,0.0,0.0,-1.0,0.0,0.0,-25.0,84.0,Evil_Twin
80.0,0.0,0.0,0.0,0.0,0.0,0.0,-4.0,85.0,Evil_Twin
80.0,2.0,0.0,0.0,-1.0,0.0,0.0,20.0,81.0,Evil_Twin
60.0,0.0,0.0,0.0,0.0,0.0,179.0,30.0,77.0,Evil_Twin
70.0,0.0,0.0,0.0,0.0,0.0,178.0,-12.0,83.0,Evil_Twin
60.0,-2.0,0.0,0.0,2.0,0.0,0.0,-10.0,76.0,Evil_Twin
90.0,0.0,0.0,-1.0,0.0,0.0,178.0,-2.0,91.0,Evil_Twin
80.0,4.0,0.0,0.0,-5.0,0.0,0.0,16.0,92.0,Evil_Twin
80.0,2.0,-1.0,0.0,0.0,-1.0,0.0,-5.0,81.0,Evil_Twin
80.0,0.0,-1.0,0.0,0.0,0.0,178.0,-9.0,81.0,Evil_Twin
60.0,3.0,0.0,0.0,1.0,0.0,0.0,-5.0,80.0,Evil_Twin
60.0,0.0,0.0,0.0,0.0,0.0,116.0,-14.0,83.0,Evil_Twin
70.0,0.0,0.0,0.0,0.0,0.0,177.0,-16.0,83.0,Evil_Twin
60.0,0.0,-1.0,0.0,0.0,0.0,0.0,5.0,81.0,Evil_Twin
80.0,0.0,0.0,0.0,0.0,0.0,104.0,-18.0,81.0,Evil_Twin
70.0,3.0,0.0,0.0,-8.0,0.0,0.0,8.0,81.0,Evil_Twin
70.0,0.0,0.0,0.0,0.0,0.0,178.0,-18.0,81.0,Evil_Twin
80.0,-1.0,1.0,0.0,-1.0,-1.0,178.0,-17.0,83.0,Evil_Twin
70.0,1.0,-1.0,0.0,-1.0,-1.0,0.0,4.0,76.0,Evil_Twin
80.0,-4.0,0.0,0.0,0.0,0.0,175.0,-8.0,82.0,Evil_Twin
70.0,0.0,-1.0,0.0,0.0,-1.0,1.0,-18.0,82.0,Evil_Twin
70.0,0.0,0.0,0.0,-3.0,1.0,175.0,9.0,77.0,Evil_Twin
70.0,2.0,0.0,0.0,-5.0,0.0,0.0,0.0,82.0,Evil_Twin
70.0,0.0,0.0,0.0,0.0,4.0,179.0,-13.0,78.0,Evil_Twin
70.0,1.0,0.0,0.0,0.0,0.0,0.0,13.0,82.0,Evil_Twin
80.0,0.0,-1.0,0.0,-1.0,0.0,0.0,-10.0,83.0,Evil_Twin
70.0,0.0,0.0,0.0,-1.0,0.0,0.0,-4.0,81.0,Evil_Twin
80.0,0.0,1.0,0.0,1.0,-1.0,178.0,-3.0,82.0,Evil_Twin
70.0,0.0,0.0,0.0,0.0,0.0,0.0,20.0,78.0,Evil_Twin
70.0,-2.0,0.0,0.0,-1.0,0.0,178.0,-25.0,76.0,Evil_Twin
60.0,1.0,0.0,0.0,-4.0,0.0,0.0,3.0,80.0,Evil_Twin
70.0,2.0,-1.0,0.0,-1.0,-1.0,0.0,11.0,80.0,Evil_Twin
80.0,0.0,0.0,0.0,0.0,0.0,178.0,-21.0,81.0,Evil_Twin
80.0,0.0,0.0,0.0,0.0,0.0,-67.0,11.0,83.0,Evil_Twin
60.0,0.0,0.0,0.0,0.0,0.0,0.0,-3.0,83.0,Evil_Twin
80.0,0.0,0.0,0.0,0.0,0.0,0.0,-6.0,83.0,Evil_Twin
80.0,0.0,0.0,0.0,0.0,-1.0,1.0,-6.0,84.0,Evil_Twin
80.0,2.0,0.0,0.0,-1.0,0.0,0.0,-19.0,87.0,Evil_Twin
80.0,-4.0,0.0,0.0,-6.0,0.0,178.0,-9.0,83.0,Evil_Twin
80.0,0.0,-2.0,0.0,0.0,0.0,1.0,-10.0,86.0,Evil_Twin
80.0,2.0,-1.0,0.0,-1.0,-1.0,0.0,22.0,82.0,Evil_Twin
60.0,0.0,0.0,0.0,0.0,0.0,57.0,-6.0,80.0,Evil_Twin
70.0,-1.0,-1.0,0.0,-1.0,0.0,0.0,9.0,82.0,Evil_Twin
80.0,0.0,-1.0,0.0,0.0,0.0,37.0,-8.0,85.0,Evil_Twin
80.0,0.0,-1.0,0.0,0.0,2.0,175.0,-18.0,80.0,Evil_Twin
70.0,1.0,0.0,0.0,0.0,-1.0,0.0,11.0,83.0,Evil_Twin
80.0,0.0,0.0,0.0,-2.0,-3.0,178.0,-19.0,84.0,Evil_Twin
80.0,3.0,0.0,0.0,-8.0,0.0,0.0,16.0,84.0,Evil_Twin
70.0,-2.0,0.0,0.0,-1.0,0.0,178.0,-11.0,85.0,Evil_Twin
60.0,0.0,0.0,0.0,0.0,0.0,0.0,-4.0,82.0,Evil_Twin
70.0,0.0,0.0,0.0,0.0,0.0,178.0,-9.0,84.0,Evil_Twin
50.0,0.0,0.0,4.0,0.0,0.0,-1.0,-200.0,-200.0,Evil_Twin
80.0,0.0,0.0,0.0,-2.0,0.0,178.0,3.0,81.0,Evil_Twin
70.0,1.0,0.0,0.0,0.0,0.0,178.0,8.0,81.0,Evil_Twin
80.0,0.0,0.0,0.0,0.0,0.0,178.0,-1.0,83.0,Evil_Twin
80.0,2.0,0.0,0.0,-1.0,-1.0,0.0,-7.0,94.0,Evil_Twin
50.0,-4.0,0.0,0.0,0.0,0.0,178.0,5.0,77.0,Evil_Twin
60.0,0.0,0.0,0.0,0.0,-1.0,178.0,-6.0,81.0,Evil_Twin
70.0,0.0,0.0,0.0,0.0,0.0,0.0,7.0,82.0,Evil_Twin
100.0,0.0,0.0,0.0,0.0,0.0,0.0,0.0,121.0,Evil_Twin
80.0,0.0,-1.0,0.0,-1.0,-1.0,0.0,-12.0,82.0,Evil_Twin
60.0,2.0,0.0,0.0,0.0,0.0,0.0,-6.0,81.0,Evil_Twin
0.0,-1.0,0.0,0.0,0.0,0.0,-2.0,-200.0,-200.0,Evil_Twin
80.0,0.0,0.0,0.0,0.0,0.0,178.0,0.0,83.0,Evil_Twin
80.0,0.0,0.0,0.0,0.0,0.0,-13.0,9.0,82.0,Evil_Twin
70.0,0.0,0.0,0.0,0.0,0.0,0.0,-2.0,81.0,Evil_Twin
60.0,0.0,0.0,0.0,1.0,0.0,179.0,15.0,81.0,Evil_Twin
80.0,-1.0,0.0,0.0,-8.0,0.0,178.0,-5.0,82.0,Evil_Twin
70.0,0.0,0.0,0.0,0.0,0.0,-144.0,-4.0,81.0,Evil_Twin
80.0,0.0,0.0,0.0,-1.0,0.0,0.0,-9.0,83.0,Evil_Twin
60.0,2.0,0.0,0.0,0.0,0.0,0.0,19.0,83.0,Evil_Twin
70.0,0.0,0.0,0.0,-1.0,0.0,0.0,-9.0,82.0,Evil_Twin
70.0,-2.0,0.0,0.0,-1.0,0.0,178.0,0.0,79.0,Evil_Twin
80.0,1.0,-1.0,0.0,-1.0,-1.0,0.0,-14.0,84.0,Evil_Twin
80.0,0.0,0.0,0.0,-1.0,0.0,0.0,-4.0,83.0,Evil_Twin
80.0,0.0,0.0,0.0,0.0,0.0,178.0,3.0,82.0,Evil_Twin
70.0,-3.0,0.0,0.0,0.0,0.0,178.0,-2.0,82.0,Evil_Twin
80.0,1.0,0.0,0.0,0.0,0.0,0.0,-4.0,82.0,Evil_Twin
80.0,0.0,0.0,0.0,-1.0,0.0,1.0,-6.0,84.0,Evil_Twin
70.0,0.0,0.0,0.0,0.0,0.0,178.0,4.0,82.0,Evil_Twin
80.0,0.0,0.0,1.0,0.0,0.0,178.0,7.0,109.0,Evil_Twin
80.0,0.0,0.0,0.0,0.0,1.0,1.0,-1.0,82.0,Evil_Twin
60.0,-2.0,0.0,0.0,-1.0,0.0,177.0,-2.0,82.0,Evil_Twin
80.0,-2.0,0.0,0.0,-1.0,0.0,178.0,4.0,88.0,Evil_Twin
80.0,0.0,-1.0,0.0,0.0,-1.0,37.0,-9.0,86.0,Evil_Twin
70.0,0.0,-1.0,0.0,1.0,0.0,0.0,-11.0,82.0,Evil_Twin
80.0,-1.0,0.0,0.0,5.0,0.0,0.0,33.0,63.0,Evil_Twin
70.0,2.0,0.0,0.0,-8.0,0.0,0.0,12.0,79.0,Evil_Twin
70.0,0.0,-2.0,0.0,0.0,0.0,0.0,21.0,81.0,Evil_Twin
60.0,0.0,0.0,0.0,-1.0,-3.0,179.0,-14.0,83.0,Evil_Twin
80.0,0.0,0.0,0.0,0.0,0.0,-174.0,-2.0,82.0,Evil_Twin
80.0,2.0,0.0,0.0,-1.0,0.0,0.0,28.0,78.0,Evil_Twin
60.0,2.0,0.0,0.0,0.0,0.0,0.0,-6.0,81.0,Evil_Twin
80.0,3.0,0.0,0.0,0.0,0.0,0.0,-19.0,85.0,Evil_Twin
80.0,0.0,0.0,0.0,0.0,0.0,178.0,-17.0,83.0,Evil_Twin
80.0,-2.0,1.0,0.0,-1.0,-1.0,178.0,10.0,75.0,Evil_Twin
70.0,0.0,0.0,0.0,-1.0,-1.0,178.0,-3.0,82.0,Evil_Twin
60.0,2.0,0.0,0.0,-1.0,-1.0,0.0,21.0,75.0,Evil_Twin
80.0,0.0,-2.0,0.0,0.0,-1.0,1.0,-4.0,81.0,Evil_Twin
80.0,0.0,0.0,0.0,0.0,0.0,-30.0,10.0,86.0,Evil_Twin
80.0,0.0,0.0,0.0,-1.0,0.0,42.0,-4.0,82.0,Evil_Twin
80.0,0.0,0.0,0.0,0.0,-3.0,178.0,-14.0,79.0,Evil_Twin
80.0,0.0,0.0,0.0,0.0,0.0,178.0,-7.0,82.0,Evil_Twin
60.0,-2.0,0.0,0.0,0.0,0.0,178.0,5.0,77.0,Evil_Twin
80.0,-4.0,0.0,0.0,0.0,0.0,178.0,-4.0,80.0,Evil_Twin
80.0,0.0,0.0,0.0,0.0,0.0,-136.0,2.0,85.0,Evil_Twin
70.0,0.0,0.0,0.0,7.0,-1.0,178.0,7.0,73.0,Evil_Twin
80.0,-2.0,0.0,0.0,-1.0,-1.0,178.0,-31.0,81.0,Evil_Twin
70.0,-2.0,0.0,0.0,0.0,0.0,178.0,-2.0,89.0,Evil_Twin
80.0,0.0,0.0,0.0,0.0,0.0,0.0,-4.0,86.0,Evil_Twin
80.0,-2.0,0.0,0.0,-1.0,0.0,178.0,3.0,79.0,Evil_Twin
80.0,0.0,0.0,0.0,1.0,0.0,0.0,-2.0,83.0,Evil_Twin
80.0,0.0,0.0,0.0,1.0,0.0,178.0,-11.0,82.0,Evil_Twin
80.0,0.0,0.0,0.0,0.0,0.0,178.0,-11.0,83.0,Evil_Twin
70.0,0.0,0.0,0.0,0.0,0.0,20.0,-3.0,82.0,Evil_Twin
80.0,0.0,0.0,0.0,0.0,0.0,0.0,-2.0,83.0,Evil_Twin
80.0,0.0,0.0,0.0,0.0,0.0,-66.0,3.0,81.0,Evil_Twin
60.0,0.0,0.0,0.0,0.0,0.0,124.0,4.0,83.0,Evil_Twin
80.0,0.0,0.0,0.0,0.0,0.0,178.0,-9.0,83.0,Evil_Twin
0.0,-1.0,0.0,0.0,-1.0,0.0,-2.0,-200.0,-200.0,Evil_Twin
70.0,0.0,0.0,0.0,0.0,0.0,178.0,-13.0,77.0,Evil_Twin
80.0,0.0,0.0,0.0,0.0,0.0,-9.0,18.0,85.0,Evil_Twin
80.0,0.0,0.0,0.0,0.0,0.0,1.0,-18.0,80.0,Evil_Twin
70.0,2.0,0.0,0.0,-1.0,-2.0,0.0,17.0,79.0,Evil_Twin
70.0,2.0,0.0,0.0,-1.0,-1.0,0.0,27.0,82.0,Evil_Twin
70.0,0.0,0.0,0.0,0.0,0.0,-3.0,-200.0,-200.0,Evil_Twin
70.0,1.0,0.0,0.0,0.0,1.0,0.0,-5.0,84.0,Evil_Twin
60.0,0.0,0.0,0.0,0.0,0.0,0.0,1.0,80.0,Evil_Twin
80.0,0.0,-1.0,0.0,0.0,0.0,1.0,-7.0,81.0,Evil_Twin
70.0,0.0,0.0,0.0,0.0,0.0,178.0,-9.0,84.0,Evil_Twin
80.0,3.0,3.0,0.0,0.0,-2.0,-144.0,26.0,92.0,Evil_Twin
60.0,1.0,0.0,0.0,-8.0,0.0,0.0,-7.0,82.0,Evil_Twin
70.0,1.0,0.0,0.0,-1.0,0.0,0.0,-5.0,81.0,Evil_Twin
80.0,0.0,0.0,0.0,0.0,0.0,-139.0,-3.0,82.0,Evil_Twin
70.0,0.0,0.0,0.0,0.0,-1.0,55.0,-8.0,78.0,Evil_Twin
80.0,0.0,0.0,0.0,0.0,0.0,178.0,-3.0,85.0,Evil_Twin
80.0,1.0,0.0,0.0,-1.0,0.0,1.0,-6.0,83.0,Evil_Twin
80.0,0.0,-1.0,0.0,0.0,-1.0,37.0,-31.0,89.0,Evil_Twin
0.0,0.0,0.0,0.0,0.0,1.0,-8.0,-200.0,-200.0,Evil_Twin
60.0,4.0,1.0,0.0,0.0,0.0,178.0,8.0,80.0,Evil_Twin
70.0,0.0,0.0,0.0,0.0,0.0,0.0,-22.0,86.0,Evil_Twin
60.0,0.0,0.0,0.0,0.0,0.0,0.0,-8.0,86.0,Evil_Twin
80.0,0.0,0.0,0.0,0.0,0.0,-3.0,21.0,79.0,Evil_Twin
80.0,-2.0,0.0,0.0,-1.0,0.0,175.0,2.0,81.0,Evil_Twin
80.0,0.0,0.0,0.0,0.0,0.0,0.0,-12.0,85.0,Evil_Twin
0.0,0.0,0.0,4.0,0.0,0.0,-2.0,-200.0,-200.0,Evil_Twin
80.0,2.0,1.0,0.0,0.0,0.0,37.0,-15.0,86.0,Evil_Twin
80.0,-2.0,1.0,0.0,-1.0,-1.0,178.0,10.0,75.0,Evil_Twin
80.0,0.0,0.0,0.0,0.0,0.0,-100.0,0.0,83.0,Evil_Twin
70.0,0.0,0.0,0.0,0.0,0.0,178.0,-5.0,80.0,Evil_Twin
80.0,0.0,0.0,0.0,0.0,0.0,172.0,-21.0,82.0,Evil_Twin
80.0,2.0,0.0,0.0,-1.0,-1.0,0.0,-44.0,85.0,Evil_Twin
70.0,-1.0,0.0,0.0,0.0,1.0,178.0,-25.0,76.0,Evil_Twin
80.0,0.0,-2.0,0.0,0.0,1.0,1.0,2.0,84.0,Evil_Twin
70.0,-4.0,0.0,0.0,-2.0,0.0,178.0,2.0,82.0,Evil_Twin
60.0,0.0,0.0,0.0,0.0,0.0,0.0,-12.0,85.0,Evil_Twin
80.0,0.0,0.0,0.0,0.0,0.0,179.0,-13.0,84.0,Evil_Twin
80.0,0.0,0.0,0.0,-8.0,0.0,178.0,-13.0,82.0,Evil_Twin
70.0,0.0,0.0,0.0,-1.0,-1.0,0.0,-13.0,85.0,Evil_Twin
80.0,0.0,0.0,0.0,-1.0,0.0,0.0,0.0,84.0,Evil_Twin
80.0,-2.0,0.0,0.0,0.0,0.0,178.0,-8.0,81.0,Evil_Twin
70.0,0.0,0.0,0.0,0.0,-1.0,0.0,-8.0,84.0,Evil_Twin
70.0,0.0,0.0,0.0,0.0,0.0,53.0,-6.0,81.0,Evil_Twin
60.0,1.0,0.0,0.0,-1.0,-1.0,0.0,-2.0,81.0,Evil_Twin
70.0,4.0,-1.0,0.0,0.0,0.0,178.0,-23.0,79.0,Evil_Twin
70.0,0.0,0.0,0.0,0.0,0.0,0.0,-8.0,85.0,Evil_Twin
80.0,1.0,0.0,0.0,2.0,0.0,0.0,-5.0,81.0,Evil_Twin
80.0,0.0,0.0,0.0,0.0,4.0,0.0,35.0,75.0,Evil_Twin
80.0,0.0,0.0,0.0,0.0,0.0,0.0,16.0,83.0,Evil_Twin
80.0,0.0,1.0,0.0,-1.0,-1.0,178.0,-18.0,84.0,Evil_Twin
60.0,0.0,0.0,0.0,0.0,0.0,57.0,-4.0,82.0,Evil_Twin
70.0,2.0,0.0,0.0,-1.0,-1.0,0.0,-35.0,76.0,Evil_Twin
70.0,1.0,0.0,0.0,-9.0,0.0,0.0,5.0,80.0,Evil_Twin
70.0,0.0,-1.0,0.0,0.0,0.0,178.0,-8.0,79.0,Evil_Twin
80.0,0.0,0.0,0.0,0.0,-1.0,1.0,-23.0,88.0,Evil_Twin
60.0,1.0,0.0,0.0,0.0,-1.0,0.0,6.0,80.0,Evil_Twin
80.0,-2.0,0.0,0.0,-1.0,0.0,179.0,-3.0,79.0,Evil_Twin
80.0,2.0,0.0,0.0,-1.0,0.0,0.0,30.0,80.0,Evil_Twin
60.0,0.0,0.0,0.0,0.0,1.0,-3.0,17.0,80.0,Evil_Twin
60.0,2.0,0.0,0.0,-1.0,0.0,0.0,7.0,85.0,Evil_Twin
70.0,0.0,0.0,0.0,0.0,0.0,178.0,-13.0,81.0,Evil_Twin
80.0,0.0,0.0,0.0,0.0,0.0,0.0,-13.0,84.0,Evil_Twin
80.0,1.0,-1.0,0.0,-1.0,-1.0,1.0,-9.0,84.0,Evil_Twin
0.0,0.0,0.0,1.0,0.0,1.0,-7.0,-200.0,-200.0,Evil_Twin
70.0,0.0,0.0,0.0,0.0,0.0,0.0,-22.0,86.0,Evil_Twin
80.0,-3.0,0.0,0.0,0.0,0.0,179.0,-8.0,80.0,Evil_Twin
70.0,0.0,0.0,0.0,0.0,0.0,0.0,2.0,81.0,Evil_Twin
70.0,0.0,0.0,0.0,0.0,0.0,-3.0,11.0,82.0,Evil_Twin
80.0,0.0,0.0,0.0,0.0,-1.0,0.0,-8.0,91.0,Evil_Twin
60.0,2.0,0.0,0.0,-1.0,0.0,0.0,29.0,78.0,Evil_Twin
60.0,0.0,0.0,0.0,0.0,0.0,173.0,-19.0,83.0,Evil_Twin
80.0,0.0,0.0,0.0,0.0,0.0,178.0,-10.0,84.0,Evil_Twin
80.0,4.0,0.0,0.0,-5.0,0.0,0.0,16.0,92.0,Evil_Twin
70.0,0.0,0.0,0.0,0.0,-1.0,0.0,-18.0,85.0,Evil_Twin
80.0,0.0,0.0,0.0,0.0,0.0,178.0,-2.0,81.0,Evil_Twin
80.0,0.0,0.0,0.0,0.0,0.0,-3.0,-200.0,-200.0,Evil_Twin
80.0,0.0,0.0,0.0,0.0,0.0,0.0,-5.0,85.0,Evil_Twin
70.0,2.0,0.0,0.0,-1.0,-1.0,0.0,-30.0,81.0,Evil_Twin
80.0,0.0,0.0,0.0,0.0,0.0,0.0,5.0,81.0,Evil_Twin
80.0,4.0,0.0,0.0,-1.0,0.0,0.0,-14.0,87.0,Evil_Twin
80.0,5.0,0.0,0.0,1.0,0.0,177.0,-2.0,82.0,Evil_Twin
80.0,2.0,0.0,0.0,-1.0,-1.0,0.0,15.0,81.0,Evil_Twin
70.0,2.0,0.0,0.0,0.0,0.0,178.0,-2.0,81.0,Evil_Twin
70.0,0.0,0.0,0.0,-9.0,0.0,0.0,-15.0,87.0,Evil_Twin
60.0,1.0,0.0,0.0,0.0,0.0,0.0,0.0,81.0,Evil_Twin
80.0,0.0,0.0,-1.0,0.0,0.0,0.0,0.0,88.0,Evil_Twin
70.0,0.0,0.0,0.0,0.0,0.0,178.0,-13.0,77.0,Evil_Twin
80.0,0.0,0.0,0.0,0.0,0.0,89.0,-8.0,83.0,Evil_Twin
80.0,1.0,0.0,1.0,-1.0,-1.0,0.0,-22.0,94.0,Evil_Twin
60.0,0.0,0.0,0.0,0.0,0.0,0.0,1.0,79.0,Evil_Twin
80.0,0.0,0.0,0.0,0.0,0.0,0.0,0.0,85.0,Evil_Twin
80.0,0.0,1.0,0.0,-1.0,-1.0,-144.0,26.0,84.0,Evil_Twin
70.0,-4.0,0.0,0.0,-3.0,0.0,178.0,-1.0,81.0,Evil_Twin
10.0,0.0,0.0,4.0,0.0,0.0,-3.0,-200.0,-200.0,Evil_Twin
70.0,0.0,0.0,0.0,0.0,-1.0,0.0,-7.0,86.0,Evil_Twin
60.0,0.0,0.0,0.0,0.0,0.0,-119.0,4.0,80.0,Evil_Twin
80.0,0.0,0.0,0.0,0.0,0.0,-51.0,-5.0,84.0,Evil_Twin
60.0,0.0,0.0,0.0,-3.0,-4.0,0.0,-20.0,77.0,Evil_Twin
80.0,2.0,0.0,0.0,-1.0,-1.0,1.0,29.0,81.0,Evil_Twin
80.0,0.0,0.0,0.0,-1.0,0.0,-82.0,-8.0,84.0,Evil_Twin
80.0,1.0,0.0,0.0,-2.0,0.0,0.0,-3.0,85.0,Evil_Twin
80.0,0.0,0.0,0.0,-2.0,-3.0,178.0,-19.0,84.0,Evil_Twin
80.0,0.0,0.0,0.0,-1.0,0.0,178.0,-11.0,83.0,Evil_Twin
80.0,0.0,-1.0,0.0,0.0,0.0,37.0,-10.0,82.0,Evil_Twin
70.0,0.0,0.0,0.0,-1.0,0.0,0.0,7.0,80.0,Evil_Twin
80.0,0.0,-1.0,0.0,0.0,-1.0,37.0,-26.0,83.0,Evil_Twin
70.0,0.0,0.0,0.0,0.0,0.0,177.0,-15.0,81.0,Evil_Twin
80.0,-2.0,0.0,0.0,-1.0,-1.0,178.0,-32.0,71.0,Evil_Twin
80.0,0.0,-1.0,0.0,-1.0,0.0,178.0,-13.0,83.0,Evil_Twin
70.0,0.0,0.0,0.0,0.0,0.0,56.0,-4.0,82.0,Evil_Twin
70.0,-2.0,0.0,0.0,0.0,-2.0,0.0,25.0,78.0,Evil_Twin
80.0,0.0,0.0,0.0,0.0,0.0,179.0,-11.0,84.0,Evil_Twin
60.0,0.0,0.0,0.0,0.0,0.0,0.0,-5.0,84.0,Evil_Twin
80.0,-2.0,0.0,0.0,-1.0,0.0,179.0,18.0,79.0,Evil_Twin
80.0,0.0,0.0,0.0,0.0,0.0,0.0,-3.0,85.0,Evil_Twin
60.0,0.0,0.0,0.0,1.0,0.0,177.0,-5.0,79.0,Evil_Twin
60.0,2.0,0.0,0.0,-1.0,-1.0,0.0,-20.0,89.0,Evil_Twin
60.0,2.0,0.0,0.0,-8.0,0.0,0.0,17.0,80.0,Evil_Twin
80.0,-2.0,0.0,0.0,-1.0,0.0,175.0,2.0,88.0,Evil_Twin
70.0,0.0,0.0,0.0,0.0,0.0,0.0,-4.0,84.0,Evil_Twin
60.0,0.0,0.0,0.0,0.0,-1.0,0.0,6.0,81.0,Evil_Twin
80.0,0.0,0.0,0.0,0.0,0.0,0.0,-2.0,85.0,Evil_Twin
60.0,0.0,0.0,0.0,0.0,2.0,178.0,-30.0,81.0,Evil_Twin
80.0,0.0,0.0,0.0,0.0,0.0,178.0,3.0,82.0,Evil_Twin
80.0,0.0,0.0,0.0,0.0,0.0,-144.0,7.0,82.0,Evil_Twin
80.0,0.0,0.0,0.0,-2.0,0.0,0.0,-5.0,82.0,Evil_Twin
80.0,0.0,0.0,0.0,0.0,0.0,34.0,-200.0,-200.0,Evil_Twin
70.0,0.0,-1.0,0.0,0.0,-1.0,0.0,20.0,81.0,Evil_Twin
80.0,0.0,0.0,0.0,0.0,0.0,-62.0,10.0,85.0,Evil_Twin
80.0,0.0,0.0,0.0,0.0,0.0,105.0,-18.0,82.0,Evil_Twin
80.0,0.0,0.0,0.0,0.0,0.0,0.0,-5.0,81.0,Evil_Twin
70.0,0.0,0.0,0.0,0.0,0.0,0.0,-4.0,78.0,Evil_Twin
60.0,-2.0,1.0,0.0,0.0,-1.0,178.0,14.0,80.0,Evil_Twin
60.0,0.0,0.0,0.0,-1.0,0.0,0.0,-5.0,83.0,Evil_Twin
60.0,1.0,0.0,0.0,-1.0,0.0,0.0,6.0,82.0,Evil_Twin
80.0,4.0,0.0,0.0,1.0,0.0,0.0,-15.0,83.0,Evil_Twin
80.0,1.0,-1.0,0.0,2.0,-2.0,0.0,-14.0,80.0,Evil_Twin
80.0,4.0,0.0,0.0,1.0,0.0,0.0,-15.0,83.0,Evil_Twin
80.0,-2.0,0.0,0.0,0.0,0.0,179.0,12.0,80.0,Evil_Twin
80.0,-3.0,-2.0,0.0,-1.0,-1.0,37.0,-26.0,97.0,Evil_Twin
80.0,0.0,0.0,0.0,0.0,-1.0,35.0,-13.0,85.0,Evil_Twin
80.0,0.0,0.0,0.0,0.0,0.0,0.0,-7.0,88.0,Evil_Twin
70.0,-2.0,1.0,0.0,-1.0,-2.0,178.0,7.0,73.0,Evil_Twin
70.0,0.0,-1.0,0.0,-2.0,-2.0,0.0,-11.0,84.0,Evil_Twin
70.0,0.0,0.0,0.0,0.0,-1.0,178.0,-11.0,83.0,Evil_Twin
70.0,0.0,0.0,0.0,0.0,0.0,0.0,4.0,81.0,Evil_Twin
80.0,0.0,0.0,0.0,0.0,0.0,131.0,-10.0,84.0,Evil_Twin
70.0,0.0,-1.0,0.0,0.0,5.0,178.0,-24.0,76.0,Evil_Twin
60.0,0.0,0.0,0.0,0.0,-2.0,178.0,-5.0,83.0,Evil_Twin
70.0,1.0,0.0,0.0,0.0,0.0,0.0,-3.0,82.0,Evil_Twin
80.0,0.0,0.0,0.0,0.0,1.0,0.0,-3.0,84.0,Evil_Twin
60.0,2.0,0.0,0.0,-1.0,-1.0,0.0,21.0,77.0,Evil_Twin
80.0,0.0,0.0,0.0,0.0,0.0,0.0,-1.0,85.0,Evil_Twin
70.0,-2.0,0.0,0.0,-1.0,0.0,178.0,-14.0,77.0,Evil_Twin
70.0,-2.0,0.0,0.0,-1.0,0.0,178.0,-1.0,79.0,Evil_Twin
70.0,0.0,0.0,0.0,0.0,0.0,0.0,-10.0,84.0,Evil_Twin
80.0,0.0,0.0,0.0,0.0,-1.0,178.0,6.0,82.0,Evil_Twin
80.0,-2.0,0.0,0.0,0.0,-1.0,-144.0,19.0,88.0,Evil_Twin
80.0,0.0,0.0,0.0,0.0,0.0,-7.0,9.0,83.0,Evil_Twin
70.0,2.0,-1.0,0.0,-1.0,-1.0,0.0,-9.0,81.0,Evil_Twin
80.0,0.0,0.0,0.0,0.0,0.0,0.0,-16.0,86.0,Evil_Twin
70.0,0.0,-1.0,0.0,-1.0,0.0,0.0,7.0,80.0,Evil_Twin
80.0,0.0,0.0,0.0,-1.0,0.0,1.0,6.0,82.0,Evil_Twin
80.0,-1.0,0.0,0.0,3.0,0.0,178.0,-7.0,80.0,Evil_Twin
80.0,0.0,0.0,0.0,0.0,0.0,-117.0,4.0,83.0,Evil_Twin
60.0,2.0,0.0,0.0,-1.0,0.0,0.0,-24.0,57.0,Evil_Twin
80.0,0.0,0.0,0.0,-7.0,-2.0,178.0,11.0,85.0,Evil_Twin
80.0,0.0,0.0,0.0,2.0,0.0,-2.0,4.0,82.0,Evil_Twin
80.0,0.0,0.0,0.0,0.0,0.0,0.0,5.0,81.0,Evil_Twin
70.0,0.0,0.0,0.0,1.0,-1.0,0.0,8.0,80.0,Evil_Twin
60.0,-2.0,0.0,0.0,-1.0,-1.0,179.0,-17.0,85.0,Evil_Twin
70.0,0.0,0.0,0.0,-1.0,-1.0,179.0,-10.0,81.0,Evil_Twin
60.0,0.0,0.0,0.0,0.0,0.0,124.0,4.0,83.0,Evil_Twin
80.0,0.0,0.0,0.0,0.0,0.0,32.0,11.0,82.0,Evil_Twin
60.0,0.0,0.0,0.0,0.0,-1.0,0.0,-13.0,84.0,Evil_Twin
110.0,0.0,0.0,0.0,0.0,-1.0,37.0,-19.0,120.0,Evil_Twin
80.0,0.0,0.0,0.0,-1.0,0.0,0.0,-13.0,82.0,Evil_Twin
60.0,0.0,0.0,0.0,0.0,0.0,154.0,-8.0,78.0,Evil_Twin
70.0,0.0,0.0,0.0,0.0,0.0,0.0,-8.0,81.0,Evil_Twin
70.0,0.0,0.0,0.0,0.0,0.0,178.0,-7.0,80.0,Evil_Twin
80.0,0.0,0.0,0.0,0.0,0.0,0.0,-2.0,86.0,Evil_Twin
70.0,-4.0,0.0,0.0,1.0,0.0,178.0,5.0,81.0,Evil_Twin
80.0,-1.0,0.0,0.0,0.0,0.0,178.0,3.0,81.0,Evil_Twin
70.0,0.0,0.0,0.0,0.0,0.0,0.0,-10.0,84.0,Evil_Twin
80.0,0.0,0.0,0.0,0.0,0.0,0.0,-2.0,84.0,Evil_Twin
90.0,0.0,0.0,1.0,0.0,0.0,178.0,-2.0,93.0,Evil_Twin
80.0,0.0,0.0,0.0,0.0,0.0,-3.0,-200.0,-200.0,Evil_Twin
70.0,0.0,0.0,0.0,0.0,0.0,0.0,0.0,76.0,Evil_Twin
70.0,-1.0,-1.0,0.0,-1.0,0.0,0.0,9.0,82.0,Evil_Twin
60.0,3.0,0.0,0.0,-8.0,0.0,0.0,4.0,80.0,Evil_Twin
60.0,0.0,0.0,0.0,0.0,0.0,-139.0,6.0,78.0,Evil_Twin
80.0,0.0,0.0,0.0,0.0,0.0,0.0,7.0,81.0,Evil_Twin
80.0,0.0,1.0,0.0,0.0,-1.0,177.0,14.0,81.0,Evil_Twin
70.0,-2.0,0.0,0.0,0.0,0.0,178.0,22.0,77.0,Evil_Twin
80.0,0.0,0.0,0.0,0.0,0.0,0.0,0.0,87.0,Evil_Twin
80.0,0.0,1.0,0.0,1.0,3.0,178.0,-16.0,84.0,Evil_Twin
60.0,-2.0,1.0,0.0,0.0,-1.0,178.0,14.0,80.0,Evil_Twin
80.0,2.0,0.0,0.0,-1.0,-1.0,1.0,-15.0,86.0,Evil_Twin
80.0,2.0,0.0,0.0,0.0,-2.0,0.0,-16.0,91.0,Evil_Twin
60.0,0.0,-1.0,0.0,-2.0,-2.0,0.0,-15.0,79.0,Evil_Twin
80.0,-2.0,-3.0,0.0,-1.0,-1.0,37.0,-100.0,-100.0,Evil_Twin
70.0,1.0,0.0,0.0,0.0,-1.0,0.0,-11.0,83.0,Evil_Twin
70.0,0.0,0.0,0.0,0.0,0.0,179.0,8.0,84.0,Evil_Twin
80.0,-2.0,0.0,0.0,-1.0,0.0,178.0,-3.0,84.0,Evil_Twin
60.0,2.0,-1.0,0.0,-1.0,-1.0,0.0,-23.0,88.0,Evil_Twin
70.0,0.0,0.0,0.0,2.0,0.0,178.0,0.0,79.0,Evil_Twin
80.0,-1.0,0.0,0.0,0.0,0.0,178.0,-6.0,83.0,Evil_Twin
70.0,2.0,0.0,0.0,0.0,-1.0,0.0,24.0,77.0,Evil_Twin
80.0,0.0,0.0,0.0,0.0,0.0,0.0,-2.0,84.0,Evil_Twin
60.0,0.0,0.0,0.0,0.0,-1.0,0.0,6.0,81.0,Evil_Twin
80.0,1.0,-1.0,0.0,-1.0,0.0,1.0,16.0,83.0,Evil_Twin
70.0,-2.0,0.0,0.0,0.0,0.0,178.0,-5.0,76.0,Evil_Twin
60.0,0.0,0.0,0.0,0.0,0.0,0.0,-2.0,83.0,Evil_Twin
50.0,0.0,0.0,4.0,0.0,0.0,-3.0,-200.0,-200.0,Evil_Twin
60.0,0.0,2.0,0.0,0.0,0.0,0.0,1.0,80.0,Evil_Twin
80.0,0.0,0.0,0.0,0.0,0.0,115.0,-8.0,81.0,Evil_Twin
70.0,1.0,0.0,0.0,-1.0,-1.0,179.0,9.0,80.0,Evil_Twin
30.0,0.0,0.0,4.0,0.0,0.0,-2.0,-200.0,-200.0,Evil_Twin
70.0,1.0,-1.0,0.0,0.0,-1.0,0.0,-22.0,80.0,Evil_Twin
60.0,2.0,0.0,0.0,-1.0,0.0,0.0,-1.0,82.0,Evil_Twin
80.0,0.0,0.0,0.0,0.0,0.0,178.0,4.0,81.0,Evil_Twin
70.0,0.0,0.0,0.0,-9.0,0.0,0.0,4.0,80.0,Evil_Twin
80.0,1.0,-1.0,0.0,-1.0,-1.0,0.0,-15.0,82.0,Evil_Twin
80.0,0.0,0.0,0.0,0.0,0.0,0.0,-8.0,85.0,Evil_Twin
70.0,0.0,0.0,0.0,0.0,0.0,53.0,-6.0,81.0,Evil_Twin
80.0,0.0,0.0,0.0,0.0,0.0,29.0,-1.0,83.0,Evil_Twin
80.0,2.0,0.0,0.0,-1.0,-1.0,0.0,-22.0,92.0,Evil_Twin
80.0,-2.0,0.0,0.0,0.0,-1.0,178.0,-19.0,84.0,Evil_Twin
70.0,0.0,0.0,0.0,0.0,-1.0,0.0,26.0,80.0,Evil_Twin
70.0,1.0,0.0,0.0,0.0,-1.0,0.0,11.0,76.0,Evil_Twin
80.0,0.0,0.0,0.0,0.0,0.0,178.0,-11.0,85.0,Evil_Twin
70.0,-2.0,0.0,0.0,-1.0,0.0,178.0,1.0,80.0,Evil_Twin
80.0,2.0,0.0,0.0,-1.0,0.0,0.0,-21.0,86.0,Evil_Twin
80.0,2.0,0.0,0.0,-1.0,0.0,0.0,-13.0,88.0,Evil_Twin
70.0,0.0,0.0,0.0,0.0,0.0,0.0,-6.0,81.0,Evil_Twin
80.0,1.0,-2.0,0.0,-1.0,-1.0,0.0,-27.0,81.0,Evil_Twin
80.0,2.0,-1.0,0.0,-1.0,-1.0,0.0,-21.0,83.0,Evil_Twin
80.0,2.0,0.0,0.0,-1.0,-1.0,37.0,-33.0,96.0,Evil_Twin
80.0,0.0,0.0,0.0,0.0,0.0,34.0,-200.0,-200.0,Evil_Twin
80.0,0.0,0.0,0.0,-2.0,-1.0,0.0,6.0,82.0,Evil_Twin
80.0,1.0,-1.0,0.0,0.0,0.0,0.0,45.0,74.0,Evil_Twin
70.0,-2.0,0.0,0.0,0.0,0.0,178.0,4.0,80.0,Evil_Twin
80.0,0.0,0.0,0.0,0.0,2.0,178.0,-5.0,80.0,Evil_Twin
70.0,0.0,0.0,0.0,7.0,-1.0,178.0,7.0,73.0,Evil_Twin
80.0,0.0,0.0,0.0,-1.0,0.0,2.0,-21.0,85.0,Evil_Twin
70.0,0.0,0.0,0.0,0.0,0.0,-3.0,15.0,82.0,Evil_Twin
70.0,2.0,0.0,0.0,-1.0,0.0,0.0,-19.0,83.0,Evil_Twin
80.0,0.0,0.0,0.0,0.0,0.0,178.0,-19.0,87.0,Evil_Twin
80.0,0.0,0.0,0.0,0.0,0.0,178.0,-21.0,82.0,Evil_Twin
80.0,-2.0,1.0,0.0,0.0,-1.0,178.0,-31.0,68.0,Evil_Twin
80.0,0.0,-1.0,0.0,-1.0,-2.0,178.0,-7.0,82.0,Evil_Twin
80.0,0.0,0.0,0.0,1.0,3.0,178.0,-13.0,82.0,Evil_Twin
80.0,1.0,-1.0,0.0,0.0,-1.0,0.0,-26.0,81.0,Evil_Twin
80.0,0.0,0.0,0.0,0.0,1.0,0.0,-8.0,82.0,Evil_Twin
80.0,0.0,0.0,0.0,0.0,0.0,178.0,-11.0,83.0,Evil_Twin
80.0,2.0,0.0,0.0,-1.0,0.0,0.0,-16.0,77.0,Evil_Twin
70.0,2.0,0.0,0.0,-1.0,-1.0,0.0,24.0,78.0,Evil_Twin
70.0,2.0,0.0,0.0,-1.0,-2.0,0.0,19.0,81.0,Evil_Twin
70.0,0.0,0.0,0.0,0.0,0.0,178.0,-3.0,78.0,Evil_Twin
80.0,0.0,-1.0,0.0,-1.0,0.0,1.0,-9.0,79.0,Evil_Twin
50.0,0.0,0.0,0.0,0.0,0.0,-3.0,-200.0,-200.0,Evil_Twin
80.0,-2.0,1.0,0.0,0.0,-1.0,178.0,-31.0,68.0,Evil_Twin
70.0,0.0,0.0,0.0,0.0,0.0,0.0,-2.0,85.0,Evil_Twin
60.0,0.0,0.0,1.0,0.0,0.0,-3.0,-200.0,-200.0,Evil_Twin
80.0,0.0,0.0,0.0,0.0,0.0,-149.0,-5.0,80.0,Evil_Twin
80.0,0.0,0.0,0.0,0.0,0.0,178.0,-13.0,81.0,Evil_Twin
80.0,-2.0,0.0,0.0,0.0,0.0,178.0,-7.0,75.0,Evil_Twin
80.0,4.0,0.0,0.0,0.0,0.0,0.0,-12.0,84.0,Evil_Twin
60.0,0.0,0.0,0.0,-1.0,0.0,0.0,-3.0,82.0,Evil_Twin
80.0,1.0,0.0,0.0,0.0,0.0,0.0,8.0,83.0,Evil_Twin
70.0,0.0,0.0,0.0,-1.0,0.0,0.0,1.0,75.0,Evil_Twin
80.0,1.0,-1.0,0.0,0.0,0.0,0.0,45.0,74.0,Evil_Twin
80.0,0.0,0.0,0.0,0.0,0.0,178.0,-13.0,85.0,Evil_Twin
60.0,2.0,0.0,0.0,-1.0,-1.0,0.0,21.0,77.0,Evil_Twin
60.0,0.0,0.0,0.0,0.0,0.0,178.0,-4.0,80.0,Evil_Twin
80.0,-2.0,0.0,0.0,-1.0,0.0,178.0,-15.0,79.0,Evil_Twin
70.0,-2.0,0.0,0.0,0.0,0.0,178.0,-3.0,81.0,Evil_Twin
80.0,2.0,0.0,0.0,-1.0,0.0,0.0,20.0,84.0,Evil_Twin
80.0,-2.0,1.0,0.0,-1.0,-1.0,178.0,10.0,75.0,Evil_Twin
70.0,0.0,0.0,0.0,-1.0,0.0,0.0,-9.0,83.0,Evil_Twin
80.0,0.0,0.0,-1.0,0.0,0.0,0.0,4.0,105.0,Evil_Twin
80.0,0.0,0.0,0.0,0.0,0.0,175.0,1.0,81.0,Evil_Twin
70.0,0.0,-1.0,0.0,-1.0,0.0,0.0,-18.0,83.0,Evil_Twin
60.0,0.0,-1.0,0.0,0.0,0.0,0.0,-9.0,82.0,Evil_Twin
70.0,0.0,0.0,0.0,0.0,0.0,0.0,5.0,80.0,Evil_Twin
60.0,0.0,0.0,0.0,0.0,0.0,-68.0,12.0,82.0,Evil_Twin
80.0,-2.0,0.0,0.0,0.0,1.0,178.0,-8.0,78.0,Evil_Twin
80.0,0.0,-2.0,0.0,-2.0,-1.0,37.0,-37.0,93.0,Evil_Twin
80.0,0.0,0.0,0.0,0.0,0.0,0.0,-6.0,84.0,Evil_Twin
80.0,0.0,-1.0,0.0,0.0,-1.0,0.0,-8.0,83.0,Evil_Twin
70.0,-1.0,0.0,0.0,0.0,0.0,178.0,-8.0,79.0,Evil_Twin
80.0,0.0,0.0,0.0,1.0,1.0,1.0,16.0,79.0,Evil_Twin
70.0,1.0,0.0,0.0,0.0,0.0,0.0,0.0,79.0,Evil_Twin
60.0,1.0,0.0,0.0,-1.0,0.0,0.0,-7.0,82.0,Evil_Twin
60.0,-2.0,0.0,0.0,-8.0,0.0,178.0,-10.0,83.0,Evil_Twin
80.0,0.0,0.0,0.0,0.0,0.0,178.0,-12.0,85.0,Evil_Twin
70.0,0.0,0.0,0.0,0.0,0.0,0.0,7.0,80.0,Evil_Twin
80.0,-2.0,0.0,0.0,0.0,0.0,178.0,-7.0,84.0,Evil_Twin
60.0,0.0,0.0,0.0,0.0,0.0,0.0,7.0,80.0,Evil_Twin
80.0,2.0,0.0,0.0,-1.0,0.0,0.0,-27.0,88.0,Evil_Twin
80.0,0.0,-1.0,0.0,-1.0,-1.0,1.0,-14.0,79.0,Evil_Twin
70.0,0.0,0.0,0.0,0.0,0.0,0.0,-6.0,82.0,Evil_Twin
80.0,0.0,0.0,0.0,0.0,-1.0,21.0,-8.0,85.0,Evil_Twin
80.0,2.0,0.0,0.0,-1.0,-1.0,0.0,14.0,83.0,Evil_Twin
70.0,-3.0,0.0,0.0,-7.0,0.0,178.0,-13.0,84.0,Evil_Twin
80.0,0.0,0.0,0.0,0.0,0.0,0.0,-14.0,82.0,Evil_Twin
80.0,0.0,0.0,0.0,0.0,0.0,178.0,-12.0,85.0,Evil_Twin
70.0,0.0,0.0,3.0,0.0,0.0,-2.0,-200.0,-200.0,Evil_Twin
80.0,2.0,-1.0,0.0,-1.0,-1.0,0.0,-11.0,91.0,Evil_Twin
60.0,0.0,2.0,0.0,0.0,0.0,0.0,1.0,80.0,Evil_Twin
80.0,-2.0,0.0,0.0,-1.0,0.0,179.0,1.0,77.0,Evil_Twin
80.0,0.0,0.0,0.0,0.0,0.0,178.0,-3.0,83.0,Evil_Twin
60.0,2.0,0.0,0.0,-2.0,-1.0,0.0,-31.0,81.0,Evil_Twin
80.0,-3.0,0.0,0.0,-8.0,0.0,178.0,-5.0,80.0,Evil_Twin
80.0,0.0,0.0,0.0,0.0,0.0,0.0,-8.0,82.0,Evil_Twin
60.0,1.0,0.0,0.0,-1.0,0.0,0.0,-6.0,79.0,Evil_Twin
60.0,0.0,0.0,0.0,0.0,0.0,-3.0,-200.0,-200.0,Evil_Twin
60.0,0.0,0.0,0.0,0.0,0.0,0.0,-2.0,83.0,Evil_Twin
80.0,0.0,-1.0,0.0,-1.0,-1.0,0.0,-23.0,88.0,Evil_Twin
50.0,0.0,0.0,4.0,0.0,0.0,-3.0,-200.0,-200.0,Evil_Twin
60.0,0.0,0.0,0.0,0.0,0.0,-67.0,-5.0,84.0,Evil_Twin
70.0,-2.0,1.0,0.0,0.0,1.0,174.0,-2.0,82.0,Evil_Twin
60.0,0.0,-1.0,0.0,0.0,0.0,178.0,-8.0,80.0,Evil_Twin
80.0,-2.0,0.0,0.0,0.0,0.0,178.0,-8.0,81.0,Evil_Twin
80.0,0.0,0.0,0.0,0.0,-1.0,178.0,10.0,82.0,Evil_Twin
80.0,0.0,0.0,0.0,1.0,1.0,1.0,9.0,82.0,Evil_Twin
70.0,-1.0,1.0,0.0,0.0,0.0,178.0,-10.0,82.0,Evil_Twin
60.0,0.0,0.0,0.0,0.0,0.0,178.0,5.0,82.0,Evil_Twin
80.0,0.0,0.0,0.0,0.0,0.0,178.0,-19.0,87.0,Evil_Twin
70.0,0.0,0.0,0.0,0.0,0.0,178.0,0.0,81.0,Evil_Twin
80.0,0.0,0.0,0.0,0.0,0.0,0.0,-4.0,85.0,Evil_Twin
80.0,0.0,0.0,0.0,0.0,0.0,-100.0,2.0,81.0,Evil_Twin
70.0,2.0,0.0,0.0,-1.0,-1.0,0.0,-14.0,88.0,Evil_Twin
80.0,0.0,0.0,0.0,0.0,0.0,0.0,-16.0,85.0,Evil_Twin
60.0,1.0,0.0,0.0,-1.0,0.0,0.0,5.0,83.0,Evil_Twin
80.0,0.0,0.0,0.0,-3.0,0.0,1.0,5.0,82.0,Evil_Twin
70.0,0.0,-1.0,0.0,0.0,0.0,0.0,-6.0,84.0,Evil_Twin
80.0,0.0,-1.0,0.0,0.0,-4.0,1.0,-26.0,85.0,Evil_Twin
50.0,0.0,0.0,4.0,0.0,0.0,-3.0,-200.0,-200.0,Evil_Twin
80.0,2.0,0.0,0.0,-1.0,-1.0,0.0,-15.0,94.0,Evil_Twin
70.0,0.0,0.0,0.0,0.0,0.0,178.0,-22.0,81.0,Evil_Twin
80.0,0.0,0.0,0.0,-1.0,0.0,1.0,6.0,82.0,Evil_Twin
70.0,0.0,0.0,0.0,0.0,-1.0,16.0,-12.0,83.0,Evil_Twin
80.0,0.0,0.0,0.0,0.0,0.0,31.0,21.0,83.0,Evil_Twin
80.0,0.0,0.0,0.0,0.0,0.0,179.0,-15.0,81.0,Evil_Twin
80.0,1.0,-1.0,0.0,0.0,-1.0,0.0,-26.0,81.0,Evil_Twin
60.0,0.0,0.0,0.0,0.0,0.0,124.0,-5.0,79.0,Evil_Twin
90.0,0.0,0.0,0.0,0.0,0.0,178.0,5.0,112.0,Evil_Twin
60.0,0.0,0.0,0.0,0.0,0.0,0.0,0.0,81.0,Evil_Twin
80.0,1.0,-1.0,0.0,2.0,-2.0,0.0,-14.0,80.0,Evil_Twin
100.0,0.0,0.0,0.0,0.0,0.0,0.0,-7.0,114.0,Evil_Twin
60.0,0.0,0.0,0.0,0.0,0.0,-83.0,3.0,81.0,Evil_Twin
80.0,-2.0,0.0,0.0,-1.0,0.0,178.0,-3.0,83.0,Evil_Twin
90.0,0.0,0.0,1.0,-1.0,0.0,0.0,-14.0,113.0,Evil_Twin
90.0,0.0,0.0,0.0,0.0,0.0,0.0,6.0,116.0,Evil_Twin
60.0,2.0,0.0,0.0,-1.0,-1.0,0.0,-24.0,78.0,Evil_Twin
80.0,0.0,0.0,0.0,0.0,0.0,0.0,5.0,81.0,Evil_Twin
80.0,0.0,0.0,0.0,0.0,-1.0,0.0,-14.0,85.0,Evil_Twin
80.0,-2.0,-2.0,0.0,6.0,-1.0,37.0,-31.0,89.0,Evil_Twin
80.0,0.0,0.0,0.0,-1.0,0.0,0.0,-3.0,84.0,Evil_Twin
70.0,0.0,0.0,0.0,0.0,0.0,-6.0,-200.0,-200.0,Evil_Twin
40.0,0.0,0.0,4.0,0.0,0.0,-3.0,-200.0,-200.0,Evil_Twin
80.0,-1.0,0.0,0.0,0.0,-1.0,178.0,8.0,82.0,Evil_Twin
30.0,0.0,0.0,4.0,0.0,0.0,-3.0,-200.0,-200.0,Evil_Twin
80.0,-2.0,0.0,0.0,-1.0,-1.0,178.0,-26.0,83.0,Evil_Twin
100.0,0.0,0.0,-1.0,-1.0,0.0,0.0,-12.0,110.0,Evil_Twin
80.0,-2.0,0.0,0.0,0.0,-1.0,178.0,-22.0,84.0,Evil_Twin
60.0,0.0,0.0,0.0,0.0,0.0,0.0,7.0,80.0,Evil_Twin
80.0,-2.0,0.0,0.0,-1.0,0.0,178.0,-15.0,79.0,Evil_Twin
80.0,0.0,0.0,0.0,0.0,0.0,-117.0,4.0,83.0,Evil_Twin
80.0,0.0,0.0,0.0,0.0,1.0,178.0,-17.0,81.0,Evil_Twin
80.0,0.0,0.0,0.0,0.0,0.0,-112.0,-8.0,84.0,Evil_Twin
80.0,2.0,0.0,0.0,-1.0,0.0,0.0,-35.0,77.0,Evil_Twin
80.0,0.0,0.0,0.0,0.0,-1.0,49.0,-9.0,84.0,Evil_Twin
80.0,-4.0,0.0,0.0,-4.0,0.0,178.0,-12.0,82.0,Evil_Twin
70.0,0.0,0.0,-1.0,0.0,0.0,0.0,0.0,74.0,Evil_Twin
80.0,0.0,0.0,-1.0,-1.0,-1.0,0.0,-17.0,99.0,Evil_Twin
80.0,1.0,0.0,0.0,-1.0,-1.0,0.0,7.0,81.0,Evil_Twin
80.0,0.0,0.0,-1.0,-1.0,-1.0,0.0,-17.0,99.0,Evil_Twin
80.0,-2.0,0.0,0.0,-1.0,-1.0,178.0,23.0,82.0,Evil_Twin
80.0,0.0,2.0,0.0,0.0,0.0,1.0,-9.0,84.0,Evil_Twin
80.0,2.0,0.0,0.0,-1.0,0.0,0.0,25.0,81.0,Evil_Twin
80.0,1.0,2.0,0.0,-1.0,-1.0,-143.0,26.0,92.0,Evil_Twin
80.0,0.0,0.0,0.0,-1.0,-1.0,1.0,17.0,81.0,Evil_Twin
80.0,0.0,0.0,0.0,0.0,3.0,0.0,-14.0,84.0,Evil_Twin
80.0,-2.0,1.0,0.0,0.0,2.0,178.0,9.0,73.0,Evil_Twin
70.0,-2.0,0.0,0.0,-1.0,0.0,178.0,10.0,81.0,Evil_Twin
80.0,0.0,0.0,0.0,0.0,-1.0,81.0,-12.0,82.0,Evil_Twin
70.0,2.0,0.0,0.0,0.0,0.0,0.0,-1.0,79.0,Evil_Twin
70.0,-3.0,0.0,0.0,0.0,-1.0,178.0,23.0,80.0,Evil_Twin
80.0,0.0,0.0,0.0,0.0,0.0,0.0,-6.0,83.0,Evil_Twin
70.0,-4.0,0.0,0.0,-4.0,0.0,178.0,-13.0,78.0,Evil_Twin
70.0,-2.0,0.0,0.0,0.0,0.0,178.0,4.0,80.0,Evil_Twin
80.0,0.0,0.0,0.0,0.0,0.0,178.0,-15.0,85.0,Evil_Twin
80.0,2.0,0.0,0.0,-1.0,-1.0,0.0,-6.0,83.0,Evil_Twin
70.0,2.0,0.0,0.0,0.0,-1.0,0.0,15.0,80.0,Evil_Twin
60.0,2.0,0.0,0.0,-1.0,-1.0,0.0,-29.0,81.0,Evil_Twin
70.0,2.0,0.0,0.0,-1.0,-1.0,0.0,21.0,77.0,Evil_Twin
80.0,-2.0,0.0,0.0,-1.0,-1.0,179.0,20.0,83.0,Evil_Twin
60.0,-1.0,1.0,0.0,0.0,-2.0,178.0,13.0,83.0,Evil_Twin
90.0,0.0,0.0,-1.0,0.0,0.0,0.0,0.0,96.0,Evil_Twin
80.0,-2.0,1.0,0.0,-1.0,-1.0,179.0,-26.0,73.0,Evil_Twin
60.0,-2.0,0.0,0.0,-1.0,0.0,178.0,-14.0,79.0,Evil_Twin
80.0,0.0,-1.0,0.0,0.0,0.0,178.0,-9.0,81.0,Evil_Twin
60.0,-2.0,0.0,0.0,-1.0,-1.0,178.0,3.0,85.0,Evil_Twin
80.0,-2.0,0.0,0.0,0.0,-1.0,178.0,9.0,85.0,Evil_Twin
70.0,0.0,-1.0,0.0,0.0,0.0,178.0,-14.0,81.0,Evil_Twin
60.0,2.0,0.0,0.0,-1.0,-1.0,0.0,-19.0,80.0,Evil_Twin
70.0,0.0,0.0,0.0,0.0,-1.0,0.0,14.0,80.0,Evil_Twin
80.0,0.0,0.0,0.0,0.0,-1.0,1.0,-15.0,86.0,Evil_Twin
80.0,2.0,0.0,0.0,-1.0,0.0,0.0,20.0,77.0,Evil_Twin
80.0,-3.0,-2.0,0.0,-1.0,0.0,0.0,-21.0,79.0,Evil_Twin
80.0,1.0,0.0,1.0,-1.0,-1.0,0.0,-22.0,94.0,Evil_Twin
70.0,0.0,0.0,0.0,0.0,0.0,0.0,22.0,77.0,Evil_Twin
80.0,0.0,0.0,0.0,0.0,0.0,-45.0,7.0,82.0,Evil_Twin
60.0,0.0,0.0,0.0,-1.0,0.0,0.0,-8.0,86.0,Evil_Twin
80.0,0.0,-1.0,0.0,-1.0,0.0,0.0,-9.0,83.0,Evil_Twin
60.0,0.0,0.0,0.0,-2.0,-3.0,0.0,-28.0,73.0,Evil_Twin
70.0,0.0,0.0,0.0,0.0,0.0,0.0,-2.0,85.0,Evil_Twin
80.0,0.0,0.0,0.0,0.0,0.0,31.0,21.0,83.0,Evil_Twin
80.0,0.0,0.0,0.0,-1.0,0.0,0.0,5.0,81.0,Evil_Twin
60.0,0.0,0.0,0.0,1.0,0.0,0.0,-12.0,82.0,Evil_Twin
80.0,-1.0,0.0,0.0,0.0,-1.0,178.0,12.0,83.0,Evil_Twin
80.0,0.0,-1.0,0.0,-1.0,0.0,1.0,-9.0,79.0,Evil_Twin
0.0,0.0,0.0,0.0,0.0,0.0,-3.0,-200.0,-200.0,Evil_Twin
80.0,0.0,0.0,0.0,-1.0,0.0,0.0,-4.0,83.0,Evil_Twin
60.0,2.0,0.0,0.0,-1.0,0.0,0.0,-3.0,81.0,Evil_Twin
80.0,0.0,0.0,1.0,0.0,0.0,0.0,-14.0,93.0,Evil_Twin
80.0,1.0,-1.0,0.0,-1.0,-1.0,0.0,-15.0,82.0,Evil_Twin
60.0,0.0,-1.0,0.0,0.0,0.0,0.0,-8.0,82.0,Evil_Twin
80.0,0.0,0.0,0.0,0.0,0.0,178.0,-16.0,82.0,Evil_Twin
80.0,2.0,0.0,0.0,-1.0,0.0,0.0,1.0,88.0,Evil_Twin
70.0,-2.0,0.0,0.0,0.0,0.0,178.0,4.0,80.0,Evil_Twin
80.0,0.0,0.0,0.0,0.0,0.0,0.0,-6.0,85.0,Evil_Twin
70.0,0.0,-1.0,0.0,0.0,0.0,178.0,10.0,81.0,Evil_Twin
70.0,0.0,0.0,0.0,0.0,0.0,31.0,-5.0,82.0,Evil_Twin
70.0,0.0,0.0,0.0,0.0,0.0,178.0,2.0,82.0,Evil_Twin
80.0,0.0,0.0,0.0,-1.0,0.0,0.0,-14.0,86.0,Evil_Twin
80.0,-2.0,0.0,0.0,0.0,0.0,178.0,1.0,88.0,Evil_Twin
70.0,1.0,0.0,0.0,2.0,0.0,0.0,6.0,72.0,Evil_Twin
60.0,-1.0,-1.0,0.0,0.0,0.0,178.0,-20.0,79.0,Evil_Twin
80.0,0.0,0.0,0.0,0.0,0.0,0.0,-16.0,83.0,Evil_Twin
80.0,-2.0,0.0,0.0,-1.0,0.0,178.0,8.0,82.0,Evil_Twin
70.0,0.0,0.0,0.0,0.0,0.0,0.0,-4.0,84.0,Evil_Twin
80.0,0.0,0.0,0.0,0.0,0.0,0.0,1.0,84.0,Evil_Twin
60.0,0.0,0.0,0.0,0.0,0.0,0.0,0.0,83.0,Evil_Twin
60.0,0.0,0.0,0.0,0.0,0.0,0.0,-5.0,82.0,Evil_Twin
80.0,0.0,0.0,0.0,0.0,0.0,-7.0,9.0,83.0,Evil_Twin
80.0,2.0,0.0,0.0,-1.0,0.0,0.0,-36.0,84.0,Evil_Twin
70.0,0.0,0.0,0.0,0.0,0.0,178.0,-12.0,83.0,Evil_Twin
80.0,0.0,0.0,0.0,0.0,0.0,178.0,-21.0,81.0,Evil_Twin
60.0,-2.0,0.0,0.0,-1.0,-1.0,178.0,3.0,85.0,Evil_Twin
70.0,0.0,0.0,0.0,-9.0,0.0,178.0,2.0,80.0,Evil_Twin
60.0,0.0,0.0,0.0,0.0,0.0,0.0,-5.0,84.0,Evil_Twin
80.0,-2.0,0.0,0.0,-1.0,0.0,178.0,-3.0,83.0,Evil_Twin
80.0,0.0,0.0,0.0,0.0,-2.0,-144.0,23.0,81.0,Evil_Twin
80.0,-4.0,0.0,0.0,0.0,0.0,178.0,4.0,83.0,Evil_Twin
0.0,0.0,0.0,3.0,0.0,0.0,-3.0,-200.0,-200.0,Evil_Twin
70.0,2.0,0.0,0.0,-1.0,-1.0,0.0,-38.0,74.0,Evil_Twin
70.0,0.0,0.0,0.0,0.0,0.0,152.0,1.0,82.0,Evil_Twin
80.0,-2.0,0.0,0.0,0.0,0.0,178.0,-17.0,84.0,Evil_Twin
70.0,2.0,0.0,0.0,-8.0,0.0,0.0,-21.0,84.0,Evil_Twin
80.0,0.0,0.0,0.0,0.0,0.0,0.0,6.0,83.0,Evil_Twin
70.0,0.0,0.0,0.0,0.0,-1.0,0.0,-8.0,84.0,Evil_Twin
70.0,0.0,0.0,0.0,0.0,0.0,178.0,-7.0,80.0,Evil_Twin
80.0,0.0,0.0,0.0,0.0,0.0,0.0,-2.0,80.0,Evil_Twin
80.0,2.0,0.0,0.0,-1.0,0.0,0.0,20.0,84.0,Evil_Twin
80.0,0.0,0.0,0.0,0.0,0.0,178.0,-3.0,85.0,Evil_Twin
80.0,0.0,0.0,0.0,0.0,0.0,0.0,-14.0,84.0,Evil_Twin
70.0,0.0,0.0,0.0,0.0,0.0,-34.0,7.0,82.0,Evil_Twin
80.0,0.0,0.0,0.0,0.0,0.0,0.0,-2.0,86.0,Evil_Twin
70.0,0.0,0.0,0.0,0.0,0.0,0.0,-18.0,83.0,Evil_Twin
70.0,2.0,0.0,0.0,-1.0,-1.0,0.0,-23.0,93.0,Evil_Twin
80.0,2.0,2.0,0.0,0.0,-1.0,-143.0,49.0,79.0,Evil_Twin
70.0,4.0,0.0,0.0,0.0,0.0,0.0,-4.0,79.0,Evil_Twin
80.0,1.0,-1.0,0.0,3.0,3.0,0.0,11.0,85.0,Evil_Twin
0.0,0.0,0.0,4.0,0.0,0.0,-3.0,-200.0,-200.0,Evil_Twin
70.0,0.0,0.0,0.0,0.0,0.0,-3.0,-200.0,-200.0,Evil_Twin
90.0,0.0,0.0,2.0,0.0,0.0,0.0,-10.0,103.0,Evil_Twin
80.0,2.0,0.0,0.0,-2.0,0.0,0.0,-24.0,77.0,Evil_Twin
60.0,1.0,0.0,0.0,-1.0,0.0,0.0,-6.0,79.0,Evil_Twin
70.0,-2.0,0.0,0.0,-1.0,0.0,178.0,-2.0,76.0,Evil_Twin
60.0,4.0,0.0,0.0,4.0,0.0,177.0,-4.0,79.0,Evil_Twin
70.0,-2.0,0.0,0.0,-1.0,0.0,178.0,-9.0,84.0,Evil_Twin
60.0,2.0,0.0,0.0,-1.0,0.0,0.0,-1.0,75.0,Evil_Twin
80.0,0.0,0.0,0.0,0.0,0.0,0.0,-3.0,86.0,Evil_Twin
80.0,0.0,0.0,0.0,-1.0,0.0,0.0,-9.0,82.0,Evil_Twin
70.0,0.0,0.0,0.0,-3.0,0.0,0.0,4.0,80.0,Evil_Twin
80.0,0.0,0.0,0.0,0.0,0.0,0.0,-8.0,84.0,Evil_Twin
80.0,2.0,0.0,0.0,-1.0,-1.0,0.0,-32.0,84.0,Evil_Twin
60.0,-2.0,0.0,0.0,-1.0,0.0,178.0,6.0,81.0,Evil_Twin
60.0,0.0,-1.0,0.0,0.0,0.0,0.0,-8.0,82.0,Evil_Twin
80.0,0.0,-1.0,0.0,-1.0,-1.0,0.0,-9.0,83.0,Evil_Twin
80.0,0.0,-1.0,0.0,-1.0,0.0,0.0,-10.0,83.0,Evil_Twin
80.0,0.0,0.0,0.0,0.0,0.0,179.0,-2.0,81.0,Evil_Twin
-10.0,-1.0,0.0,0.0,-1.0,0.0,-2.0,-200.0,-200.0,Evil_Twin
70.0,0.0,0.0,0.0,0.0,0.0,19.0,2.0,82.0,Evil_Twin
60.0,0.0,0.0,0.0,0.0,-1.0,0.0,-24.0,84.0,Evil_Twin
70.0,0.0,0.0,0.0,0.0,0.0,-2.0,-200.0,-200.0,Evil_Twin
70.0,1.0,-1.0,0.0,0.0,-2.0,0.0,17.0,79.0,Evil_Twin
60.0,0.0,0.0,0.0,0.0,0.0,18.0,-3.0,83.0,Evil_Twin
80.0,-1.0,0.0,0.0,0.0,0.0,175.0,2.0,81.0,Evil_Twin
60.0,0.0,0.0,0.0,0.0,0.0,178.0,-8.0,84.0,Evil_Twin
80.0,-2.0,0.0,0.0,-1.0,0.0,178.0,12.0,78.0,Evil_Twin
70.0,0.0,0.0,0.0,0.0,0.0,122.0,-8.0,84.0,Evil_Twin
70.0,2.0,-1.0,0.0,-1.0,-1.0,1.0,-16.0,83.0,Evil_Twin
80.0,-2.0,0.0,0.0,-1.0,0.0,178.0,3.0,79.0,Evil_Twin
80.0,0.0,0.0,0.0,0.0,-1.0,1.0,-23.0,89.0,Evil_Twin
80.0,0.0,0.0,0.0,1.0,0.0,-87.0,16.0,82.0,Evil_Twin
80.0,0.0,0.0,0.0,0.0,0.0,0.0,-1.0,84.0,Evil_Twin
80.0,0.0,0.0,0.0,-3.0,-1.0,1.0,-5.0,84.0,Evil_Twin
60.0,0.0,0.0,0.0,0.0,0.0,0.0,-2.0,84.0,Evil_Twin
70.0,0.0,0.0,0.0,-1.0,0.0,0.0,-14.0,85.0,Evil_Twin
80.0,1.0,0.0,0.0,-3.0,-1.0,0.0,-11.0,85.0,Evil_Twin
60.0,2.0,0.0,0.0,-1.0,0.0,0.0,-1.0,84.0,Evil_Twin
80.0,1.0,0.0,0.0,-1.0,-1.0,0.0,7.0,81.0,Evil_Twin
80.0,2.0,0.0,0.0,-1.0,-1.0,0.0,48.0,74.0,Evil_Twin
80.0,2.0,-1.0,0.0,-1.0,-1.0,0.0,-28.0,81.0,Evil_Twin
0.0,0.0,0.0,0.0,0.0,0.0,-2.0,-200.0,-200.0,Evil_Twin
70.0,0.0,0.0,0.0,-1.0,0.0,0.0,-15.0,84.0,Evil_Twin
80.0,0.0,0.0,0.0,0.0,0.0,135.0,-10.0,84.0,Evil_Twin
60.0,0.0,-1.0,0.0,0.0,0.0,0.0,-7.0,82.0,Evil_Twin
70.0,0.0,0.0,0.0,-2.0,0.0,178.0,-3.0,83.0,Evil_Twin
70.0,0.0,0.0,0.0,-9.0,0.0,0.0,13.0,82.0,Evil_Twin
60.0,0.0,-1.0,0.0,0.0,0.0,0.0,-9.0,82.0,Evil_Twin
80.0,-2.0,0.0,0.0,-1.0,-1.0,179.0,-26.0,73.0,Evil_Twin
80.0,0.0,0.0,0.0,0.0,0.0,0.0,-6.0,84.0,Evil_Twin
110.0,0.0,0.0,2.0,-2.0,0.0,0.0,-7.0,120.0,Evil_Twin
80.0,2.0,1.0,0.0,-1.0,-1.0,178.0,15.0,80.0,Evil_Twin
60.0,-2.0,0.0,0.0,0.0,0.0,177.0,-7.0,80.0,Evil_Twin
80.0,2.0,0.0,0.0,-1.0,0.0,0.0,-20.0,82.0,Evil_Twin
70.0,0.0,0.0,0.0,0.0,0.0,0.0,-2.0,85.0,Evil_Twin
70.0,0.0,-1.0,0.0,0.0,0.0,0.0,12.0,82.0,Evil_Twin
80.0,2.0,0.0,0.0,-1.0,0.0,0.0,-20.0,82.0,Evil_Twin
80.0,2.0,-1.0,0.0,-1.0,-1.0,0.0,12.0,84.0,Evil_Twin
70.0,0.0,-1.0,0.0,0.0,0.0,0.0,8.0,81.0,Evil_Twin
70.0,-2.0,0.0,0.0,-1.0,0.0,178.0,6.0,81.0,Evil_Twin
60.0,2.0,0.0,0.0,-1.0,0.0,0.0,28.0,69.0,Evil_Twin
60.0,0.0,0.0,0.0,0.0,0.0,0.0,30.0,79.0,Evil_Twin
80.0,-3.0,0.0,0.0,1.0,0.0,178.0,-1.0,83.0,Evil_Twin
80.0,1.0,0.0,0.0,-1.0,0.0,0.0,-4.0,86.0,Evil_Twin
80.0,0.0,0.0,0.0,0.0,-1.0,-129.0,3.0,81.0,Evil_Twin
70.0,0.0,0.0,0.0,0.0,0.0,85.0,-5.0,82.0,Evil_Twin
80.0,0.0,0.0,0.0,0.0,0.0,-54.0,3.0,82.0,Evil_Twin
80.0,0.0,0.0,0.0,0.0,3.0,0.0,-14.0,84.0,Evil_Twin
80.0,0.0,0.0,0.0,-1.0,0.0,0.0,-14.0,82.0,Evil_Twin
80.0,0.0,0.0,0.0,0.0,0.0,-66.0,3.0,81.0,Evil_Twin
80.0,1.0,-1.0,0.0,0.0,0.0,0.0,-15.0,80.0,Evil_Twin
30.0,0.0,0.0,4.0,0.0,0.0,0.0,-200.0,-200.0,Evil_Twin
70.0,2.0,0.0,0.0,-1.0,-1.0,0.0,-22.0,95.0,Evil_Twin
70.0,2.0,0.0,0.0,-1.0,0.0,0.0,-24.0,83.0,Evil_Twin
80.0,0.0,-1.0,0.0,1.0,4.0,179.0,-24.0,80.0,Evil_Twin
80.0,0.0,0.0,0.0,0.0,0.0,0.0,-12.0,84.0,Evil_Twin
80.0,-2.0,0.0,0.0,-1.0,-1.0,178.0,-28.0,82.0,Evil_Twin
80.0,0.0,0.0,0.0,0.0,0.0,175.0,7.0,79.0,Evil_Twin
70.0,3.0,0.0,0.0,0.0,0.0,0.0,-24.0,84.0,Evil_Twin
70.0,2.0,0.0,0.0,0.0,0.0,178.0,-2.0,82.0,Evil_Twin
50.0,0.0,0.0,4.0,0.0,0.0,-3.0,-200.0,-200.0,Evil_Twin
60.0,1.0,-1.0,0.0,-1.0,-1.0,0.0,9.0,79.0,Evil_Twin
70.0,1.0,-1.0,0.0,3.0,-1.0,0.0,-25.0,82.0,Evil_Twin
60.0,2.0,-1.0,0.0,-1.0,0.0,0.0,-22.0,85.0,Evil_Twin
70.0,0.0,-2.0,0.0,0.0,0.0,0.0,7.0,82.0,Evil_Twin
80.0,-2.0,0.0,0.0,0.0,0.0,178.0,-9.0,82.0,Evil_Twin
70.0,0.0,0.0,0.0,-1.0,0.0,0.0,1.0,75.0,Evil_Twin
80.0,-2.0,0.0,0.0,-1.0,-1.0,179.0,-26.0,73.0,Evil_Twin
80.0,0.0,0.0,0.0,0.0,0.0,179.0,-4.0,80.0,Evil_Twin
60.0,0.0,0.0,0.0,0.0,0.0,179.0,30.0,77.0,Evil_Twin
80.0,2.0,0.0,0.0,-1.0,0.0,0.0,9.0,86.0,Evil_Twin
80.0,1.0,-1.0,0.0,0.0,1.0,0.0,18.0,83.0,Evil_Twin
80.0,0.0,0.0,0.0,0.0,0.0,0.0,-7.0,87.0,Evil_Twin
80.0,0.0,0.0,0.0,0.0,0.0,-96.0,12.0,85.0,Evil_Twin
80.0,-2.0,0.0,0.0,0.0,0.0,178.0,6.0,79.0,Evil_Twin
80.0,-2.0,0.0,0.0,-1.0,-1.0,178.0,-17.0,81.0,Evil_Twin
80.0,2.0,0.0,0.0,-1.0,0.0,-2.0,-10.0,79.0,Evil_Twin
80.0,0.0,0.0,0.0,0.0,0.0,0.0,-2.0,83.0,Evil_Twin
70.0,-2.0,0.0,0.0,-1.0,0.0,178.0,0.0,79.0,Evil_Twin
80.0,-1.0,0.0,0.0,0.0,-1.0,178.0,10.0,81.0,Evil_Twin
70.0,0.0,0.0,0.0,0.0,0.0,0.0,-15.0,85.0,Evil_Twin
70.0,2.0,0.0,0.0,-1.0,0.0,0.0,-16.0,84.0,Evil_Twin
60.0,2.0,0.0,0.0,0.0,0.0,0.0,23.0,77.0,Evil_Twin
80.0,0.0,0.0,0.0,0.0,0.0,0.0,-3.0,84.0,Evil_Twin
80.0,1.0,0.0,0.0,0.0,0.0,178.0,-1.0,81.0,Evil_Twin
80.0,0.0,0.0,0.0,0.0,-1.0,0.0,-5.0,82.0,Evil_Twin
-10.0,0.0,0.0,2.0,0.0,0.0,-3.0,-200.0,-200.0,Evil_Twin
80.0,0.0,0.0,0.0,0.0,0.0,0.0,0.0,82.0,Evil_Twin
70.0,-2.0,0.0,0.0,0.0,0.0,178.0,-5.0,76.0,Evil_Twin
70.0,4.0,0.0,0.0,2.0,0.0,178.0,-18.0,79.0,Evil_Twin
80.0,0.0,0.0,0.0,1.0,1.0,0.0,-7.0,85.0,Evil_Twin
70.0,2.0,-1.0,0.0,-1.0,-1.0,0.0,-21.0,82.0,Evil_Twin
60.0,-2.0,0.0,0.0,-1.0,0.0,178.0,0.0,78.0,Evil_Twin
80.0,0.0,0.0,0.0,0.0,-2.0,179.0,-7.0,78.0,Evil_Twin
80.0,0.0,0.0,0.0,0.0,1.0,0.0,-8.0,82.0,Evil_Twin
80.0,0.0,0.0,0.0,-1.0,-1.0,0.0,-9.0,84.0,Evil_Twin
70.0,0.0,-1.0,0.0,0.0,0.0,0.0,-6.0,79.0,Evil_Twin
80.0,1.0,-1.0,0.0,-1.0,0.0,1.0,-12.0,81.0,Evil_Twin
60.0,1.0,-1.0,0.0,-1.0,-1.0,0.0,-17.0,80.0,Evil_Twin
70.0,0.0,0.0,0.0,0.0,4.0,179.0,-13.0,78.0,Evil_Twin
80.0,-3.0,-2.0,0.0,-1.0,-1.0,37.0,-26.0,97.0,Evil_Twin
80.0,4.0,0.0,0.0,0.0,0.0,-3.0,-2.0,80.0,Evil_Twin
80.0,-1.0,1.0,0.0,-1.0,-1.0,178.0,-24.0,82.0,Evil_Twin
80.0,0.0,-1.0,0.0,1.0,2.0,178.0,-12.0,79.0,Evil_Twin
80.0,0.0,0.0,0.0,0.0,0.0,178.0,1.0,83.0,Evil_Twin
80.0,0.0,0.0,0.0,0.0,0.0,0.0,-11.0,84.0,Evil_Twin
80.0,0.0,0.0,0.0,0.0,0.0,-106.0,4.0,85.0,Evil_Twin
70.0,0.0,0.0,0.0,-1.0,-1.0,178.0,-6.0,81.0,Evil_Twin
70.0,1.0,0.0,0.0,1.0,1.0,0.0,-14.0,78.0,Evil_Twin
80.0,-2.0,0.0,0.0,0.0,0.0,178.0,-22.0,80.0,Evil_Twin
80.0,-2.0,0.0,0.0,-1.0,0.0,178.0,-25.0,76.0,Evil_Twin
80.0,0.0,0.0,0.0,0.0,0.0,0.0,-4.0,84.0,Evil_Twin
70.0,0.0,0.0,0.0,0.0,0.0,0.0,-8.0,81.0,Evil_Twin
80.0,4.0,0.0,0.0,1.0,0.0,0.0,8.0,83.0,Evil_Twin
70.0,0.0,0.0,0.0,0.0,0.0,178.0,9.0,82.0,Evil_Twin
80.0,-4.0,0.0,0.0,-6.0,0.0,178.0,18.0,80.0,Evil_Twin
80.0,0.0,0.0,0.0,0.0,0.0,0.0,0.0,81.0,Evil_Twin
70.0,4.0,0.0,0.0,0.0,-1.0,0.0,18.0,79.0,Evil_Twin
80.0,2.0,0.0,0.0,-1.0,0.0,1.0,16.0,78.0,Evil_Twin
60.0,0.0,1.0,0.0,0.0,-1.0,179.0,-7.0,81.0,Evil_Twin
70.0,2.0,0.0,0.0,0.0,0.0,0.0,10.0,81.0,Evil_Twin
60.0,1.0,0.0,0.0,-1.0,-1.0,0.0,-5.0,82.0,Evil_Twin
60.0,0.0,0.0,0.0,0.0,-1.0,0.0,4.0,82.0,Evil_Twin
70.0,0.0,-1.0,0.0,0.0,-1.0,0.0,9.0,81.0,Evil_Twin
60.0,0.0,0.0,0.0,-1.0,0.0,0.0,-8.0,86.0,Evil_Twin
80.0,-2.0,0.0,0.0,0.0,0.0,178.0,-7.0,85.0,Evil_Twin
70.0,0.0,0.0,0.0,0.0,0.0,178.0,-5.0,82.0,Evil_Twin
80.0,0.0,0.0,0.0,0.0,0.0,0.0,0.0,83.0,Evil_Twin
80.0,2.0,0.0,0.0,-8.0,0.0,0.0,11.0,82.0,Evil_Twin
80.0,-2.0,0.0,0.0,-1.0,-1.0,179.0,9.0,85.0,Evil_Twin
60.0,0.0,0.0,0.0,0.0,0.0,0.0,-11.0,82.0,Evil_Twin
70.0,0.0,0.0,0.0,-2.0,-2.0,179.0,-9.0,78.0,Evil_Twin
80.0,-1.0,-1.0,0.0,-1.0,-1.0,-143.0,37.0,85.0,Evil_Twin
70.0,0.0,0.0,0.0,0.0,0.0,55.0,8.0,82.0,Evil_Twin
60.0,0.0,0.0,0.0,0.0,0.0,0.0,-9.0,79.0,Evil_Twin
80.0,0.0,0.0,-1.0,0.0,0.0,178.0,0.0,83.0,Evil_Twin
80.0,2.0,0.0,0.0,1.0,-2.0,37.0,-26.0,94.0,Evil_Twin
60.0,0.0,0.0,0.0,0.0,0.0,-119.0,4.0,80.0,Evil_Twin
60.0,-2.0,0.0,0.0,-1.0,-1.0,178.0,3.0,85.0,Evil_Twin
80.0,3.0,0.0,0.0,0.0,0.0,0.0,-17.0,83.0,Evil_Twin
80.0,0.0,-1.0,0.0,0.0,0.0,0.0,-6.0,82.0,Evil_Twin
80.0,0.0,-2.0,0.0,0.0,0.0,0.0,-27.0,83.0,Evil_Twin
80.0,0.0,0.0,-1.0,-1.0,-1.0,0.0,-17.0,99.0,Evil_Twin
80.0,0.0,0.0,0.0,-1.0,0.0,0.0,-7.0,80.0,Evil_Twin
70.0,0.0,0.0,0.0,-1.0,0.0,0.0,1.0,75.0,Evil_Twin
80.0,0.0,0.0,0.0,0.0,0.0,0.0,-2.0,85.0,Evil_Twin
80.0,1.0,0.0,0.0,-1.0,0.0,0.0,-11.0,83.0,Evil_Twin
60.0,-1.0,1.0,0.0,0.0,-1.0,179.0,-19.0,83.0,Evil_Twin
60.0,2.0,0.0,0.0,-1.0,0.0,0.0,-30.0,79.0,Evil_Twin
80.0,0.0,0.0,0.0,0.0,3.0,179.0,6.0,79.0,Evil_Twin
60.0,0.0,0.0,0.0,0.0,0.0,57.0,-4.0,82.0,Evil_Twin
70.0,1.0,-1.0,0.0,3.0,-1.0,0.0,-25.0,82.0,Evil_Twin
80.0,0.0,0.0,0.0,0.0,0.0,178.0,-13.0,85.0,Evil_Twin
70.0,4.0,0.0,0.0,-2.0,0.0,0.0,-7.0,80.0,Evil_Twin
70.0,-2.0,0.0,0.0,-1.0,0.0,178.0,-21.0,77.0,Evil_Twin
70.0,1.0,-1.0,0.0,0.0,-2.0,0.0,17.0,79.0,Evil_Twin
80.0,-1.0,1.0,0.0,3.0,0.0,178.0,12.0,85.0,Evil_Twin
80.0,0.0,1.0,0.0,0.0,-1.0,178.0,13.0,81.0,Evil_Twin
80.0,2.0,0.0,0.0,-1.0,-1.0,0.0,-22.0,85.0,Evil_Twin
70.0,0.0,0.0,0.0,0.0,0.0,85.0,-10.0,78.0,Evil_Twin
80.0,0.0,0.0,0.0,0.0,0.0,-30.0,10.0,86.0,Evil_Twin
80.0,0.0,0.0,0.0,1.0,0.0,0.0,-2.0,83.0,Evil_Twin
60.0,-2.0,0.0,0.0,-1.0,0.0,177.0,-7.0,78.0,Evil_Twin
80.0,-1.0,0.0,0.0,0.0,0.0,179.0,-12.0,82.0,Evil_Twin
80.0,-2.0,0.0,0.0,-1.0,0.0,179.0,-25.0,76.0,Evil_Twin
80.0,2.0,0.0,0.0,-1.0,0.0,1.0,-18.0,78.0,Evil_Twin
20.0,0.0,0.0,4.0,0.0,0.0,-1.0,-200.0,-200.0,Evil_Twin
80.0,3.0,0.0,0.0,1.0,0.0,0.0,14.0,84.0,Evil_Twin
70.0,0.0,0.0,0.0,0.0,1.0,-37.0,12.0,82.0,Evil_Twin
80.0,0.0,0.0,0.0,0.0,0.0,-139.0,-3.0,82.0,Evil_Twin
50.0,0.0,0.0,4.0,0.0,0.0,-2.0,-200.0,-200.0,Evil_Twin
70.0,0.0,0.0,0.0,0.0,0.0,178.0,12.0,77.0,Evil_Twin
70.0,-2.0,1.0,0.0,-1.0,-1.0,178.0,21.0,80.0,Evil_Twin
80.0,0.0,0.0,0.0,-4.0,-3.0,0.0,-13.0,85.0,Evil_Twin
80.0,2.0,0.0,0.0,-1.0,0.0,0.0,8.0,87.0,Evil_Twin
60.0,1.0,0.0,0.0,0.0,0.0,0.0,0.0,80.0,Evil_Twin
70.0,0.0,-1.0,0.0,-2.0,-2.0,0.0,-11.0,84.0,Evil_Twin
70.0,0.0,0.0,0.0,0.0,0.0,0.0,-10.0,84.0,Evil_Twin
80.0,0.0,0.0,0.0,-3.0,0.0,1.0,-5.0,81.0,Evil_Twin
80.0,-1.0,1.0,0.0,3.0,3.0,178.0,8.0,82.0,Evil_Twin
70.0,0.0,-1.0,0.0,0.0,-1.0,0.0,-9.0,84.0,Evil_Twin
80.0,0.0,0.0,0.0,0.0,0.0,-143.0,-7.0,84.0,Evil_Twin
60.0,2.0,0.0,0.0,-1.0,0.0,0.0,-10.0,76.0,Evil_Twin
80.0,0.0,0.0,0.0,0.0,0.0,0.0,-5.0,85.0,Evil_Twin
60.0,-2.0,0.0,0.0,0.0,0.0,179.0,0.0,83.0,Evil_Twin
80.0,-2.0,0.0,0.0,-1.0,-1.0,178.0,-31.0,79.0,Evil_Twin
70.0,1.0,0.0,0.0,-1.0,0.0,0.0,-10.0,85.0,Evil_Twin
80.0,-2.0,0.0,0.0,0.0,0.0,178.0,17.0,80.0,Evil_Twin
80.0,-3.0,0.0,0.0,0.0,-1.0,179.0,-28.0,82.0,Evil_Twin
70.0,2.0,-1.0,0.0,-1.0,-1.0,0.0,43.0,71.0,Evil_Twin
80.0,0.0,0.0,0.0,0.0,0.0,178.0,-10.0,84.0,Evil_Twin
80.0,0.0,0.0,0.0,0.0,0.0,178.0,4.0,81.0,Evil_Twin
70.0,-2.0,0.0,0.0,-1.0,0.0,178.0,5.0,76.0,Evil_Twin
80.0,0.0,1.0,0.0,0.0,0.0,-143.0,22.0,82.0,Evil_Twin
80.0,0.0,0.0,0.0,0.0,0.0,156.0,-15.0,84.0,Evil_Twin
80.0,0.0,-1.0,0.0,-3.0,-1.0,0.0,-7.0,83.0,Evil_Twin
60.0,-1.0,1.0,0.0,0.0,0.0,179.0,10.0,83.0,Evil_Twin
80.0,0.0,0.0,0.0,0.0,0.0,-3.0,-200.0,-200.0,Evil_Twin
70.0,3.0,0.0,0.0,-1.0,-1.0,178.0,8.0,77.0,Evil_Twin
80.0,0.0,0.0,0.0,0.0,0.0,0.0,-11.0,86.0,Evil_Twin
70.0,0.0,-1.0,0.0,0.0,0.0,178.0,-9.0,82.0,Evil_Twin
70.0,2.0,0.0,0.0,0.0,0.0,179.0,8.0,60.0,Evil_Twin
70.0,0.0,0.0,0.0,-7.0,0.0,178.0,-4.0,81.0,Evil_Twin
80.0,0.0,0.0,0.0,0.0,0.0,126.0,-19.0,82.0,Evil_Twin
80.0,0.0,0.0,0.0,0.0,0.0,-3.0,-200.0,-200.0,Evil_Twin
70.0,0.0,0.0,0.0,-1.0,0.0,0.0,7.0,80.0,Evil_Twin
80.0,-2.0,0.0,0.0,-1.0,0.0,178.0,-23.0,90.0,Evil_Twin
80.0,0.0,0.0,0.0,0.0,0.0,178.0,-4.0,80.0,Evil_Twin
80.0,0.0,0.0,0.0,0.0,0.0,0.0,-2.0,84.0,Evil_Twin
80.0,-1.0,1.0,0.0,-1.0,-1.0,177.0,14.0,77.0,Evil_Twin
70.0,0.0,0.0,0.0,0.0,0.0,178.0,-3.0,81.0,Evil_Twin
80.0,0.0,0.0,0.0,0.0,2.0,0.0,-5.0,82.0,Evil_Twin
70.0,0.0,0.0,0.0,0.0,-1.0,0.0,-19.0,86.0,Evil_Twin
70.0,0.0,0.0,0.0,0.0,0.0,16.0,-7.0,83.0,Evil_Twin
70.0,1.0,0.0,0.0,-1.0,-1.0,0.0,-9.0,85.0,Evil_Twin
60.0,-1.0,0.0,0.0,-8.0,0.0,178.0,-14.0,83.0,Evil_Twin
80.0,0.0,0.0,0.0,0.0,0.0,124.0,-15.0,83.0,Evil_Twin
60.0,0.0,0.0,0.0,0.0,0.0,0.0,-5.0,83.0,Evil_Twin
70.0,0.0,-1.0,0.0,0.0,-1.0,0.0,9.0,81.0,Evil_Twin
60.0,0.0,0.0,0.0,-9.0,0.0,178.0,4.0,82.0,Evil_Twin
60.0,2.0,0.0,0.0,-1.0,-1.0,0.0,-19.0,80.0,Evil_Twin
80.0,-2.0,0.0,0.0,-1.0,0.0,178.0,18.0,82.0,Evil_Twin
80.0,-3.0,0.0,0.0,1.0,-1.0,178.0,-21.0,83.0,Evil_Twin
80.0,1.0,0.0,0.0,-7.0,-2.0,0.0,-6.0,85.0,Evil_Twin
0.0,0.0,0.0,1.0,0.0,1.0,-7.0,-200.0,-200.0,Evil_Twin
80.0,0.0,-1.0,0.0,0.0,0.0,-2.0,-9.0,82.0,Evil_Twin
70.0,0.0,0.0,-1.0,0.0,0.0,0.0,-10.0,83.0,Evil_Twin
70.0,0.0,0.0,0.0,0.0,-1.0,0.0,14.0,80.0,Evil_Twin
80.0,4.0,0.0,0.0,-5.0,-1.0,1.0,-11.0,84.0,Evil_Twin
70.0,0.0,0.0,0.0,0.0,0.0,-77.0,-4.0,83.0,Evil_Twin
80.0,0.0,1.0,0.0,1.0,3.0,178.0,-16.0,84.0,Evil_Twin
80.0,0.0,0.0,0.0,0.0,0.0,0.0,-1.0,84.0,Evil_Twin
70.0,1.0,-1.0,0.0,0.0,-1.0,0.0,0.0,82.0,Evil_Twin
70.0,0.0,0.0,0.0,0.0,0.0,-117.0,-2.0,81.0,Evil_Twin
70.0,-1.0,0.0,0.0,5.0,0.0,178.0,-29.0,76.0,Evil_Twin
70.0,0.0,0.0,0.0,0.0,0.0,-21.0,3.0,82.0,Evil_Twin
80.0,1.0,-1.0,0.0,3.0,3.0,0.0,11.0,85.0,Evil_Twin
70.0,0.0,0.0,0.0,0.0,0.0,-66.0,13.0,82.0,Evil_Twin
80.0,0.0,0.0,0.0,0.0,1.0,0.0,-4.0,84.0,Evil_Twin
70.0,0.0,0.0,0.0,0.0,0.0,178.0,0.0,82.0,Evil_Twin
70.0,0.0,0.0,0.0,0.0,0.0,178.0,4.0,81.0,Evil_Twin
80.0,0.0,0.0,0.0,0.0,0.0,178.0,-1.0,83.0,Evil_Twin
50.0,0.0,0.0,0.0,0.0,0.0,-47.0,-5.0,77.0,Evil_Twin
70.0,0.0,-1.0,0.0,1.0,-1.0,0.0,8.0,82.0,Evil_Twin
80.0,3.0,0.0,0.0,-8.0,0.0,0.0,-17.0,83.0,Evil_Twin
80.0,0.0,0.0,0.0,0.0,0.0,0.0,-6.0,85.0,Evil_Twin
110.0,0.0,0.0,0.0,0.0,0.0,0.0,18.0,112.0,Evil_Twin
30.0,0.0,0.0,4.0,0.0,0.0,-3.0,-200.0,-200.0,Evil_Twin
80.0,0.0,0.0,0.0,0.0,0.0,135.0,-10.0,84.0,Evil_Twin
80.0,2.0,0.0,0.0,-1.0,-1.0,0.0,-17.0,81.0,Evil_Twin
80.0,-2.0,0.0,0.0,-1.0,0.0,178.0,-25.0,76.0,Evil_Twin
80.0,0.0,0.0,0.0,0.0,0.0,-30.0,10.0,86.0,Evil_Twin
80.0,0.0,0.0,0.0,-1.0,0.0,0.0,-12.0,82.0,Evil_Twin
60.0,0.0,0.0,0.0,0.0,0.0,164.0,-15.0,78.0,Evil_Twin
70.0,-2.0,0.0,0.0,-1.0,0.0,178.0,4.0,78.0,Evil_Twin
70.0,1.0,0.0,0.0,0.0,-1.0,0.0,-6.0,83.0,Evil_Twin
70.0,0.0,-1.0,0.0,-1.0,-1.0,0.0,-14.0,82.0,Evil_Twin
70.0,0.0,0.0,0.0,0.0,0.0,-34.0,-1.0,80.0,Evil_Twin
80.0,-2.0,0.0,0.0,0.0,0.0,179.0,-12.0,83.0,Evil_Twin
80.0,0.0,0.0,0.0,-1.0,-2.0,0.0,18.0,80.0,Evil_Twin
80.0,0.0,0.0,0.0,0.0,0.0,-3.0,20.0,84.0,Evil_Twin
70.0,0.0,0.0,0.0,0.0,0.0,178.0,3.0,81.0,Evil_Twin
60.0,0.0,-1.0,0.0,0.0,-1.0,0.0,9.0,81.0,Evil_Twin
80.0,-2.0,0.0,0.0,0.0,0.0,179.0,12.0,80.0,Evil_Twin
80.0,0.0,0.0,0.0,0.0,0.0,0.0,5.0,81.0,Evil_Twin
70.0,-1.0,0.0,0.0,5.0,0.0,178.0,21.0,78.0,Evil_Twin
80.0,0.0,0.0,0.0,0.0,0.0,1.0,-14.0,79.0,Evil_Twin
80.0,0.0,0.0,0.0,0.0,1.0,0.0,-8.0,82.0,Evil_Twin
70.0,4.0,0.0,0.0,0.0,-1.0,0.0,18.0,79.0,Evil_Twin
70.0,0.0,0.0,0.0,0.0,0.0,-67.0,-2.0,84.0,Evil_Twin
70.0,2.0,0.0,0.0,-1.0,-1.0,0.0,-23.0,80.0,Evil_Twin
60.0,0.0,-1.0,0.0,0.0,0.0,0.0,17.0,82.0,Evil_Twin
80.0,0.0,0.0,0.0,0.0,0.0,0.0,-2.0,84.0,Evil_Twin
80.0,0.0,0.0,0.0,0.0,0.0,175.0,1.0,81.0,Evil_Twin
110.0,0.0,0.0,0.0,0.0,-1.0,37.0,-19.0,120.0,Evil_Twin
70.0,-2.0,0.0,0.0,0.0,0.0,178.0,-7.0,76.0,Evil_Twin
80.0,-2.0,0.0,0.0,-1.0,0.0,179.0,-3.0,85.0,Evil_Twin
80.0,1.0,-1.0,0.0,-1.0,0.0,0.0,-16.0,81.0,Evil_Twin
80.0,0.0,0.0,0.0,0.0,0.0,119.0,-16.0,83.0,Evil_Twin
70.0,0.0,0.0,0.0,0.0,0.0,178.0,-9.0,84.0,Evil_Twin
80.0,0.0,0.0,0.0,0.0,0.0,0.0,-7.0,83.0,Evil_Twin
60.0,0.0,0.0,0.0,0.0,0.0,87.0,-6.0,80.0,Evil_Twin
70.0,4.0,0.0,0.0,1.0,-2.0,178.0,7.0,73.0,Evil_Twin
60.0,2.0,0.0,0.0,-1.0,0.0,0.0,0.0,78.0,Evil_Twin
70.0,0.0,0.0,0.0,0.0,4.0,179.0,-13.0,78.0,Evil_Twin
60.0,0.0,-1.0,0.0,-1.0,-4.0,0.0,-24.0,83.0,Evil_Twin
100.0,0.0,0.0,0.0,0.0,0.0,0.0,-9.0,111.0,Evil_Twin
70.0,-2.0,-1.0,0.0,-1.0,0.0,0.0,12.0,77.0,Evil_Twin
80.0,2.0,0.0,0.0,-8.0,0.0,0.0,-13.0,82.0,Evil_Twin
80.0,2.0,0.0,0.0,-1.0,-1.0,0.0,-17.0,87.0,Evil_Twin
80.0,0.0,0.0,0.0,1.0,0.0,0.0,-2.0,83.0,Evil_Twin
100.0,0.0,0.0,1.0,0.0,0.0,178.0,-5.0,111.0,Evil_Twin
80.0,0.0,-2.0,0.0,0.0,-1.0,1.0,-4.0,81.0,Evil_Twin
20.0,0.0,0.0,4.0,0.0,0.0,-3.0,-200.0,-200.0,Evil_Twin
80.0,1.0,-1.0,0.0,-1.0,-1.0,0.0,-16.0,87.0,Evil_Twin
70.0,-2.0,0.0,0.0,0.0,0.0,178.0,-5.0,84.0,Evil_Twin
30.0,0.0,0.0,4.0,0.0,0.0,-3.0,-200.0,-200.0,Evil_Twin
80.0,0.0,-1.0,0.0,1.0,0.0,37.0,-10.0,87.0,Evil_Twin
80.0,0.0,0.0,0.0,0.0,0.0,0.0,-1.0,82.0,Evil_Twin
60.0,0.0,0.0,0.0,1.0,0.0,0.0,-12.0,82.0,Evil_Twin
80.0,0.0,0.0,0.0,0.0,0.0,0.0,-2.0,86.0,Evil_Twin
80.0,0.0,-1.0,0.0,-1.0,-1.0,0.0,-9.0,83.0,Evil_Twin
80.0,0.0,0.0,1.0,0.0,0.0,-3.0,-200.0,-200.0,Evil_Twin
0.0,0.0,0.0,0.0,-1.0,0.0,-4.0,-200.0,-200.0,Evil_Twin
70.0,-1.0,1.0,0.0,-1.0,-1.0,178.0,-27.0,80.0,Evil_Twin
80.0,2.0,0.0,0.0,-1.0,-1.0,0.0,28.0,81.0,Evil_Twin
60.0,0.0,0.0,0.0,0.0,0.0,178.0,-3.0,79.0,Evil_Twin
80.0,0.0,0.0,0.0,-3.0,-1.0,0.0,13.0,83.0,Evil_Twin
70.0,-2.0,0.0,0.0,-1.0,0.0,178.0,3.0,77.0,Evil_Twin
70.0,0.0,0.0,0.0,0.0,1.0,0.0,-5.0,81.0,Evil_Twin
80.0,0.0,0.0,0.0,0.0,-1.0,0.0,-14.0,85.0,Evil_Twin
110.0,0.0,0.0,0.0,0.0,0.0,0.0,-17.0,119.0,Evil_Twin
80.0,0.0,0.0,0.0,0.0,0.0,179.0,-10.0,83.0,Evil_Twin
80.0,0.0,0.0,0.0,0.0,0.0,0.0,-9.0,87.0,Evil_Twin
60.0,-2.0,1.0,0.0,-1.0,-1.0,179.0,-42.0,66.0,Evil_Twin
80.0,-2.0,0.0,0.0,0.0,-1.0,178.0,-24.0,81.0,Evil_Twin
50.0,0.0,0.0,0.0,0.0,0.0,-3.0,-200.0,-200.0,Evil_Twin
60.0,2.0,0.0,0.0,2.0,0.0,0.0,-9.0,77.0,Evil_Twin
60.0,2.0,0.0,0.0,-1.0,0.0,0.0,32.0,77.0,Evil_Twin
80.0,2.0,0.0,0.0,-1.0,-1.0,0.0,-22.0,92.0,Evil_Twin
70.0,0.0,0.0,0.0,0.0,0.0,0.0,-6.0,84.0,Evil_Twin
80.0,0.0,0.0,0.0,0.0,0.0,0.0,-1.0,84.0,Evil_Twin
70.0,2.0,0.0,0.0,-1.0,0.0,0.0,-4.0,79.0,Evil_Twin
80.0,0.0,0.0,0.0,0.0,0.0,0.0,1.0,84.0,Evil_Twin
70.0,2.0,-1.0,0.0,-1.0,-1.0,0.0,13.0,85.0,Evil_Twin
80.0,0.0,0.0,0.0,-4.0,-3.0,178.0,-27.0,80.0,Evil_Twin
70.0,0.0,-1.0,0.0,-2.0,-1.0,0.0,-20.0,83.0,Evil_Twin
80.0,0.0,0.0,0.0,-1.0,0.0,0.0,-15.0,84.0,Evil_Twin
80.0,0.0,0.0,0.0,0.0,-1.0,0.0,-8.0,91.0,Evil_Twin
80.0,0.0,0.0,0.0,0.0,0.0,-1.0,-200.0,-200.0,Evil_Twin
80.0,0.0,0.0,0.0,0.0,-1.0,0.0,-25.0,85.0,Evil_Twin
60.0,0.0,0.0,0.0,0.0,0.0,178.0,-1.0,84.0,Evil_Twin
60.0,0.0,0.0,0.0,0.0,0.0,177.0,-5.0,83.0,Evil_Twin
80.0,-1.0,0.0,0.0,5.0,0.0,0.0,33.0,63.0,Evil_Twin
80.0,2.0,0.0,0.0,-1.0,-1.0,0.0,7.0,85.0,Evil_Twin
70.0,-2.0,0.0,0.0,-1.0,0.0,178.0,11.0,78.0,Evil_Twin
60.0,0.0,0.0,0.0,0.0,0.0,173.0,-19.0,83.0,Evil_Twin
80.0,0.0,0.0,0.0,0.0,0.0,24.0,-8.0,82.0,Evil_Twin
60.0,1.0,-1.0,0.0,-1.0,-1.0,0.0,10.0,80.0,Evil_Twin
80.0,0.0,-1.0,0.0,0.0,0.0,37.0,-23.0,82.0,Evil_Twin
60.0,-2.0,0.0,0.0,-2.0,0.0,178.0,-11.0,80.0,Evil_Twin
80.0,2.0,0.0,0.0,-1.0,-1.0,0.0,9.0,86.0,Evil_Twin
80.0,0.0,0.0,0.0,0.0,0.0,0.0,-2.0,85.0,Evil_Twin
80.0,1.0,-1.0,0.0,-1.0,-1.0,0.0,-13.0,83.0,Evil_Twin
60.0,0.0,0.0,0.0,0.0,0.0,-70.0,-2.0,79.0,Evil_Twin
70.0,1.0,-1.0,0.0,-1.0,-1.0,0.0,-15.0,80.0,Evil_Twin
60.0,0.0,1.0,0.0,-1.0,-1.0,178.0,-15.0,83.0,Evil_Twin
80.0,-2.0,-1.0,0.0,0.0,-2.0,0.0,33.0,63.0,Evil_Twin
80.0,1.0,-2.0,0.0,-1.0,0.0,1.0,-25.0,81.0,Evil_Twin
80.0,-2.0,1.0,0.0,-1.0,-1.0,179.0,-26.0,73.0,Evil_Twin
70.0,-2.0,0.0,0.0,-1.0,0.0,178.0,19.0,81.0,Evil_Twin
60.0,2.0,0.0,0.0,0.0,0.0,0.0,13.0,81.0,Evil_Twin
70.0,0.0,0.0,0.0,0.0,0.0,0.0,6.0,82.0,Evil_Twin
80.0,0.0,0.0,0.0,0.0,0.0,-76.0,5.0,84.0,Evil_Twin
40.0,0.0,0.0,4.0,0.0,0.0,-3.0,-200.0,-200.0,Evil_Twin
80.0,0.0,-1.0,0.0,0.0,0.0,0.0,-7.0,82.0,Evil_Twin
80.0,0.0,0.0,0.0,0.0,0.0,0.0,6.0,82.0,Evil_Twin
70.0,-2.0,0.0,0.0,-1.0,0.0,178.0,-3.0,77.0,Evil_Twin
80.0,2.0,-1.0,0.0,-1.0,-1.0,0.0,-13.0,85.0,Evil_Twin
80.0,1.0,0.0,0.0,0.0,-1.0,0.0,8.0,82.0,Evil_Twin
80.0,0.0,0.0,0.0,0.0,0.0,0.0,-2.0,83.0,Evil_Twin
80.0,0.0,0.0,0.0,0.0,0.0,0.0,-2.0,83.0,Evil_Twin
80.0,0.0,0.0,0.0,0.0,0.0,0.0,-3.0,82.0,Evil_Twin
80.0,0.0,0.0,0.0,-1.0,0.0,0.0,-5.0,84.0,Evil_Twin
70.0,0.0,0.0,0.0,0.0,0.0,0.0,-8.0,86.0,Evil_Twin
60.0,2.0,0.0,0.0,-1.0,0.0,0.0,-1.0,75.0,Evil_Twin
0.0,0.0,0.0,4.0,0.0,0.0,-2.0,-200.0,-200.0,Evil_Twin
80.0,0.0,0.0,0.0,0.0,0.0,0.0,-19.0,85.0,Evil_Twin
80.0,0.0,0.0,0.0,0.0,0.0,0.0,-1.0,86.0,Evil_Twin
80.0,0.0,0.0,0.0,0.0,-1.0,37.0,-9.0,84.0,Evil_Twin
80.0,0.0,0.0,0.0,0.0,0.0,37.0,-31.0,89.0,Evil_Twin
70.0,0.0,0.0,0.0,0.0,-1.0,0.0,-19.0,86.0,Evil_Twin
60.0,0.0,0.0,0.0,0.0,0.0,-29.0,9.0,81.0,Evil_Twin
70.0,0.0,0.0,0.0,-1.0,-1.0,0.0,11.0,80.0,Evil_Twin
80.0,1.0,-1.0,0.0,0.0,0.0,0.0,-11.0,84.0,Evil_Twin
70.0,0.0,-1.0,0.0,0.0,0.0,37.0,-17.0,83.0,Evil_Twin
60.0,0.0,0.0,0.0,0.0,0.0,0.0,1.0,82.0,Evil_Twin
50.0,0.0,0.0,0.0,0.0,0.0,-138.0,-8.0,78.0,Evil_Twin
80.0,-2.0,0.0,0.0,0.0,0.0,178.0,-17.0,84.0,Evil_Twin
70.0,0.0,0.0,0.0,0.0,-1.0,0.0,-15.0,85.0,Evil_Twin
60.0,2.0,0.0,0.0,-8.0,0.0,0.0,-10.0,85.0,Evil_Twin
80.0,1.0,-1.0,0.0,-3.0,-2.0,1.0,11.0,84.0,Evil_Twin
80.0,0.0,0.0,0.0,0.0,0.0,-67.0,11.0,83.0,Evil_Twin
80.0,-2.0,0.0,0.0,0.0,0.0,178.0,-8.0,80.0,Evil_Twin
60.0,1.0,0.0,0.0,-1.0,-1.0,0.0,-5.0,82.0,Evil_Twin
60.0,0.0,0.0,0.0,0.0,-1.0,88.0,-16.0,82.0,Evil_Twin
60.0,0.0,0.0,0.0,1.0,0.0,0.0,-6.0,81.0,Evil_Twin
0.0,0.0,0.0,1.0,0.0,1.0,-7.0,-200.0,-200.0,Evil_Twin
70.0,1.0,-1.0,0.0,-1.0,-1.0,0.0,4.0,76.0,Evil_Twin
80.0,0.0,-1.0,0.0,0.0,-1.0,0.0,-7.0,81.0,Evil_Twin
80.0,-2.0,0.0,0.0,0.0,0.0,178.0,-6.0,86.0,Evil_Twin
60.0,0.0,-1.0,0.0,0.0,0.0,178.0,-12.0,79.0,Evil_Twin
70.0,0.0,0.0,0.0,2.0,2.0,0.0,13.0,82.0,Evil_Twin
80.0,2.0,0.0,0.0,-1.0,0.0,0.0,-21.0,89.0,Evil_Twin
80.0,2.0,0.0,0.0,-1.0,-1.0,0.0,24.0,83.0,Evil_Twin
70.0,1.0,0.0,0.0,0.0,-1.0,0.0,-11.0,83.0,Evil_Twin
70.0,-2.0,-1.0,0.0,5.0,-3.0,0.0,-12.0,81.0,Evil_Twin
70.0,0.0,-1.0,0.0,0.0,0.0,0.0,-5.0,82.0,Evil_Twin
0.0,0.0,0.0,0.0,0.0,0.0,-2.0,-200.0,-200.0,Evil_Twin
80.0,1.0,-1.0,0.0,0.0,-1.0,0.0,14.0,82.0,Evil_Twin
60.0,0.0,0.0,0.0,6.0,0.0,0.0,10.0,82.0,Evil_Twin
80.0,0.0,0.0,0.0,2.0,0.0,-2.0,4.0,82.0,Evil_Twin
60.0,0.0,0.0,0.0,1.0,0.0,178.0,2.0,81.0,Evil_Twin
10.0,0.0,0.0,3.0,0.0,0.0,-3.0,-200.0,-200.0,Evil_Twin
70.0,0.0,0.0,0.0,0.0,0.0,178.0,-4.0,81.0,Evil_Twin
60.0,0.0,0.0,0.0,0.0,0.0,0.0,6.0,81.0,Evil_Twin
80.0,0.0,0.0,0.0,0.0,-2.0,-144.0,23.0,81.0,Evil_Twin
80.0,0.0,0.0,0.0,0.0,0.0,1.0,-5.0,86.0,Evil_Twin
60.0,2.0,0.0,0.0,-1.0,0.0,0.0,-1.0,82.0,Evil_Twin
80.0,0.0,0.0,0.0,0.0,0.0,90.0,-14.0,84.0,Evil_Twin
80.0,-2.0,0.0,0.0,-1.0,0.0,178.0,-27.0,78.0,Evil_Twin
60.0,0.0,0.0,0.0,0.0,0.0,0.0,-9.0,85.0,Evil_Twin
80.0,2.0,0.0,0.0,-1.0,-1.0,0.0,48.0,74.0,Evil_Twin
80.0,0.0,0.0,0.0,0.0,0.0,-159.0,3.0,81.0,Evil_Twin
70.0,-2.0,0.0,0.0,0.0,0.0,178.0,-2.0,89.0,Evil_Twin
60.0,0.0,-1.0,0.0,-1.0,0.0,0.0,-6.0,83.0,Evil_Twin
60.0,-3.0,0.0,0.0,-1.0,0.0,0.0,-14.0,80.0,Evil_Twin
80.0,0.0,0.0,0.0,0.0,0.0,0.0,0.0,84.0,Evil_Twin
60.0,1.0,-2.0,0.0,0.0,0.0,0.0,-26.0,80.0,Evil_Twin
80.0,0.0,0.0,0.0,-1.0,0.0,0.0,-9.0,83.0,Evil_Twin
70.0,0.0,0.0,0.0,-1.0,0.0,0.0,-9.0,82.0,Evil_Twin
70.0,0.0,0.0,0.0,-7.0,0.0,178.0,7.0,81.0,Evil_Twin
60.0,-2.0,0.0,0.0,-1.0,0.0,177.0,-9.0,77.0,Evil_Twin
80.0,0.0,0.0,0.0,0.0,1.0,0.0,-3.0,84.0,Evil_Twin
70.0,0.0,0.0,0.0,0.0,0.0,178.0,-19.0,80.0,Evil_Twin
80.0,0.0,0.0,0.0,0.0,0.0,-3.0,-5.0,81.0,Evil_Twin
80.0,0.0,0.0,0.0,0.0,0.0,0.0,-13.0,88.0,Evil_Twin
80.0,1.0,0.0,0.0,-1.0,-1.0,0.0,7.0,81.0,Evil_Twin
80.0,-1.0,1.0,0.0,3.0,3.0,178.0,8.0,82.0,Evil_Twin
80.0,0.0,0.0,0.0,0.0,-4.0,178.0,-17.0,82.0,Evil_Twin
60.0,0.0,0.0,0.0,-3.0,-4.0,0.0,-20.0,77.0,Evil_Twin
80.0,0.0,0.0,0.0,0.0,1.0,-14.0,20.0,83.0,Evil_Twin
80.0,0.0,0.0,0.0,0.0,0.0,-62.0,10.0,85.0,Evil_Twin
80.0,2.0,0.0,0.0,-1.0,-1.0,0.0,36.0,82.0,Evil_Twin
60.0,0.0,-1.0,0.0,0.0,-1.0,0.0,-13.0,86.0,Evil_Twin
80.0,0.0,0.0,0.0,0.0,0.0,0.0,-6.0,86.0,Evil_Twin
70.0,-1.0,1.0,0.0,-1.0,-1.0,178.0,-20.0,82.0,Evil_Twin
80.0,2.0,0.0,0.0,-1.0,0.0,1.0,16.0,78.0,Evil_Twin
70.0,2.0,0.0,0.0,-1.0,-1.0,0.0,9.0,83.0,Evil_Twin
70.0,0.0,0.0,0.0,-1.0,0.0,0.0,-20.0,84.0,Evil_Twin
80.0,0.0,0.0,0.0,0.0,0.0,11.0,-9.0,82.0,Evil_Twin
70.0,0.0,0.0,0.0,-2.0,-3.0,0.0,-23.0,82.0,Evil_Twin
80.0,1.0,0.0,0.0,-1.0,-2.0,0.0,8.0,81.0,Evil_Twin
80.0,2.0,0.0,0.0,-1.0,-1.0,37.0,-26.0,94.0,Evil_Twin
90.0,0.0,0.0,-1.0,0.0,0.0,0.0,-14.0,102.0,Evil_Twin
80.0,0.0,0.0,0.0,0.0,-1.0,8.0,-8.0,82.0,Evil_Twin
70.0,0.0,-1.0,0.0,-1.0,-1.0,0.0,-18.0,85.0,Evil_Twin
80.0,0.0,0.0,0.0,0.0,0.0,0.0,-3.0,87.0,Evil_Twin
80.0,1.0,-1.0,0.0,-3.0,-2.0,1.0,11.0,84.0,Evil_Twin
80.0,0.0,1.0,0.0,0.0,0.0,-144.0,26.0,92.0,Evil_Twin
70.0,0.0,0.0,0.0,-1.0,0.0,0.0,-4.0,84.0,Evil_Twin
60.0,2.0,0.0,0.0,-1.0,0.0,0.0,-12.0,80.0,Evil_Twin
80.0,0.0,0.0,0.0,0.0,0.0,23.0,-4.0,84.0,Evil_Twin
50.0,0.0,0.0,4.0,0.0,0.0,-3.0,-200.0,-200.0,Evil_Twin
80.0,-1.0,0.0,0.0,0.0,-1.0,178.0,8.0,83.0,Evil_Twin
80.0,0.0,0.0,0.0,1.0,0.0,0.0,4.0,82.0,Evil_Twin
80.0,0.0,0.0,0.0,0.0,0.0,144.0,-9.0,82.0,Evil_Twin
80.0,0.0,0.0,0.0,1.0,0.0,178.0,-24.0,82.0,Evil_Twin
70.0,1.0,0.0,0.0,0.0,0.0,0.0,0.0,79.0,Evil_Twin
80.0,2.0,0.0,0.0,-1.0,-1.0,0.0,-44.0,85.0,Evil_Twin
60.0,-2.0,0.0,0.0,0.0,-1.0,178.0,11.0,84.0,Evil_Twin
80.0,0.0,0.0,0.0,0.0,0.0,0.0,0.0,78.0,Evil_Twin
80.0,0.0,0.0,0.0,0.0,0.0,-143.0,-7.0,84.0,Evil_Twin
80.0,0.0,0.0,0.0,0.0,0.0,178.0,0.0,81.0,Evil_Twin
80.0,2.0,0.0,0.0,-1.0,-1.0,0.0,26.0,79.0,Evil_Twin
80.0,0.0,0.0,0.0,0.0,0.0,0.0,-4.0,86.0,Evil_Twin
60.0,-2.0,0.0,0.0,-2.0,1.0,178.0,-7.0,83.0,Evil_Twin
60.0,0.0,0.0,2.0,0.0,0.0,-3.0,-200.0,-200.0,Evil_Twin
80.0,0.0,0.0,0.0,0.0,0.0,178.0,-13.0,85.0,Evil_Twin
80.0,0.0,-1.0,0.0,0.0,0.0,37.0,-23.0,82.0,Evil_Twin
60.0,2.0,0.0,0.0,-1.0,-1.0,0.0,-26.0,80.0,Evil_Twin
70.0,-2.0,0.0,0.0,-1.0,0.0,178.0,-2.0,87.0,Evil_Twin
80.0,0.0,0.0,0.0,0.0,-1.0,-122.0,4.0,80.0,Evil_Twin
60.0,0.0,0.0,0.0,-5.0,2.0,178.0,-11.0,80.0,Evil_Twin
70.0,0.0,0.0,0.0,0.0,0.0,178.0,-4.0,81.0,Evil_Twin
70.0,3.0,0.0,0.0,-8.0,0.0,0.0,-8.0,86.0,Evil_Twin
80.0,0.0,0.0,0.0,0.0,0.0,156.0,-19.0,84.0,Evil_Twin
80.0,1.0,0.0,0.0,2.0,1.0,37.0,-31.0,89.0,Evil_Twin
60.0,0.0,0.0,0.0,-2.0,1.0,177.0,-6.0,79.0,Evil_Twin
70.0,-1.0,0.0,0.0,-5.0,0.0,178.0,-4.0,80.0,Evil_Twin
80.0,0.0,0.0,0.0,0.0,0.0,0.0,5.0,81.0,Evil_Twin
60.0,-2.0,0.0,0.0,0.0,-1.0,0.0,25.0,77.0,Evil_Twin
80.0,0.0,-1.0,0.0,0.0,0.0,37.0,-6.0,85.0,Evil_Twin
60.0,0.0,-2.0,0.0,0.0,0.0,0.0,-12.0,81.0,Evil_Twin
80.0,0.0,0.0,0.0,0.0,0.0,0.0,-4.0,84.0,Evil_Twin
80.0,-2.0,0.0,0.0,-1.0,-1.0,178.0,-26.0,83.0,Evil_Twin
60.0,2.0,0.0,0.0,0.0,-2.0,0.0,27.0,81.0,Evil_Twin
80.0,0.0,-1.0,0.0,0.0,0.0,179.0,-11.0,80.0,Evil_Twin
80.0,-1.0,1.0,0.0,0.0,-1.0,178.0,-9.0,82.0,Evil_Twin
80.0,2.0,0.0,0.0,-1.0,0.0,0.0,-15.0,95.0,Evil_Twin
80.0,0.0,0.0,0.0,0.0,-1.0,178.0,5.0,80.0,Evil_Twin
80.0,0.0,0.0,0.0,-1.0,0.0,0.0,-2.0,82.0,Evil_Twin
80.0,-1.0,-1.0,0.0,0.0,-1.0,-143.0,3.0,72.0,Evil_Twin
70.0,0.0,0.0,0.0,0.0,-1.0,178.0,-4.0,79.0,Evil_Twin
80.0,-2.0,0.0,0.0,0.0,0.0,178.0,8.0,82.0,Evil_Twin
70.0,-2.0,0.0,0.0,0.0,0.0,178.0,0.0,80.0,Evil_Twin
60.0,-2.0,0.0,0.0,-1.0,0.0,177.0,-7.0,78.0,Evil_Twin
60.0,0.0,0.0,0.0,0.0,0.0,0.0,6.0,81.0,Evil_Twin
70.0,-2.0,0.0,0.0,0.0,0.0,178.0,4.0,80.0,Evil_Twin
80.0,-2.0,0.0,0.0,-8.0,0.0,178.0,-10.0,85.0,Evil_Twin
60.0,0.0,0.0,0.0,-8.0,0.0,0.0,-5.0,82.0,Evil_Twin
70.0,0.0,0.0,0.0,0.0,0.0,142.0,-7.0,83.0,Evil_Twin
80.0,0.0,0.0,0.0,0.0,0.0,37.0,-8.0,83.0,Evil_Twin
80.0,0.0,-1.0,0.0,0.0,0.0,179.0,-12.0,80.0,Evil_Twin
70.0,0.0,-1.0,0.0,0.0,0.0,178.0,10.0,81.0,Evil_Twin
60.0,0.0,-1.0,0.0,0.0,2.0,0.0,-3.0,83.0,Evil_Twin
80.0,1.0,0.0,0.0,0.0,0.0,178.0,-1.0,81.0,Evil_Twin
80.0,0.0,-1.0,0.0,0.0,-1.0,0.0,-14.0,82.0,Evil_Twin
70.0,0.0,0.0,0.0,-1.0,0.0,0.0,-8.0,86.0,Evil_Twin
80.0,0.0,0.0,0.0,0.0,0.0,0.0,-7.0,83.0,Evil_Twin
70.0,0.0,0.0,0.0,0.0,0.0,178.0,-1.0,79.0,Evil_Twin
80.0,0.0,-1.0,0.0,0.0,-1.0,0.0,-17.0,79.0,Evil_Twin
70.0,0.0,0.0,0.0,0.0,0.0,-164.0,-2.0,81.0,Evil_Twin
70.0,0.0,0.0,0.0,0.0,0.0,178.0,4.0,82.0,Evil_Twin
60.0,0.0,-1.0,0.0,0.0,-1.0,0.0,-10.0,83.0,Evil_Twin
60.0,0.0,0.0,0.0,0.0,0.0,-58.0,-1.0,80.0,Evil_Twin
60.0,0.0,0.0,0.0,0.0,2.0,178.0,-30.0,81.0,Evil_Twin
80.0,4.0,0.0,0.0,-4.0,0.0,0.0,-21.0,86.0,Evil_Twin
80.0,0.0,0.0,0.0,-1.0,0.0,1.0,-17.0,85.0,Evil_Twin
80.0,0.0,1.0,0.0,-1.0,-1.0,-143.0,26.0,92.0,Evil_Twin
70.0,0.0,0.0,0.0,0.0,0.0,0.0,-8.0,77.0,Evil_Twin
60.0,0.0,0.0,0.0,0.0,0.0,-3.0,18.0,79.0,Evil_Twin
60.0,2.0,0.0,0.0,-1.0,0.0,0.0,-1.0,84.0,Evil_Twin
80.0,0.0,0.0,0.0,0.0,-1.0,36.0,-5.0,84.0,Evil_Twin
60.0,0.0,0.0,0.0,0.0,0.0,-3.0,-1.0,81.0,Evil_Twin
0.0,-1.0,0.0,0.0,0.0,0.0,-2.0,-200.0,-200.0,Evil_Twin
80.0,-2.0,0.0,0.0,-1.0,-1.0,178.0,-31.0,76.0,Evil_Twin
80.0,0.0,0.0,0.0,0.0,0.0,178.0,-3.0,80.0,Evil_Twin
80.0,2.0,0.0,0.0,-1.0,-1.0,1.0,-37.0,82.0,Evil_Twin
70.0,0.0,0.0,0.0,-3.0,-2.0,0.0,-15.0,78.0,Evil_Twin
60.0,0.0,0.0,0.0,0.0,0.0,-134.0,6.0,81.0,Evil_Twin
80.0,0.0,0.0,0.0,0.0,0.0,-43.0,-1.0,83.0,Evil_Twin
80.0,-1.0,-1.0,0.0,0.0,0.0,175.0,-11.0,83.0,Evil_Twin
80.0,0.0,1.0,0.0,-1.0,-1.0,178.0,-18.0,84.0,Evil_Twin
80.0,-1.0,0.0,0.0,0.0,0.0,178.0,4.0,83.0,Evil_Twin
70.0,1.0,-1.0,0.0,0.0,-1.0,0.0,10.0,78.0,Evil_Twin
80.0,-2.0,0.0,0.0,0.0,0.0,178.0,-6.0,86.0,Evil_Twin
80.0,0.0,0.0,0.0,-3.0,0.0,175.0,-8.0,82.0,Evil_Twin
70.0,0.0,0.0,0.0,0.0,0.0,0.0,-6.0,82.0,Evil_Twin
80.0,-1.0,0.0,0.0,0.0,-1.0,178.0,8.0,83.0,Evil_Twin
70.0,-1.0,0.0,0.0,5.0,0.0,178.0,-29.0,76.0,Evil_Twin
80.0,0.0,0.0,0.0,0.0,0.0,-19.0,0.0,83.0,Evil_Twin
80.0,0.0,0.0,0.0,0.0,0.0,-79.0,-4.0,83.0,Evil_Twin
80.0,-2.0,1.0,0.0,0.0,2.0,178.0,9.0,73.0,Evil_Twin
70.0,3.0,0.0,0.0,0.0,0.0,0.0,-16.0,78.0,Evil_Twin
80.0,0.0,0.0,0.0,0.0,0.0,167.0,-4.0,82.0,Evil_Twin
80.0,0.0,0.0,0.0,0.0,-1.0,1.0,-23.0,89.0,Evil_Twin
70.0,0.0,0.0,0.0,-1.0,-1.0,0.0,14.0,80.0,Evil_Twin
80.0,2.0,-1.0,0.0,-1.0,-1.0,0.0,12.0,84.0,Evil_Twin
80.0,0.0,0.0,0.0,0.0,0.0,-91.0,6.0,81.0,Evil_Twin
80.0,1.0,-1.0,0.0,-1.0,-1.0,0.0,16.0,83.0,Evil_Twin
70.0,1.0,-1.0,0.0,0.0,-1.0,0.0,-14.0,80.0,Evil_Twin
80.0,0.0,-1.0,0.0,-1.0,-1.0,0.0,-13.0,80.0,Evil_Twin
110.0,0.0,0.0,-1.0,0.0,0.0,0.0,17.0,111.0,Evil_Twin
80.0,-2.0,0.0,0.0,-1.0,0.0,179.0,18.0,79.0,Evil_Twin
0.0,0.0,0.0,2.0,-1.0,0.0,-2.0,-200.0,-200.0,Evil_Twin
60.0,3.0,0.0,0.0,-1.0,0.0,0.0,-3.0,82.0,Evil_Twin
80.0,2.0,0.0,0.0,-1.0,-1.0,0.0,-30.0,85.0,Evil_Twin
80.0,0.0,0.0,0.0,0.0,0.0,7.0,-6.0,83.0,Evil_Twin
80.0,1.0,0.0,0.0,0.0,-1.0,0.0,6.0,84.0,Evil_Twin
80.0,0.0,0.0,0.0,0.0,0.0,0.0,-7.0,82.0,Evil_Twin
80.0,2.0,0.0,0.0,0.0,-1.0,1.0,9.0,81.0,Evil_Twin
50.0,0.0,0.0,4.0,0.0,0.0,-3.0,-200.0,-200.0,Evil_Twin
80.0,0.0,0.0,0.0,0.0,0.0,-121.0,3.0,81.0,Evil_Twin
60.0,0.0,0.0,0.0,0.0,0.0,178.0,4.0,81.0,Evil_Twin
80.0,0.0,0.0,0.0,0.0,0.0,-144.0,-12.0,83.0,Evil_Twin
80.0,0.0,0.0,0.0,-7.0,0.0,0.0,-11.0,83.0,Evil_Twin
80.0,0.0,0.0,0.0,-1.0,0.0,0.0,16.0,81.0,Evil_Twin
80.0,-1.0,0.0,0.0,-2.0,-1.0,178.0,-6.0,80.0,Evil_Twin
80.0,0.0,0.0,0.0,0.0,0.0,94.0,-20.0,82.0,Evil_Twin
70.0,1.0,0.0,0.0,0.0,0.0,178.0,-2.0,81.0,Evil_Twin
60.0,0.0,0.0,0.0,0.0,-1.0,0.0,-9.0,84.0,Evil_Twin
70.0,0.0,0.0,0.0,0.0,1.0,179.0,-4.0,81.0,Evil_Twin
80.0,0.0,0.0,0.0,-1.0,-1.0,1.0,17.0,81.0,Evil_Twin
80.0,2.0,-1.0,0.0,-1.0,-1.0,0.0,12.0,83.0,Evil_Twin
60.0,1.0,0.0,0.0,0.0,0.0,0.0,7.0,81.0,Evil_Twin
80.0,0.0,0.0,0.0,0.0,0.0,0.0,-4.0,85.0,Evil_Twin
70.0,-2.0,0.0,0.0,-1.0,0.0,178.0,10.0,81.0,Evil_Twin
80.0,0.0,0.0,0.0,0.0,0.0,0.0,0.0,83.0,Evil_Twin
80.0,0.0,0.0,0.0,0.0,0.0,-161.0,3.0,80.0,Evil_Twin
80.0,2.0,0.0,0.0,-1.0,-1.0,0.0,-14.0,89.0,Evil_Twin
80.0,0.0,0.0,0.0,0.0,0.0,-149.0,-5.0,80.0,Evil_Twin
70.0,0.0,0.0,0.0,0.0,-1.0,0.0,-6.0,84.0,Evil_Twin
80.0,2.0,0.0,0.0,-1.0,0.0,0.0,-10.0,85.0,Evil_Twin
70.0,0.0,0.0,0.0,0.0,0.0,168.0,-10.0,82.0,Evil_Twin
80.0,0.0,-1.0,0.0,-1.0,-2.0,178.0,-7.0,82.0,Evil_Twin
70.0,0.0,0.0,0.0,0.0,0.0,0.0,-8.0,83.0,Evil_Twin
70.0,-1.0,0.0,0.0,-2.0,0.0,0.0,4.0,79.0,Evil_Twin
80.0,-2.0,0.0,0.0,-1.0,0.0,178.0,4.0,88.0,Evil_Twin
60.0,1.0,-1.0,0.0,-1.0,0.0,0.0,-13.0,77.0,Evil_Twin
80.0,0.0,0.0,0.0,0.0,0.0,-100.0,2.0,81.0,Evil_Twin
60.0,0.0,0.0,0.0,0.0,0.0,0.0,3.0,85.0,Evil_Twin
80.0,2.0,-2.0,0.0,-1.0,0.0,1.0,-26.0,80.0,Evil_Twin
60.0,1.0,0.0,0.0,-1.0,0.0,0.0,-3.0,83.0,Evil_Twin
70.0,-1.0,0.0,0.0,0.0,1.0,178.0,-25.0,76.0,Evil_Twin
80.0,0.0,0.0,0.0,0.0,0.0,0.0,16.0,81.0,Evil_Twin
50.0,0.0,0.0,4.0,0.0,0.0,-3.0,-200.0,-200.0,Evil_Twin
0.0,0.0,-1.0,0.0,-1.0,0.0,-2.0,-200.0,-200.0,Evil_Twin
70.0,2.0,0.0,0.0,3.0,0.0,178.0,-1.0,81.0,Evil_Twin
80.0,-4.0,0.0,0.0,-6.0,0.0,178.0,18.0,80.0,Evil_Twin
40.0,0.0,0.0,4.0,0.0,0.0,-3.0,-200.0,-200.0,Evil_Twin
80.0,0.0,0.0,0.0,0.0,0.0,11.0,-5.0,82.0,Evil_Twin
60.0,1.0,-1.0,0.0,0.0,0.0,0.0,-14.0,82.0,Evil_Twin
50.0,0.0,0.0,0.0,0.0,0.0,-107.0,-9.0,76.0,Evil_Twin
80.0,0.0,0.0,0.0,0.0,0.0,0.0,-3.0,82.0,Evil_Twin
70.0,0.0,0.0,0.0,0.0,-1.0,178.0,-5.0,81.0,Evil_Twin
70.0,0.0,0.0,0.0,0.0,0.0,178.0,5.0,82.0,Evil_Twin
60.0,-2.0,0.0,0.0,0.0,0.0,0.0,10.0,82.0,Evil_Twin
60.0,0.0,-1.0,0.0,0.0,0.0,0.0,-11.0,85.0,Evil_Twin
80.0,1.0,-1.0,0.0,0.0,0.0,178.0,-12.0,83.0,Evil_Twin
80.0,0.0,0.0,0.0,0.0,0.0,178.0,-12.0,82.0,Evil_Twin
70.0,-2.0,0.0,0.0,-1.0,0.0,178.0,0.0,78.0,Evil_Twin
60.0,2.0,0.0,0.0,-1.0,-1.0,0.0,-24.0,78.0,Evil_Twin
80.0,0.0,0.0,0.0,0.0,0.0,178.0,3.0,82.0,Evil_Twin
70.0,0.0,0.0,0.0,-1.0,0.0,86.0,2.0,82.0,Evil_Twin
60.0,0.0,0.0,0.0,0.0,0.0,-139.0,6.0,78.0,Evil_Twin
80.0,0.0,0.0,0.0,0.0,0.0,120.0,-19.0,85.0,Evil_Twin
60.0,0.0,0.0,0.0,0.0,0.0,177.0,-5.0,83.0,Evil_Twin
80.0,-2.0,0.0,0.0,-1.0,0.0,178.0,-23.0,83.0,Evil_Twin
60.0,0.0,0.0,0.0,0.0,2.0,179.0,-14.0,83.0,Evil_Twin
80.0,0.0,0.0,0.0,0.0,0.0,1.0,-20.0,85.0,Evil_Twin
70.0,0.0,0.0,0.0,0.0,0.0,85.0,-5.0,82.0,Evil_Twin
80.0,4.0,0.0,0.0,0.0,0.0,0.0,-19.0,82.0,Evil_Twin
70.0,0.0,0.0,0.0,0.0,-1.0,0.0,-6.0,84.0,Evil_Twin
80.0,0.0,0.0,0.0,0.0,-1.0,101.0,-8.0,84.0,Evil_Twin
60.0,2.0,0.0,0.0,-1.0,-1.0,0.0,-19.0,80.0,Evil_Twin
80.0,2.0,0.0,0.0,-1.0,-1.0,37.0,-36.0,91.0,Evil_Twin
70.0,0.0,0.0,0.0,0.0,0.0,0.0,-9.0,86.0,Evil_Twin
70.0,-2.0,0.0,0.0,0.0,0.0,178.0,-3.0,81.0,Evil_Twin
70.0,1.0,-1.0,0.0,0.0,-1.0,0.0,-14.0,85.0,Evil_Twin
70.0,0.0,0.0,0.0,-1.0,0.0,0.0,-14.0,85.0,Evil_Twin
70.0,2.0,0.0,0.0,-1.0,0.0,0.0,-20.0,81.0,Evil_Twin
70.0,-2.0,0.0,0.0,-1.0,0.0,178.0,1.0,77.0,Evil_Twin
60.0,-2.0,0.0,0.0,0.0,0.0,0.0,-1.0,83.0,Evil_Twin
80.0,0.0,0.0,0.0,0.0,0.0,0.0,0.0,85.0,Evil_Twin
80.0,0.0,0.0,0.0,0.0,0.0,89.0,-2.0,83.0,Evil_Twin
70.0,0.0,0.0,0.0,0.0,-1.0,178.0,-5.0,81.0,Evil_Twin
80.0,0.0,0.0,1.0,0.0,0.0,-3.0,-200.0,-200.0,Evil_Twin
80.0,2.0,0.0,0.0,-8.0,0.0,0.0,-13.0,82.0,Evil_Twin
60.0,0.0,0.0,0.0,0.0,0.0,-3.0,18.0,79.0,Evil_Twin
60.0,0.0,0.0,0.0,0.0,0.0,0.0,-8.0,86.0,Evil_Twin
60.0,0.0,0.0,0.0,0.0,0.0,0.0,6.0,80.0,Evil_Twin
80.0,-2.0,0.0,0.0,-1.0,-1.0,175.0,-23.0,77.0,Evil_Twin
80.0,0.0,0.0,0.0,0.0,0.0,0.0,-6.0,85.0,Evil_Twin
80.0,-2.0,-1.0,0.0,0.0,-1.0,-144.0,19.0,88.0,Evil_Twin
70.0,-4.0,0.0,0.0,2.0,0.0,178.0,-12.0,83.0,Evil_Twin
60.0,1.0,0.0,0.0,-2.0,-1.0,0.0,10.0,81.0,Evil_Twin
80.0,0.0,0.0,0.0,0.0,-1.0,0.0,-14.0,85.0,Evil_Twin
80.0,0.0,0.0,0.0,0.0,0.0,-6.0,24.0,81.0,Evil_Twin
80.0,0.0,0.0,0.0,0.0,0.0,0.0,-7.0,85.0,Evil_Twin
100.0,0.0,0.0,0.0,0.0,0.0,0.0,2.0,109.0,Evil_Twin
80.0,2.0,0.0,0.0,-1.0,-1.0,37.0,-33.0,96.0,Evil_Twin
60.0,0.0,0.0,0.0,0.0,0.0,177.0,-2.0,82.0,Evil_Twin
60.0,1.0,0.0,0.0,0.0,-1.0,0.0,6.0,80.0,Evil_Twin
70.0,0.0,0.0,0.0,0.0,0.0,-99.0,-1.0,80.0,Evil_Twin
80.0,0.0,0.0,0.0,0.0,3.0,179.0,6.0,79.0,Evil_Twin
60.0,0.0,0.0,0.0,1.0,0.0,178.0,2.0,81.0,Evil_Twin
70.0,1.0,0.0,0.0,-1.0,-1.0,0.0,9.0,81.0,Evil_Twin
60.0,-2.0,0.0,0.0,0.0,0.0,178.0,0.0,86.0,Evil_Twin
80.0,-1.0,0.0,0.0,-2.0,0.0,175.0,4.0,80.0,Evil_Twin
70.0,0.0,0.0,1.0,0.0,0.0,-3.0,-200.0,-200.0,Evil_Twin
80.0,0.0,0.0,0.0,0.0,0.0,27.0,-9.0,83.0,Evil_Twin
-10.0,-1.0,0.0,0.0,-1.0,0.0,-3.0,-200.0,-200.0,Evil_Twin
80.0,0.0,0.0,0.0,-1.0,0.0,0.0,-14.0,86.0,Evil_Twin
70.0,0.0,0.0,0.0,0.0,0.0,97.0,-14.0,84.0,Evil_Twin
80.0,0.0,0.0,0.0,0.0,0.0,143.0,-16.0,82.0,Evil_Twin
80.0,2.0,0.0,0.0,-1.0,-1.0,0.0,29.0,81.0,Evil_Twin
70.0,-2.0,-2.0,0.0,-2.0,0.0,0.0,-10.0,84.0,Evil_Twin
80.0,0.0,0.0,0.0,0.0,0.0,0.0,4.0,81.0,Evil_Twin
60.0,4.0,0.0,0.0,0.0,0.0,0.0,-4.0,82.0,Evil_Twin
70.0,0.0,0.0,0.0,-1.0,0.0,0.0,-13.0,85.0,Evil_Twin
80.0,0.0,0.0,0.0,0.0,0.0,0.0,-4.0,86.0,Evil_Twin
70.0,2.0,0.0,0.0,-1.0,-1.0,0.0,-21.0,77.0,Evil_Twin
70.0,4.0,0.0,0.0,-3.0,0.0,0.0,11.0,83.0,Evil_Twin
80.0,-2.0,0.0,0.0,-1.0,-1.0,178.0,-27.0,78.0,Evil_Twin
70.0,0.0,0.0,0.0,0.0,0.0,22.0,-4.0,81.0,Evil_Twin
80.0,0.0,0.0,0.0,0.0,-1.0,0.0,10.0,83.0,Evil_Twin
70.0,0.0,0.0,0.0,0.0,0.0,0.0,8.0,82.0,Evil_Twin
60.0,1.0,0.0,0.0,3.0,1.0,0.0,-17.0,79.0,Evil_Twin
70.0,0.0,0.0,3.0,0.0,0.0,-3.0,-200.0,-200.0,Evil_Twin
80.0,0.0,0.0,0.0,-1.0,-1.0,0.0,3.0,81.0,Evil_Twin
80.0,-4.0,0.0,0.0,1.0,-1.0,177.0,3.0,79.0,Evil_Twin
70.0,2.0,0.0,0.0,0.0,0.0,178.0,0.0,78.0,Evil_Twin
70.0,0.0,0.0,2.0,0.0,0.0,-2.0,-200.0,-200.0,Evil_Twin
80.0,1.0,-1.0,0.0,-1.0,0.0,0.0,-17.0,82.0,Evil_Twin
80.0,0.0,0.0,0.0,0.0,0.0,0.0,6.0,81.0,Evil_Twin
0.0,0.0,0.0,4.0,0.0,0.0,-3.0,-200.0,-200.0,Evil_Twin
80.0,0.0,-1.0,0.0,-1.0,3.0,0.0,33.0,63.0,Evil_Twin
80.0,-2.0,0.0,0.0,-1.0,0.0,178.0,4.0,80.0,Evil_Twin
80.0,0.0,0.0,0.0,0.0,0.0,0.0,-2.0,83.0,Evil_Twin
80.0,0.0,0.0,0.0,-5.0,0.0,178.0,-7.0,85.0,Evil_Twin
70.0,0.0,0.0,0.0,0.0,0.0,0.0,-8.0,81.0,Evil_Twin
80.0,0.0,0.0,0.0,0.0,0.0,178.0,-17.0,83.0,Evil_Twin
70.0,1.0,0.0,0.0,0.0,0.0,0.0,-3.0,82.0,Evil_Twin
80.0,0.0,-1.0,0.0,0.0,0.0,0.0,-6.0,83.0,Evil_Twin
50.0,0.0,0.0,4.0,0.0,0.0,-3.0,-200.0,-200.0,Evil_Twin
80.0,-1.0,0.0,0.0,0.0,0.0,178.0,9.0,82.0,Evil_Twin
80.0,0.0,0.0,0.0,0.0,0.0,0.0,-7.0,85.0,Evil_Twin
80.0,-4.0,0.0,0.0,0.0,0.0,175.0,3.0,81.0,Evil_Twin
60.0,2.0,0.0,0.0,-1.0,-1.0,0.0,-8.0,78.0,Evil_Twin
70.0,0.0,0.0,0.0,0.0,0.0,0.0,-5.0,83.0,Evil_Twin
80.0,0.0,0.0,0.0,0.0,0.0,178.0,-17.0,82.0,Evil_Twin
80.0,2.0,0.0,0.0,-1.0,0.0,0.0,-16.0,91.0,Evil_Twin
80.0,0.0,-1.0,0.0,0.0,-1.0,0.0,-6.0,84.0,Evil_Twin
70.0,0.0,0.0,0.0,0.0,0.0,178.0,7.0,75.0,Evil_Twin
80.0,1.0,0.0,0.0,-1.0,1.0,0.0,-11.0,92.0,Evil_Twin
80.0,0.0,0.0,0.0,0.0,0.0,0.0,-6.0,84.0,Evil_Twin
70.0,0.0,0.0,1.0,0.0,0.0,-3.0,-200.0,-200.0,Evil_Twin
80.0,0.0,0.0,0.0,0.0,0.0,0.0,-14.0,83.0,Evil_Twin
80.0,-2.0,0.0,0.0,-1.0,-1.0,179.0,-44.0,75.0,Evil_Twin
70.0,0.0,0.0,0.0,0.0,0.0,178.0,-12.0,83.0,Evil_Twin
80.0,0.0,-1.0,0.0,-1.0,0.0,0.0,-7.0,81.0,Evil_Twin
80.0,0.0,0.0,0.0,0.0,1.0,1.0,-1.0,82.0,Evil_Twin
60.0,-2.0,0.0,0.0,0.0,0.0,0.0,-1.0,83.0,Evil_Twin
70.0,-1.0,0.0,0.0,-1.0,0.0,178.0,-5.0,81.0,Evil_Twin
70.0,1.0,0.0,0.0,-1.0,0.0,0.0,0.0,79.0,Evil_Twin
70.0,0.0,0.0,2.0,0.0,0.0,0.0,-200.0,-200.0,Evil_Twin
60.0,0.0,0.0,0.0,0.0,0.0,178.0,-1.0,84.0,Evil_Twin
60.0,2.0,0.0,0.0,-8.0,0.0,0.0,-10.0,78.0,Evil_Twin
80.0,2.0,0.0,0.0,-1.0,-1.0,0.0,-2.0,82.0,Evil_Twin
60.0,-2.0,0.0,0.0,0.0,-1.0,0.0,25.0,77.0,Evil_Twin
70.0,0.0,-1.0,0.0,0.0,0.0,178.0,10.0,79.0,Evil_Twin
70.0,3.0,0.0,0.0,0.0,0.0,0.0,-18.0,86.0,Evil_Twin
80.0,0.0,0.0,0.0,-1.0,-1.0,0.0,-9.0,84.0,Evil_Twin
0.0,0.0,0.0,0.0,1.0,0.0,-3.0,-200.0,-200.0,Evil_Twin
70.0,1.0,0.0,0.0,0.0,-1.0,0.0,11.0,76.0,Evil_Twin
80.0,0.0,0.0,0.0,0.0,4.0,1.0,16.0,80.0,Evil_Twin
70.0,2.0,0.0,0.0,-1.0,-1.0,0.0,9.0,83.0,Evil_Twin
80.0,2.0,0.0,0.0,-1.0,-1.0,0.0,23.0,77.0,Evil_Twin
60.0,0.0,0.0,0.0,0.0,1.0,-36.0,16.0,81.0,Evil_Twin
60.0,0.0,0.0,0.0,0.0,0.0,-58.0,-1.0,80.0,Evil_Twin
80.0,-1.0,0.0,0.0,4.0,0.0,179.0,-7.0,79.0,Evil_Twin
60.0,0.0,0.0,0.0,0.0,0.0,-28.0,0.0,80.0,Evil_Twin
60.0,0.0,0.0,0.0,0.0,-2.0,178.0,-5.0,83.0,Evil_Twin
80.0,0.0,0.0,0.0,0.0,0.0,178.0,-11.0,83.0,Evil_Twin
70.0,0.0,0.0,0.0,0.0,-1.0,0.0,-15.0,85.0,Evil_Twin
80.0,0.0,0.0,0.0,-2.0,-2.0,0.0,-13.0,80.0,Evil_Twin
70.0,0.0,0.0,0.0,0.0,0.0,178.0,-3.0,82.0,Evil_Twin
80.0,-1.0,0.0,0.0,0.0,-2.0,178.0,6.0,80.0,Evil_Twin
60.0,2.0,0.0,0.0,-1.0,0.0,0.0,-1.0,82.0,Evil_Twin
70.0,-2.0,0.0,0.0,-1.0,-1.0,178.0,-27.0,80.0,Evil_Twin
80.0,0.0,0.0,0.0,0.0,0.0,0.0,-6.0,82.0,Evil_Twin
80.0,1.0,0.0,0.0,-1.0,0.0,0.0,-10.0,82.0,Evil_Twin
80.0,1.0,0.0,0.0,-1.0,0.0,0.0,-17.0,83.0,Evil_Twin
60.0,1.0,0.0,0.0,0.0,0.0,177.0,-9.0,82.0,Evil_Twin
80.0,0.0,0.0,0.0,0.0,-1.0,27.0,-8.0,83.0,Evil_Twin
80.0,-1.0,1.0,0.0,-1.0,-1.0,178.0,15.0,84.0,Evil_Twin
80.0,0.0,0.0,0.0,-1.0,0.0,42.0,-4.0,82.0,Evil_Twin
60.0,0.0,0.0,0.0,0.0,-2.0,0.0,22.0,77.0,Evil_Twin
80.0,0.0,0.0,0.0,-1.0,0.0,0.0,-12.0,86.0,Evil_Twin
60.0,0.0,0.0,0.0,-5.0,2.0,178.0,-11.0,80.0,Evil_Twin
80.0,0.0,1.0,0.0,-1.0,-1.0,179.0,-13.0,83.0,Evil_Twin
80.0,0.0,-1.0,0.0,0.0,0.0,0.0,4.0,83.0,Evil_Twin
60.0,-2.0,0.0,0.0,-8.0,0.0,178.0,-10.0,83.0,Evil_Twin
80.0,0.0,0.0,0.0,0.0,0.0,179.0,-13.0,84.0,Evil_Twin
80.0,0.0,0.0,0.0,0.0,0.0,1.0,-20.0,85.0,Evil_Twin
80.0,-2.0,0.0,0.0,-1.0,-1.0,178.0,-24.0,83.0,Evil_Twin
80.0,0.0,0.0,0.0,0.0,0.0,-3.0,13.0,85.0,Evil_Twin
70.0,-1.0,0.0,0.0,2.0,0.0,178.0,-20.0,81.0,Evil_Twin
80.0,0.0,0.0,0.0,0.0,3.0,0.0,-14.0,84.0,Evil_Twin
80.0,1.0,0.0,0.0,-1.0,0.0,0.0,-17.0,83.0,Evil_Twin
80.0,0.0,0.0,0.0,0.0,0.0,-62.0,10.0,85.0,Evil_Twin
80.0,0.0,0.0,0.0,0.0,0.0,0.0,-1.0,86.0,Evil_Twin
70.0,0.0,0.0,0.0,0.0,0.0,-117.0,-2.0,81.0,Evil_Twin
80.0,0.0,-1.0,0.0,0.0,-1.0,0.0,-19.0,82.0,Evil_Twin
80.0,2.0,-1.0,0.0,-1.0,-1.0,0.0,-7.0,91.0,Evil_Twin
70.0,2.0,0.0,0.0,-8.0,0.0,0.0,-22.0,86.0,Evil_Twin
100.0,0.0,0.0,0.0,0.0,0.0,178.0,-15.0,113.0,Evil_Twin
80.0,1.0,-1.0,0.0,-1.0,-1.0,0.0,-13.0,83.0,Evil_Twin
80.0,-2.0,0.0,0.0,0.0,-1.0,178.0,-17.0,82.0,Evil_Twin
60.0,-2.0,0.0,0.0,-1.0,0.0,177.0,-4.0,79.0,Evil_Twin
80.0,0.0,-1.0,0.0,0.0,-1.0,0.0,-6.0,84.0,Evil_Twin
80.0,1.0,0.0,0.0,-3.0,-1.0,0.0,-11.0,85.0,Evil_Twin
80.0,-1.0,0.0,0.0,0.0,-1.0,179.0,-5.0,85.0,Evil_Twin
70.0,1.0,-1.0,0.0,0.0,-1.0,0.0,-22.0,80.0,Evil_Twin
70.0,-2.0,0.0,0.0,0.0,0.0,178.0,6.0,82.0,Evil_Twin
80.0,0.0,0.0,0.0,0.0,0.0,13.0,24.0,82.0,Evil_Twin
70.0,2.0,0.0,0.0,-1.0,0.0,0.0,-19.0,87.0,Evil_Twin
70.0,1.0,-1.0,0.0,-1.0,-1.0,0.0,12.0,81.0,Evil_Twin
70.0,0.0,0.0,0.0,-1.0,0.0,0.0,-5.0,84.0,Evil_Twin
80.0,-2.0,0.0,0.0,-1.0,0.0,178.0,-1.0,79.0,Evil_Twin
70.0,0.0,0.0,0.0,0.0,0.0,-3.0,-200.0,-200.0,Evil_Twin
80.0,0.0,0.0,0.0,0.0,0.0,-144.0,-12.0,83.0,Evil_Twin
80.0,0.0,0.0,0.0,1.0,1.0,1.0,16.0,79.0,Evil_Twin
70.0,0.0,0.0,0.0,0.0,0.0,178.0,-5.0,80.0,Evil_Twin
70.0,2.0,0.0,0.0,-1.0,-1.0,0.0,-7.0,76.0,Evil_Twin
80.0,0.0,0.0,-1.0,0.0,0.0,0.0,-9.0,98.0,Evil_Twin
80.0,0.0,0.0,0.0,0.0,0.0,0.0,-2.0,83.0,Evil_Twin
80.0,2.0,0.0,0.0,-1.0,-1.0,0.0,-32.0,77.0,Evil_Twin
80.0,0.0,-1.0,0.0,0.0,-1.0,0.0,-11.0,83.0,Evil_Twin
80.0,1.0,-1.0,0.0,0.0,0.0,0.0,-19.0,82.0,Evil_Twin
80.0,0.0,0.0,0.0,-1.0,-1.0,178.0,-14.0,84.0,Evil_Twin
60.0,-1.0,0.0,0.0,0.0,0.0,178.0,-14.0,78.0,Evil_Twin
80.0,0.0,0.0,0.0,0.0,0.0,179.0,-6.0,80.0,Evil_Twin
80.0,0.0,0.0,0.0,0.0,0.0,178.0,-21.0,81.0,Evil_Twin
70.0,2.0,0.0,0.0,-1.0,-2.0,0.0,19.0,81.0,Evil_Twin
60.0,0.0,0.0,0.0,0.0,0.0,0.0,-9.0,85.0,Evil_Twin
60.0,-4.0,0.0,0.0,-6.0,0.0,178.0,-4.0,81.0,Evil_Twin
80.0,0.0,0.0,0.0,0.0,0.0,0.0,1.0,82.0,Evil_Twin
70.0,-2.0,0.0,0.0,-1.0,0.0,178.0,-23.0,79.0,Evil_Twin
80.0,0.0,0.0,0.0,0.0,0.0,178.0,-12.0,82.0,Evil_Twin
80.0,0.0,0.0,0.0,0.0,1.0,178.0,-5.0,81.0,Evil_Twin
60.0,0.0,0.0,0.0,0.0,0.0,-3.0,-200.0,-200.0,Evil_Twin
60.0,0.0,0.0,0.0,0.0,2.0,179.0,-14.0,83.0,Evil_Twin
80.0,1.0,0.0,0.0,-1.0,-1.0,0.0,-8.0,82.0,Evil_Twin
80.0,0.0,0.0,0.0,0.0,0.0,-145.0,4.0,80.0,Evil_Twin
80.0,0.0,0.0,0.0,0.0,0.0,0.0,-5.0,85.0,Evil_Twin
70.0,0.0,0.0,0.0,0.0,0.0,178.0,3.0,79.0,Evil_Twin
80.0,2.0,0.0,0.0,-1.0,0.0,0.0,-30.0,81.0,Evil_Twin
60.0,0.0,0.0,0.0,0.0,0.0,-4.0,0.0,84.0,Evil_Twin
80.0,0.0,0.0,0.0,0.0,0.0,32.0,-9.0,82.0,Evil_Twin
80.0,0.0,0.0,0.0,0.0,0.0,0.0,-4.0,86.0,Evil_Twin
80.0,-1.0,0.0,0.0,0.0,0.0,178.0,9.0,82.0,Evil_Twin
80.0,0.0,-1.0,0.0,0.0,0.0,1.0,5.0,82.0,Evil_Twin
80.0,0.0,0.0,0.0,0.0,0.0,159.0,-30.0,78.0,Evil_Twin
70.0,-1.0,0.0,0.0,-2.0,0.0,0.0,4.0,79.0,Evil_Twin
70.0,2.0,0.0,0.0,-1.0,-1.0,0.0,21.0,77.0,Evil_Twin
80.0,0.0,0.0,0.0,0.0,0.0,0.0,-11.0,83.0,Evil_Twin
70.0,2.0,0.0,0.0,0.0,0.0,0.0,10.0,81.0,Evil_Twin
80.0,3.0,0.0,0.0,0.0,0.0,0.0,-2.0,84.0,Evil_Twin
60.0,0.0,0.0,0.0,0.0,-1.0,178.0,9.0,84.0,Evil_Twin
50.0,0.0,0.0,4.0,0.0,0.0,-3.0,-200.0,-200.0,Evil_Twin
70.0,0.0,-1.0,0.0,0.0,0.0,178.0,-14.0,81.0,Evil_Twin
70.0,0.0,0.0,0.0,0.0,0.0,0.0,-3.0,86.0,Evil_Twin
60.0,-3.0,0.0,0.0,-1.0,0.0,0.0,-14.0,80.0,Evil_Twin
80.0,0.0,0.0,0.0,0.0,0.0,178.0,-4.0,81.0,Evil_Twin
80.0,0.0,0.0,0.0,0.0,-1.0,0.0,24.0,83.0,Evil_Twin
50.0,0.0,0.0,4.0,0.0,0.0,-3.0,-200.0,-200.0,Evil_Twin
70.0,0.0,-1.0,0.0,0.0,0.0,0.0,-19.0,79.0,Evil_Twin
70.0,1.0,-1.0,0.0,-1.0,-1.0,0.0,-15.0,80.0,Evil_Twin
80.0,-2.0,-1.0,0.0,-2.0,1.0,0.0,-29.0,93.0,Evil_Twin
80.0,2.0,0.0,0.0,-1.0,-1.0,1.0,-35.0,72.0,Evil_Twin
110.0,0.0,0.0,0.0,0.0,-1.0,37.0,-19.0,120.0,Evil_Twin
80.0,0.0,0.0,0.0,0.0,0.0,-32.0,11.0,85.0,Evil_Twin
80.0,-2.0,0.0,0.0,-1.0,-1.0,177.0,3.0,78.0,Evil_Twin
80.0,0.0,0.0,0.0,0.0,0.0,0.0,-12.0,85.0,Evil_Twin
70.0,-2.0,0.0,0.0,-1.0,0.0,178.0,0.0,78.0,Evil_Twin
60.0,0.0,0.0,0.0,-3.0,-4.0,0.0,-20.0,77.0,Evil_Twin
60.0,0.0,0.0,0.0,0.0,0.0,-134.0,6.0,81.0,Evil_Twin
70.0,0.0,0.0,0.0,0.0,0.0,0.0,-5.0,83.0,Evil_Twin
70.0,0.0,0.0,0.0,0.0,0.0,178.0,12.0,77.0,Evil_Twin
50.0,0.0,0.0,0.0,0.0,0.0,178.0,5.0,77.0,Evil_Twin
80.0,0.0,0.0,0.0,-1.0,0.0,0.0,-7.0,82.0,Evil_Twin
80.0,0.0,0.0,0.0,0.0,0.0,177.0,-5.0,83.0,Evil_Twin
80.0,0.0,-1.0,0.0,0.0,-1.0,1.0,6.0,82.0,Evil_Twin
30.0,0.0,0.0,4.0,0.0,0.0,-3.0,-200.0,-200.0,Evil_Twin
70.0,2.0,0.0,0.0,-1.0,-1.0,0.0,7.0,82.0,Evil_Twin
0.0,0.0,0.0,4.0,0.0,0.0,-3.0,-200.0,-200.0,Evil_Twin
80.0,0.0,0.0,0.0,0.0,0.0,0.0,-16.0,85.0,Evil_Twin
70.0,2.0,-1.0,0.0,0.0,-2.0,0.0,25.0,77.0,Evil_Twin
80.0,0.0,0.0,0.0,0.0,0.0,178.0,5.0,83.0,Evil_Twin
80.0,0.0,0.0,0.0,0.0,0.0,178.0,3.0,82.0,Evil_Twin
60.0,0.0,0.0,0.0,0.0,0.0,0.0,-5.0,82.0,Evil_Twin
60.0,0.0,0.0,0.0,0.0,-1.0,0.0,-24.0,84.0,Evil_Twin
60.0,0.0,0.0,0.0,1.0,0.0,0.0,-6.0,81.0,Evil_Twin
80.0,0.0,0.0,0.0,0.0,0.0,178.0,4.0,81.0,Evil_Twin
60.0,2.0,0.0,0.0,-2.0,0.0,0.0,-23.0,87.0,Evil_Twin
60.0,1.0,0.0,0.0,0.0,0.0,177.0,-9.0,82.0,Evil_Twin
80.0,0.0,-1.0,0.0,0.0,-1.0,37.0,-12.0,84.0,Evil_Twin
80.0,2.0,0.0,0.0,-1.0,-1.0,0.0,-35.0,83.0,Evil_Twin
80.0,0.0,0.0,0.0,-1.0,0.0,0.0,-14.0,85.0,Evil_Twin
70.0,0.0,-1.0,0.0,0.0,-1.0,0.0,20.0,81.0,Evil_Twin
60.0,0.0,-1.0,0.0,-2.0,-2.0,0.0,-15.0,79.0,Evil_Twin
60.0,0.0,0.0,0.0,-1.0,-1.0,0.0,-6.0,82.0,Evil_Twin
80.0,0.0,0.0,0.0,0.0,0.0,178.0,-13.0,81.0,Evil_Twin
80.0,0.0,0.0,0.0,1.0,1.0,1.0,16.0,79.0,Evil_Twin
70.0,2.0,0.0,0.0,-2.0,0.0,0.0,-17.0,88.0,Evil_Twin
80.0,0.0,0.0,0.0,-1.0,-1.0,178.0,2.0,84.0,Evil_Twin
80.0,0.0,0.0,0.0,0.0,0.0,0.0,-6.0,84.0,Evil_Twin
70.0,0.0,0.0,0.0,0.0,0.0,168.0,-10.0,82.0,Evil_Twin
90.0,0.0,0.0,0.0,0.0,0.0,0.0,6.0,116.0,Evil_Twin
70.0,2.0,0.0,0.0,0.0,0.0,178.0,-2.0,81.0,Evil_Twin
70.0,-2.0,0.0,0.0,-1.0,-1.0,178.0,-100.0,-100.0,Evil_Twin
80.0,0.0,0.0,0.0,0.0,0.0,0.0,-4.0,86.0,Evil_Twin
60.0,0.0,0.0,0.0,0.0,0.0,174.0,-16.0,79.0,Evil_Twin
80.0,2.0,0.0,0.0,-1.0,-1.0,1.0,-24.0,82.0,Evil_Twin
80.0,0.0,0.0,0.0,0.0,0.0,0.0,-5.0,84.0,Evil_Twin
60.0,1.0,0.0,0.0,-2.0,-1.0,0.0,-12.0,82.0,Evil_Twin
70.0,0.0,0.0,0.0,-2.0,0.0,178.0,-3.0,83.0,Evil_Twin
80.0,0.0,0.0,0.0,0.0,0.0,0.0,-13.0,86.0,Evil_Twin
60.0,1.0,0.0,0.0,0.0,-1.0,0.0,8.0,80.0,Evil_Twin
80.0,0.0,1.0,0.0,1.0,0.0,-144.0,9.0,81.0,Evil_Twin
80.0,1.0,-1.0,0.0,-1.0,0.0,0.0,-7.0,84.0,Evil_Twin
80.0,2.0,0.0,0.0,-1.0,0.0,-2.0,-12.0,78.0,Evil_Twin
70.0,2.0,0.0,0.0,-1.0,-1.0,0.0,7.0,82.0,Evil_Twin
60.0,1.0,0.0,0.0,-1.0,1.0,0.0,-7.0,84.0,Evil_Twin
80.0,0.0,0.0,0.0,0.0,0.0,0.0,-4.0,86.0,Evil_Twin
70.0,-2.0,0.0,0.0,0.0,0.0,178.0,-3.0,81.0,Evil_Twin
60.0,0.0,0.0,0.0,0.0,0.0,0.0,-30.0,81.0,Evil_Twin
60.0,2.0,0.0,0.0,-1.0,0.0,0.0,-1.0,75.0,Evil_Twin
80.0,0.0,0.0,0.0,0.0,0.0,-3.0,-200.0,-200.0,Evil_Twin
80.0,0.0,0.0,0.0,0.0,1.0,0.0,-7.0,81.0,Evil_Twin
0.0,0.0,0.0,0.0,0.0,1.0,-8.0,-200.0,-200.0,Evil_Twin
70.0,0.0,0.0,0.0,1.0,0.0,0.0,-2.0,82.0,Evil_Twin
80.0,0.0,0.0,0.0,0.0,0.0,18.0,-4.0,81.0,Evil_Twin
80.0,0.0,0.0,0.0,0.0,0.0,-112.0,-2.0,84.0,Evil_Twin
80.0,-2.0,0.0,0.0,0.0,1.0,178.0,-8.0,78.0,Evil_Twin
70.0,0.0,-1.0,0.0,-1.0,0.0,0.0,-9.0,84.0,Evil_Twin
50.0,0.0,0.0,0.0,0.0,0.0,-14.0,-2.0,77.0,Evil_Twin
70.0,0.0,0.0,0.0,0.0,0.0,26.0,-3.0,84.0,Evil_Twin
80.0,1.0,0.0,0.0,0.0,-1.0,0.0,6.0,84.0,Evil_Twin
80.0,0.0,0.0,0.0,-1.0,0.0,0.0,-10.0,84.0,Evil_Twin
60.0,0.0,0.0,0.0,0.0,0.0,-144.0,-3.0,79.0,Evil_Twin
70.0,-2.0,0.0,0.0,-1.0,0.0,178.0,-1.0,86.0,Evil_Twin
60.0,0.0,0.0,0.0,0.0,0.0,178.0,-1.0,85.0,Evil_Twin
10.0,-1.0,0.0,0.0,0.0,0.0,-2.0,-200.0,-200.0,Evil_Twin
70.0,0.0,0.0,0.0,0.0,0.0,178.0,2.0,83.0,Evil_Twin
70.0,2.0,0.0,0.0,-1.0,-1.0,0.0,-40.0,76.0,Evil_Twin
70.0,2.0,0.0,0.0,-1.0,-1.0,0.0,36.0,69.0,Evil_Twin
70.0,-2.0,0.0,0.0,0.0,0.0,178.0,-1.0,81.0,Evil_Twin
70.0,0.0,0.0,0.0,0.0,0.0,0.0,-7.0,85.0,Evil_Twin
60.0,0.0,0.0,0.0,0.0,0.0,0.0,-2.0,84.0,Evil_Twin
70.0,-4.0,0.0,0.0,-2.0,0.0,174.0,-4.0,82.0,Evil_Twin
60.0,2.0,0.0,0.0,-1.0,-1.0,0.0,21.0,77.0,Evil_Twin
70.0,0.0,0.0,0.0,0.0,0.0,122.0,-8.0,84.0,Evil_Twin
60.0,0.0,0.0,0.0,-1.0,1.0,0.0,-4.0,82.0,Evil_Twin
70.0,0.0,0.0,0.0,0.0,0.0,-117.0,-2.0,81.0,Evil_Twin
80.0,0.0,0.0,0.0,0.0,0.0,178.0,-3.0,80.0,Evil_Twin
80.0,0.0,0.0,0.0,0.0,0.0,0.0,-9.0,87.0,Evil_Twin
80.0,-1.0,0.0,0.0,5.0,0.0,0.0,33.0,63.0,Evil_Twin
80.0,0.0,0.0,0.0,2.0,0.0,178.0,-16.0,82.0,Evil_Twin
80.0,-1.0,1.0,0.0,3.0,3.0,178.0,8.0,82.0,Evil_Twin
70.0,0.0,0.0,0.0,0.0,0.0,144.0,-11.0,82.0,Evil_Twin
70.0,1.0,0.0,0.0,0.0,-1.0,0.0,9.0,82.0,Evil_Twin
80.0,0.0,0.0,0.0,0.0,1.0,178.0,-5.0,81.0,Evil_Twin
60.0,4.0,1.0,0.0,2.0,-1.0,178.0,30.0,77.0,Evil_Twin
60.0,0.0,0.0,0.0,0.0,0.0,0.0,-2.0,82.0,Evil_Twin
60.0,1.0,0.0,0.0,0.0,-1.0,0.0,7.0,81.0,Evil_Twin
80.0,4.0,0.0,0.0,-2.0,0.0,0.0,-5.0,87.0,Evil_Twin
70.0,0.0,0.0,0.0,-2.0,-2.0,0.0,-18.0,79.0,Evil_Twin
80.0,1.0,0.0,0.0,-2.0,0.0,0.0,-3.0,85.0,Evil_Twin
60.0,0.0,2.0,0.0,0.0,0.0,178.0,-23.0,81.0,Evil_Twin
60.0,0.0,0.0,0.0,0.0,0.0,0.0,-5.0,83.0,Evil_Twin
70.0,0.0,0.0,0.0,0.0,0.0,116.0,0.0,82.0,Evil_Twin
60.0,-2.0,0.0,0.0,-1.0,0.0,178.0,-14.0,79.0,Evil_Twin
80.0,-2.0,0.0,0.0,-1.0,0.0,175.0,2.0,81.0,Evil_Twin
80.0,-2.0,0.0,0.0,0.0,0.0,178.0,-4.0,79.0,Evil_Twin
50.0,0.0,0.0,4.0,0.0,0.0,-1.0,-200.0,-200.0,Evil_Twin
110.0,0.0,0.0,0.0,0.0,-1.0,37.0,-18.0,116.0,Evil_Twin
80.0,0.0,-1.0,0.0,0.0,2.0,175.0,-18.0,80.0,Evil_Twin
70.0,0.0,0.0,0.0,0.0,-1.0,179.0,-18.0,81.0,Evil_Twin
80.0,0.0,0.0,0.0,0.0,0.0,-9.0,18.0,85.0,Evil_Twin
80.0,-4.0,0.0,0.0,0.0,0.0,178.0,-2.0,82.0,Evil_Twin
80.0,0.0,0.0,0.0,0.0,-1.0,1.0,-10.0,84.0,Evil_Twin
80.0,-4.0,0.0,0.0,-6.0,0.0,178.0,-9.0,83.0,Evil_Twin
70.0,0.0,0.0,0.0,0.0,0.0,0.0,-8.0,81.0,Evil_Twin
80.0,0.0,0.0,0.0,0.0,0.0,73.0,-11.0,84.0,Evil_Twin
80.0,-4.0,0.0,0.0,-1.0,0.0,178.0,2.0,83.0,Evil_Twin
70.0,0.0,0.0,0.0,0.0,0.0,0.0,-14.0,86.0,Evil_Twin
70.0,-1.0,1.0,0.0,0.0,0.0,178.0,-10.0,82.0,Evil_Twin
70.0,0.0,0.0,0.0,0.0,0.0,0.0,-1.0,88.0,Evil_Twin
80.0,-1.0,0.0,0.0,0.0,0.0,179.0,-12.0,82.0,Evil_Twin
60.0,0.0,0.0,0.0,0.0,0.0,178.0,-3.0,79.0,Evil_Twin
30.0,0.0,0.0,4.0,0.0,0.0,-3.0,-200.0,-200.0,Evil_Twin
80.0,0.0,0.0,0.0,-2.0,-3.0,178.0,-15.0,84.0,Evil_Twin
80.0,0.0,0.0,0.0,-1.0,-1.0,0.0,-3.0,85.0,Evil_Twin
80.0,2.0,0.0,0.0,-1.0,0.0,0.0,-22.0,80.0,Evil_Twin
80.0,2.0,0.0,0.0,-1.0,-1.0,0.0,-20.0,89.0,Evil_Twin
80.0,0.0,0.0,0.0,0.0,0.0,-3.0,-200.0,-200.0,Evil_Twin
80.0,0.0,0.0,0.0,-3.0,0.0,178.0,-3.0,81.0,Evil_Twin
80.0,0.0,0.0,0.0,0.0,0.0,178.0,7.0,86.0,Evil_Twin
60.0,0.0,0.0,0.0,0.0,0.0,176.0,-16.0,78.0,Evil_Twin
60.0,0.0,0.0,0.0,0.0,0.0,-29.0,9.0,81.0,Evil_Twin
80.0,0.0,0.0,0.0,0.0,0.0,178.0,-11.0,83.0,Evil_Twin
50.0,0.0,0.0,4.0,0.0,0.0,34.0,-200.0,-200.0,Evil_Twin
80.0,0.0,-1.0,0.0,0.0,-1.0,37.0,-27.0,85.0,Evil_Twin
90.0,0.0,0.0,-1.0,0.0,0.0,0.0,0.0,96.0,Evil_Twin
70.0,0.0,0.0,0.0,0.0,0.0,0.0,-8.0,77.0,Evil_Twin
80.0,0.0,-1.0,0.0,0.0,2.0,175.0,-18.0,80.0,Evil_Twin
60.0,-2.0,0.0,0.0,0.0,0.0,0.0,10.0,82.0,Evil_Twin
80.0,-2.0,0.0,0.0,0.0,0.0,178.0,-7.0,75.0,Evil_Twin
80.0,0.0,0.0,0.0,0.0,0.0,0.0,2.0,82.0,Evil_Twin
80.0,0.0,-1.0,0.0,0.0,-1.0,0.0,5.0,82.0,Evil_Twin
70.0,2.0,-1.0,0.0,-1.0,-1.0,0.0,11.0,80.0,Evil_Twin
80.0,-1.0,0.0,0.0,0.0,-1.0,179.0,6.0,82.0,Evil_Twin
70.0,0.0,0.0,0.0,-1.0,-1.0,178.0,-8.0,81.0,Evil_Twin
70.0,0.0,0.0,3.0,0.0,0.0,-1.0,-200.0,-200.0,Evil_Twin
80.0,0.0,0.0,0.0,-8.0,0.0,37.0,-18.0,84.0,Evil_Twin
70.0,1.0,0.0,0.0,0.0,0.0,0.0,-16.0,81.0,Evil_Twin
80.0,0.0,0.0,0.0,0.0,0.0,0.0,-11.0,86.0,Evil_Twin
80.0,2.0,0.0,0.0,-1.0,0.0,0.0,-23.0,81.0,Evil_Twin
80.0,0.0,0.0,0.0,0.0,0.0,-4.0,10.0,85.0,Evil_Twin
80.0,0.0,0.0,-1.0,-1.0,0.0,0.0,-15.0,89.0,Evil_Twin
110.0,0.0,0.0,0.0,0.0,0.0,0.0,2.0,109.0,Evil_Twin
60.0,0.0,0.0,4.0,0.0,0.0,-2.0,-200.0,-200.0,Evil_Twin
80.0,0.0,0.0,0.0,0.0,0.0,178.0,5.0,80.0,Evil_Twin
80.0,0.0,0.0,0.0,0.0,0.0,178.0,-7.0,84.0,Evil_Twin
60.0,-1.0,0.0,0.0,-8.0,-3.0,179.0,11.0,84.0,Evil_Twin
80.0,3.0,0.0,0.0,0.0,0.0,0.0,-16.0,86.0,Evil_Twin
80.0,2.0,0.0,0.0,-1.0,-1.0,0.0,-40.0,79.0,Evil_Twin
80.0,0.0,0.0,0.0,0.0,0.0,1.0,-7.0,86.0,Evil_Twin
80.0,2.0,-1.0,0.0,-1.0,-1.0,0.0,-11.0,91.0,Evil_Twin
80.0,-2.0,0.0,0.0,-1.0,0.0,178.0,-33.0,72.0,Evil_Twin
60.0,0.0,0.0,0.0,0.0,-1.0,178.0,3.0,82.0,Evil_Twin
70.0,0.0,0.0,0.0,-1.0,0.0,0.0,-11.0,85.0,Evil_Twin
60.0,0.0,0.0,0.0,-1.0,0.0,179.0,4.0,82.0,Evil_Twin
70.0,-2.0,0.0,0.0,1.0,0.0,178.0,-20.0,80.0,Evil_Twin
10.0,0.0,0.0,3.0,0.0,0.0,-2.0,-200.0,-200.0,Evil_Twin
80.0,0.0,-1.0,0.0,0.0,0.0,1.0,-7.0,81.0,Evil_Twin
70.0,0.0,0.0,0.0,-5.0,0.0,177.0,-4.0,83.0,Evil_Twin
80.0,2.0,0.0,0.0,-2.0,0.0,0.0,-24.0,77.0,Evil_Twin
70.0,0.0,0.0,0.0,0.0,0.0,178.0,-2.0,81.0,Evil_Twin
80.0,0.0,0.0,0.0,0.0,0.0,-62.0,10.0,85.0,Evil_Twin
70.0,-1.0,0.0,0.0,-6.0,0.0,178.0,-11.0,80.0,Evil_Twin
60.0,4.0,0.0,0.0,0.0,0.0,0.0,-4.0,82.0,Evil_Twin
80.0,0.0,0.0,0.0,0.0,0.0,0.0,33.0,63.0,Evil_Twin
80.0,2.0,0.0,0.0,-1.0,-1.0,0.0,28.0,81.0,Evil_Twin
70.0,2.0,0.0,0.0,-1.0,-1.0,0.0,24.0,78.0,Evil_Twin
80.0,0.0,0.0,0.0,0.0,0.0,178.0,-3.0,85.0,Evil_Twin
80.0,0.0,0.0,0.0,0.0,0.0,0.0,-4.0,84.0,Evil_Twin
80.0,0.0,0.0,0.0,0.0,0.0,-3.0,-200.0,-200.0,Evil_Twin
60.0,-2.0,0.0,0.0,0.0,0.0,177.0,-2.0,81.0,Evil_Twin
80.0,-2.0,0.0,0.0,-1.0,-1.0,178.0,-31.0,77.0,Evil_Twin
70.0,0.0,0.0,0.0,0.0,-1.0,0.0,-14.0,86.0,Evil_Twin
70.0,0.0,0.0,0.0,-2.0,-2.0,0.0,11.0,83.0,Evil_Twin
70.0,0.0,0.0,0.0,-1.0,0.0,0.0,-10.0,84.0,Evil_Twin
70.0,0.0,0.0,0.0,0.0,0.0,-19.0,0.0,82.0,Evil_Twin
60.0,2.0,0.0,0.0,-1.0,0.0,0.0,-4.0,83.0,Evil_Twin
80.0,-4.0,0.0,0.0,1.0,0.0,178.0,-7.0,85.0,Evil_Twin
60.0,0.0,0.0,0.0,-1.0,0.0,178.0,-6.0,83.0,Evil_Twin
80.0,0.0,0.0,2.0,0.0,0.0,-3.0,-200.0,-200.0,Evil_Twin
80.0,4.0,0.0,0.0,0.0,0.0,178.0,-7.0,79.0,Evil_Twin
70.0,0.0,0.0,0.0,0.0,0.0,0.0,7.0,81.0,Evil_Twin
80.0,0.0,0.0,0.0,0.0,0.0,104.0,1.0,82.0,Evil_Twin
60.0,0.0,0.0,0.0,0.0,0.0,0.0,-20.0,81.0,Evil_Twin
80.0,3.0,0.0,0.0,-8.0,0.0,0.0,-17.0,83.0,Evil_Twin
60.0,-2.0,0.0,0.0,-1.0,-1.0,178.0,-38.0,72.0,Evil_Twin
80.0,0.0,0.0,0.0,0.0,0.0,83.0,-19.0,79.0,Evil_Twin
60.0,0.0,0.0,0.0,0.0,0.0,178.0,-1.0,84.0,Evil_Twin
10.0,0.0,0.0,3.0,0.0,0.0,-2.0,-200.0,-200.0,Evil_Twin
50.0,0.0,0.0,4.0,0.0,0.0,-3.0,-200.0,-200.0,Evil_Twin
80.0,1.0,0.0,0.0,0.0,-1.0,1.0,8.0,81.0,Evil_Twin
80.0,0.0,0.0,0.0,0.0,0.0,131.0,-10.0,84.0,Evil_Twin
70.0,0.0,1.0,0.0,0.0,-2.0,178.0,-15.0,81.0,Evil_Twin
70.0,0.0,0.0,0.0,0.0,2.0,0.0,-5.0,84.0,Evil_Twin
60.0,0.0,1.0,0.0,0.0,-1.0,178.0,8.0,83.0,Evil_Twin
60.0,0.0,0.0,0.0,0.0,-4.0,0.0,-24.0,82.0,Evil_Twin
70.0,-2.0,0.0,0.0,0.0,0.0,178.0,-7.0,76.0,Evil_Twin
80.0,0.0,0.0,0.0,-1.0,-1.0,178.0,-14.0,84.0,Evil_Twin
80.0,-2.0,0.0,0.0,0.0,0.0,178.0,-1.0,84.0,Evil_Twin
80.0,-2.0,0.0,0.0,-1.0,0.0,178.0,-25.0,83.0,Evil_Twin
70.0,0.0,0.0,0.0,0.0,0.0,26.0,-3.0,84.0,Evil_Twin
60.0,2.0,-1.0,0.0,-1.0,-1.0,0.0,-33.0,69.0,Evil_Twin
80.0,1.0,0.0,0.0,-1.0,-2.0,0.0,8.0,81.0,Evil_Twin
80.0,-2.0,-1.0,0.0,0.0,-2.0,0.0,33.0,63.0,Evil_Twin
0.0,-1.0,0.0,0.0,0.0,0.0,-2.0,-200.0,-200.0,Evil_Twin
80.0,2.0,-1.0,0.0,-1.0,-1.0,1.0,20.0,73.0,Evil_Twin
70.0,-4.0,0.0,0.0,-2.0,0.0,178.0,2.0,82.0,Evil_Twin
60.0,0.0,0.0,1.0,0.0,0.0,178.0,6.0,89.0,Evil_Twin
80.0,0.0,0.0,0.0,0.0,0.0,178.0,0.0,81.0,Evil_Twin
70.0,0.0,-1.0,0.0,0.0,0.0,0.0,-19.0,79.0,Evil_Twin
80.0,0.0,0.0,0.0,0.0,0.0,178.0,-2.0,81.0,Evil_Twin
80.0,0.0,0.0,0.0,0.0,0.0,0.0,9.0,83.0,Evil_Twin
60.0,0.0,0.0,0.0,0.0,0.0,95.0,2.0,83.0,Evil_Twin
80.0,2.0,-1.0,0.0,-1.0,-1.0,0.0,36.0,82.0,Evil_Twin
60.0,0.0,0.0,0.0,0.0,0.0,0.0,7.0,80.0,Evil_Twin
80.0,0.0,0.0,0.0,-1.0,-1.0,0.0,-18.0,84.0,Evil_Twin
60.0,3.0,0.0,0.0,-8.0,0.0,0.0,4.0,80.0,Evil_Twin
70.0,2.0,0.0,0.0,-1.0,0.0,0.0,-8.0,82.0,Evil_Twin
80.0,0.0,0.0,0.0,0.0,-1.0,60.0,-9.0,83.0,Evil_Twin
80.0,-2.0,0.0,0.0,-1.0,0.0,175.0,-7.0,80.0,Evil_Twin
80.0,0.0,-1.0,0.0,-1.0,-2.0,37.0,-13.0,84.0,Evil_Twin
80.0,0.0,0.0,0.0,0.0,-1.0,37.0,-12.0,83.0,Evil_Twin
60.0,2.0,0.0,0.0,-1.0,0.0,0.0,-1.0,84.0,Evil_Twin
80.0,1.0,-1.0,0.0,3.0,1.0,0.0,17.0,84.0,Evil_Twin
80.0,0.0,-1.0,0.0,0.0,0.0,179.0,-11.0,80.0,Evil_Twin
50.0,-1.0,-1.0,0.0,-4.0,3.0,178.0,-17.0,84.0,Evil_Twin
80.0,0.0,-1.0,0.0,-1.0,0.0,0.0,-10.0,83.0,Evil_Twin
70.0,1.0,0.0,0.0,-1.0,-1.0,0.0,10.0,77.0,Evil_Twin
80.0,0.0,0.0,0.0,0.0,0.0,-3.0,-200.0,-200.0,Evil_Twin
80.0,1.0,0.0,0.0,-2.0,0.0,0.0,-3.0,85.0,Evil_Twin
80.0,0.0,-1.0,0.0,-1.0,-2.0,0.0,22.0,81.0,Evil_Twin
80.0,0.0,0.0,0.0,0.0,0.0,0.0,-1.0,84.0,Evil_Twin
60.0,0.0,1.0,0.0,0.0,-5.0,178.0,-8.0,81.0,Evil_Twin
80.0,0.0,0.0,0.0,0.0,0.0,0.0,-6.0,81.0,Evil_Twin
80.0,0.0,-1.0,0.0,-1.0,0.0,1.0,-9.0,79.0,Evil_Twin
80.0,0.0,0.0,0.0,0.0,0.0,-89.0,5.0,81.0,Evil_Twin
60.0,0.0,0.0,0.0,0.0,1.0,0.0,-4.0,81.0,Evil_Twin
60.0,-2.0,0.0,0.0,-2.0,0.0,178.0,-11.0,80.0,Evil_Twin
80.0,0.0,0.0,0.0,0.0,0.0,179.0,-2.0,81.0,Evil_Twin
80.0,0.0,0.0,0.0,0.0,2.0,0.0,-5.0,82.0,Evil_Twin
80.0,0.0,0.0,0.0,0.0,0.0,178.0,3.0,82.0,Evil_Twin
10.0,0.0,0.0,4.0,0.0,0.0,-2.0,-200.0,-200.0,Evil_Twin
70.0,0.0,0.0,0.0,0.0,0.0,178.0,-6.0,81.0,Evil_Twin
70.0,2.0,0.0,0.0,-1.0,0.0,0.0,0.0,84.0,Evil_Twin
60.0,0.0,-1.0,0.0,0.0,0.0,0.0,-6.0,82.0,Evil_Twin
60.0,0.0,0.0,0.0,0.0,0.0,178.0,-15.0,79.0,Evil_Twin
60.0,0.0,-1.0,0.0,0.0,0.0,0.0,9.0,82.0,Evil_Twin
80.0,0.0,0.0,0.0,-2.0,-1.0,0.0,6.0,82.0,Evil_Twin
80.0,0.0,0.0,0.0,0.0,0.0,0.0,-2.0,86.0,Evil_Twin
70.0,0.0,0.0,0.0,0.0,0.0,0.0,-9.0,86.0,Evil_Twin
70.0,0.0,0.0,0.0,-1.0,-1.0,178.0,-8.0,81.0,Evil_Twin
70.0,0.0,0.0,0.0,-1.0,0.0,178.0,5.0,81.0,Evil_Twin
10.0,0.0,0.0,4.0,0.0,0.0,-3.0,-200.0,-200.0,Evil_Twin
80.0,0.0,0.0,0.0,0.0,0.0,178.0,-9.0,84.0,Evil_Twin
70.0,0.0,0.0,0.0,-1.0,-1.0,0.0,5.0,80.0,Evil_Twin
80.0,0.0,0.0,0.0,-3.0,-1.0,1.0,-5.0,84.0,Evil_Twin
70.0,0.0,0.0,0.0,0.0,0.0,178.0,-13.0,77.0,Evil_Twin
80.0,0.0,0.0,0.0,-1.0,0.0,0.0,-3.0,84.0,Evil_Twin
80.0,0.0,1.0,0.0,0.0,-1.0,178.0,-14.0,82.0,Evil_Twin
80.0,0.0,0.0,0.0,-1.0,-1.0,175.0,-9.0,80.0,Evil_Twin
80.0,0.0,0.0,0.0,0.0,0.0,0.0,-3.0,85.0,Evil_Twin
80.0,0.0,-1.0,0.0,-1.0,0.0,1.0,-11.0,84.0,Evil_Twin
80.0,2.0,0.0,0.0,-1.0,-1.0,1.0,-35.0,72.0,Evil_Twin
80.0,1.0,-1.0,0.0,0.0,0.0,0.0,-19.0,82.0,Evil_Twin
80.0,2.0,0.0,0.0,-1.0,0.0,0.0,-7.0,94.0,Evil_Twin
80.0,-2.0,0.0,0.0,-1.0,-1.0,178.0,20.0,82.0,Evil_Twin
70.0,-1.0,0.0,0.0,3.0,0.0,178.0,-11.0,81.0,Evil_Twin
70.0,0.0,0.0,0.0,0.0,0.0,31.0,-14.0,83.0,Evil_Twin
80.0,0.0,-1.0,0.0,0.0,-1.0,0.0,5.0,82.0,Evil_Twin
70.0,0.0,0.0,0.0,-1.0,0.0,0.0,-16.0,85.0,Evil_Twin
70.0,1.0,-1.0,0.0,0.0,-1.0,0.0,-25.0,78.0,Evil_Twin
0.0,0.0,0.0,0.0,0.0,0.0,-2.0,-200.0,-200.0,Evil_Twin
60.0,0.0,0.0,0.0,0.0,1.0,-11.0,18.0,80.0,Evil_Twin
80.0,0.0,-1.0,0.0,0.0,-1.0,37.0,-15.0,83.0,Evil_Twin
80.0,0.0,0.0,0.0,0.0,0.0,165.0,-16.0,84.0,Evil_Twin
80.0,-1.0,0.0,0.0,0.0,-1.0,178.0,13.0,82.0,Evil_Twin
80.0,0.0,0.0,0.0,-4.0,-5.0,0.0,-29.0,79.0,Evil_Twin
70.0,0.0,-2.0,0.0,-1.0,-2.0,0.0,25.0,80.0,Evil_Twin
80.0,0.0,0.0,0.0,0.0,0.0,0.0,-4.0,84.0,Evil_Twin
70.0,0.0,0.0,0.0,0.0,0.0,178.0,-5.0,81.0,Evil_Twin
80.0,0.0,0.0,0.0,0.0,0.0,97.0,-15.0,83.0,Evil_Twin
80.0,0.0,0.0,0.0,0.0,0.0,177.0,-17.0,82.0,Evil_Twin
70.0,-1.0,0.0,0.0,-2.0,0.0,0.0,4.0,79.0,Evil_Twin
80.0,-2.0,0.0,0.0,-1.0,-1.0,178.0,-15.0,87.0,Evil_Twin
80.0,1.0,0.0,0.0,2.0,2.0,0.0,-20.0,86.0,Evil_Twin
70.0,-2.0,0.0,0.0,0.0,0.0,178.0,-3.0,81.0,Evil_Twin
70.0,0.0,0.0,0.0,0.0,0.0,-3.0,-200.0,-200.0,Evil_Twin
80.0,0.0,0.0,0.0,0.0,0.0,178.0,4.0,81.0,Evil_Twin
60.0,0.0,-1.0,0.0,0.0,-1.0,0.0,9.0,81.0,Evil_Twin
80.0,-1.0,1.0,0.0,0.0,-2.0,178.0,-23.0,83.0,Evil_Twin
70.0,0.0,0.0,0.0,0.0,0.0,-135.0,-4.0,81.0,Evil_Twin
80.0,2.0,-1.0,0.0,-1.0,-1.0,1.0,20.0,73.0,Evil_Twin
70.0,0.0,0.0,0.0,0.0,0.0,176.0,-12.0,83.0,Evil_Twin
80.0,-2.0,0.0,0.0,-1.0,-1.0,178.0,-24.0,83.0,Evil_Twin
80.0,0.0,-2.0,0.0,0.0,0.0,1.0,-10.0,86.0,Evil_Twin
80.0,0.0,0.0,0.0,0.0,0.0,-99.0,8.0,82.0,Evil_Twin
80.0,0.0,0.0,0.0,1.0,0.0,0.0,-20.0,81.0,Evil_Twin
80.0,0.0,0.0,0.0,0.0,-1.0,0.0,-5.0,82.0,Evil_Twin
70.0,0.0,0.0,0.0,0.0,0.0,0.0,-2.0,85.0,Evil_Twin
80.0,0.0,0.0,0.0,-1.0,0.0,0.0,-7.0,82.0,Evil_Twin
80.0,1.0,-1.0,0.0,-1.0,0.0,0.0,-12.0,82.0,Evil_Twin
60.0,2.0,0.0,0.0,-1.0,0.0,0.0,7.0,85.0,Evil_Twin
60.0,-2.0,0.0,0.0,0.0,0.0,177.0,-5.0,83.0,Evil_Twin
80.0,0.0,0.0,0.0,-1.0,0.0,0.0,8.0,81.0,Evil_Twin
60.0,0.0,-1.0,0.0,-3.0,-5.0,0.0,19.0,82.0,Evil_Twin
60.0,1.0,0.0,0.0,-1.0,0.0,178.0,-7.0,83.0,Evil_Twin
70.0,2.0,0.0,0.0,-1.0,0.0,0.0,-11.0,87.0,Evil_Twin
60.0,0.0,1.0,0.0,0.0,0.0,0.0,20.0,79.0,Evil_Twin
80.0,-2.0,0.0,0.0,0.0,0.0,179.0,-5.0,86.0,Evil_Twin
80.0,0.0,0.0,0.0,0.0,0.0,0.0,-8.0,84.0,Evil_Twin
70.0,0.0,0.0,0.0,0.0,0.0,0.0,-22.0,86.0,Evil_Twin
80.0,0.0,0.0,0.0,0.0,0.0,-13.0,9.0,82.0,Evil_Twin
70.0,0.0,0.0,0.0,0.0,0.0,-154.0,-3.0,81.0,Evil_Twin
70.0,-2.0,0.0,0.0,0.0,0.0,178.0,19.0,80.0,Evil_Twin
70.0,0.0,0.0,0.0,0.0,0.0,0.0,-6.0,84.0,Evil_Twin
0.0,0.0,0.0,0.0,0.0,0.0,-3.0,-200.0,-200.0,Evil_Twin
80.0,0.0,-2.0,0.0,0.0,-1.0,1.0,7.0,82.0,Evil_Twin
70.0,2.0,0.0,0.0,-1.0,-1.0,0.0,24.0,78.0,Evil_Twin
70.0,0.0,0.0,0.0,0.0,1.0,-11.0,16.0,81.0,Evil_Twin
70.0,1.0,-1.0,0.0,-1.0,0.0,0.0,-14.0,80.0,Evil_Twin
60.0,0.0,0.0,0.0,0.0,0.0,0.0,-12.0,80.0,Evil_Twin
80.0,0.0,0.0,0.0,0.0,0.0,0.0,-3.0,86.0,Evil_Twin
70.0,3.0,0.0,0.0,1.0,0.0,0.0,-16.0,88.0,Evil_Twin
60.0,0.0,0.0,0.0,0.0,0.0,-58.0,-1.0,80.0,Evil_Twin
60.0,0.0,1.0,0.0,-1.0,-2.0,178.0,-10.0,79.0,Evil_Twin
80.0,4.0,-1.0,0.0,-3.0,-2.0,0.0,33.0,63.0,Evil_Twin
80.0,2.0,0.0,0.0,-1.0,0.0,0.0,-8.0,83.0,Evil_Twin
70.0,-2.0,0.0,0.0,-1.0,0.0,178.0,-2.0,82.0,Evil_Twin
70.0,0.0,-1.0,0.0,1.0,-1.0,0.0,-14.0,81.0,Evil_Twin
70.0,0.0,0.0,0.0,0.0,0.0,0.0,-4.0,86.0,Evil_Twin
70.0,2.0,0.0,0.0,-1.0,2.0,0.0,-4.0,78.0,Evil_Twin
80.0,4.0,0.0,0.0,-2.0,0.0,0.0,-18.0,82.0,Evil_Twin
80.0,-2.0,0.0,0.0,0.0,0.0,178.0,14.0,78.0,Evil_Twin
70.0,0.0,0.0,0.0,0.0,0.0,-18.0,0.0,82.0,Evil_Twin
60.0,0.0,1.0,0.0,0.0,-1.0,178.0,8.0,83.0,Evil_Twin
60.0,1.0,0.0,0.0,-8.0,0.0,0.0,16.0,81.0,Evil_Twin
70.0,0.0,0.0,0.0,0.0,0.0,0.0,-10.0,84.0,Evil_Twin
60.0,0.0,-1.0,0.0,0.0,0.0,0.0,-11.0,85.0,Evil_Twin
80.0,1.0,0.0,0.0,3.0,0.0,0.0,-7.0,83.0,Evil_Twin
80.0,0.0,-1.0,0.0,0.0,-1.0,37.0,-15.0,83.0,Evil_Twin
70.0,2.0,0.0,0.0,-5.0,0.0,178.0,0.0,80.0,Evil_Twin
80.0,0.0,0.0,0.0,0.0,0.0,0.0,17.0,80.0,Evil_Twin
70.0,0.0,0.0,0.0,0.0,0.0,0.0,-10.0,85.0,Evil_Twin
80.0,1.0,0.0,0.0,-9.0,0.0,0.0,-11.0,83.0,Evil_Twin
80.0,0.0,0.0,0.0,0.0,0.0,178.0,0.0,83.0,Evil_Twin
70.0,0.0,0.0,0.0,0.0,0.0,142.0,-7.0,83.0,Evil_Twin
60.0,2.0,0.0,0.0,-1.0,-1.0,0.0,-26.0,80.0,Evil_Twin
80.0,0.0,0.0,0.0,-4.0,-5.0,0.0,-29.0,79.0,Evil_Twin
40.0,0.0,0.0,4.0,0.0,0.0,-3.0,-200.0,-200.0,Evil_Twin
80.0,0.0,0.0,0.0,0.0,0.0,-32.0,11.0,85.0,Evil_Twin
80.0,0.0,0.0,0.0,0.0,0.0,0.0,0.0,84.0,Evil_Twin
60.0,2.0,0.0,0.0,-1.0,0.0,0.0,28.0,69.0,Evil_Twin
0.0,-1.0,-1.0,0.0,0.0,0.0,1.0,-200.0,-200.0,Evil_Twin
80.0,0.0,0.0,0.0,1.0,0.0,0.0,4.0,82.0,Evil_Twin
80.0,0.0,-1.0,0.0,0.0,0.0,178.0,8.0,80.0,Evil_Twin
80.0,0.0,0.0,0.0,0.0,0.0,178.0,4.0,83.0,Evil_Twin
60.0,2.0,0.0,0.0,-1.0,-1.0,0.0,-28.0,73.0,Evil_Twin
100.0,0.0,0.0,0.0,0.0,0.0,178.0,-15.0,113.0,Evil_Twin
30.0,0.0,0.0,4.0,0.0,0.0,-3.0,-200.0,-200.0,Evil_Twin
70.0,2.0,0.0,0.0,-1.0,-1.0,0.0,9.0,82.0,Evil_Twin
80.0,0.0,-1.0,0.0,-1.0,0.0,1.0,-8.0,83.0,Evil_Twin
60.0,0.0,0.0,0.0,0.0,0.0,-29.0,9.0,81.0,Evil_Twin
60.0,0.0,0.0,0.0,0.0,0.0,0.0,20.0,78.0,Evil_Twin
80.0,-2.0,1.0,0.0,-1.0,-1.0,178.0,10.0,75.0,Evil_Twin
80.0,0.0,0.0,0.0,0.0,0.0,1.0,-18.0,80.0,Evil_Twin
60.0,3.0,0.0,0.0,0.0,0.0,0.0,-25.0,88.0,Evil_Twin
80.0,1.0,-1.0,0.0,0.0,0.0,0.0,13.0,82.0,Evil_Twin
80.0,-2.0,0.0,0.0,-1.0,0.0,178.0,-6.0,77.0,Evil_Twin
80.0,0.0,0.0,0.0,0.0,3.0,179.0,6.0,79.0,Evil_Twin
70.0,0.0,0.0,0.0,-3.0,0.0,178.0,4.0,83.0,Evil_Twin
60.0,4.0,1.0,0.0,2.0,-1.0,178.0,30.0,77.0,Evil_Twin
80.0,0.0,0.0,0.0,0.0,0.0,179.0,-4.0,80.0,Evil_Twin
80.0,2.0,0.0,0.0,-1.0,0.0,0.0,-13.0,82.0,Evil_Twin
70.0,0.0,0.0,0.0,-1.0,0.0,0.0,-16.0,85.0,Evil_Twin
70.0,2.0,0.0,0.0,-1.0,-1.0,0.0,-38.0,74.0,Evil_Twin
60.0,0.0,0.0,0.0,-4.0,-7.0,0.0,21.0,84.0,Evil_Twin
70.0,0.0,0.0,0.0,0.0,0.0,178.0,0.0,82.0,Evil_Twin
80.0,0.0,0.0,0.0,0.0,0.0,177.0,-10.0,84.0,Evil_Twin
80.0,1.0,0.0,0.0,-1.0,-1.0,0.0,-8.0,82.0,Evil_Twin
70.0,0.0,0.0,0.0,0.0,-1.0,0.0,21.0,78.0,Evil_Twin
80.0,2.0,0.0,0.0,0.0,0.0,0.0,15.0,84.0,Evil_Twin
80.0,2.0,-1.0,0.0,-1.0,-1.0,0.0,-28.0,81.0,Evil_Twin
80.0,-2.0,0.0,0.0,0.0,0.0,178.0,-9.0,82.0,Evil_Twin
70.0,0.0,0.0,0.0,0.0,0.0,178.0,0.0,82.0,Evil_Twin
70.0,2.0,0.0,0.0,0.0,-1.0,0.0,22.0,78.0,Evil_Twin
80.0,2.0,0.0,0.0,-1.0,-1.0,0.0,-29.0,81.0,Evil_Twin
70.0,-2.0,0.0,0.0,0.0,0.0,178.0,-3.0,81.0,Evil_Twin
70.0,2.0,0.0,0.0,1.0,0.0,178.0,-2.0,82.0,Evil_Twin
70.0,0.0,0.0,2.0,0.0,0.0,-3.0,-200.0,-200.0,Evil_Twin
80.0,0.0,-1.0,0.0,-1.0,-1.0,0.0,-23.0,88.0,Evil_Twin
70.0,1.0,0.0,0.0,-2.0,0.0,0.0,-5.0,82.0,Evil_Twin
70.0,0.0,0.0,0.0,-1.0,0.0,178.0,-14.0,84.0,Evil_Twin
80.0,0.0,1.0,0.0,0.0,-1.0,178.0,6.0,81.0,Evil_Twin
80.0,0.0,0.0,0.0,0.0,0.0,0.0,-5.0,84.0,Evil_Twin
70.0,0.0,0.0,0.0,-7.0,0.0,178.0,7.0,81.0,Evil_Twin
70.0,3.0,0.0,0.0,0.0,0.0,0.0,22.0,75.0,Evil_Twin
80.0,-1.0,0.0,0.0,2.0,0.0,178.0,-12.0,88.0,Evil_Twin
70.0,0.0,-1.0,0.0,0.0,4.0,0.0,-4.0,83.0,Evil_Twin
80.0,0.0,0.0,0.0,0.0,1.0,0.0,-4.0,83.0,Evil_Twin
70.0,2.0,0.0,0.0,-1.0,-1.0,0.0,9.0,82.0,Evil_Twin
80.0,0.0,0.0,0.0,1.0,1.0,178.0,-15.0,81.0,Evil_Twin
100.0,0.0,0.0,1.0,0.0,0.0,0.0,12.0,112.0,Evil_Twin
60.0,0.0,0.0,0.0,1.0,0.0,0.0,9.0,81.0,Evil_Twin
80.0,3.0,0.0,0.0,-8.0,0.0,0.0,-17.0,83.0,Evil_Twin
80.0,-2.0,0.0,0.0,0.0,-1.0,178.0,-24.0,81.0,Evil_Twin
70.0,0.0,0.0,3.0,0.0,0.0,-2.0,-200.0,-200.0,Evil_Twin
60.0,1.0,0.0,0.0,0.0,0.0,0.0,7.0,81.0,Evil_Twin
80.0,-2.0,0.0,0.0,-8.0,0.0,178.0,-11.0,83.0,Evil_Twin
80.0,-1.0,-1.0,0.0,0.0,-1.0,-143.0,3.0,72.0,Evil_Twin
10.0,0.0,0.0,4.0,0.0,0.0,-2.0,-200.0,-200.0,Evil_Twin
90.0,1.0,0.0,2.0,-1.0,-1.0,0.0,-14.0,105.0,Evil_Twin
80.0,0.0,-1.0,0.0,0.0,-1.0,37.0,-22.0,83.0,Evil_Twin
80.0,2.0,0.0,0.0,-1.0,-1.0,0.0,-7.0,94.0,Evil_Twin
70.0,1.0,0.0,0.0,0.0,-1.0,0.0,-7.0,85.0,Evil_Twin
70.0,0.0,0.0,0.0,0.0,0.0,178.0,2.0,82.0,Evil_Twin
60.0,-4.0,0.0,0.0,0.0,0.0,178.0,-5.0,83.0,Evil_Twin
80.0,0.0,0.0,0.0,0.0,0.0,-3.0,-200.0,-200.0,Evil_Twin
80.0,0.0,0.0,-1.0,-1.0,0.0,0.0,-15.0,89.0,Evil_Twin
60.0,0.0,-1.0,0.0,0.0,0.0,0.0,7.0,82.0,Evil_Twin
80.0,0.0,-1.0,0.0,0.0,-1.0,37.0,-13.0,84.0,Evil_Twin
70.0,-2.0,1.0,0.0,-1.0,-1.0,178.0,21.0,80.0,Evil_Twin
80.0,0.0,0.0,0.0,0.0,2.0,0.0,-5.0,82.0,Evil_Twin
80.0,2.0,0.0,0.0,-1.0,0.0,0.0,-25.0,81.0,Evil_Twin
60.0,0.0,0.0,0.0,6.0,0.0,178.0,6.0,77.0,Evil_Twin
70.0,0.0,-1.0,0.0,0.0,0.0,178.0,10.0,79.0,Evil_Twin
60.0,0.0,0.0,0.0,0.0,0.0,-28.0,0.0,80.0,Evil_Twin
70.0,0.0,0.0,0.0,0.0,0.0,0.0,17.0,78.0,Evil_Twin
70.0,-1.0,0.0,0.0,-9.0,0.0,178.0,7.0,82.0,Evil_Twin
70.0,1.0,0.0,0.0,1.0,1.0,0.0,-14.0,78.0,Evil_Twin
70.0,0.0,0.0,0.0,0.0,0.0,1.0,-5.0,79.0,Evil_Twin
80.0,2.0,0.0,0.0,-8.0,0.0,0.0,-17.0,82.0,Evil_Twin
80.0,0.0,0.0,0.0,0.0,0.0,0.0,-3.0,82.0,Evil_Twin
80.0,0.0,0.0,0.0,0.0,0.0,179.0,-2.0,81.0,Evil_Twin
60.0,2.0,0.0,0.0,-1.0,-1.0,0.0,-25.0,90.0,Evil_Twin
80.0,0.0,-1.0,0.0,0.0,0.0,0.0,-6.0,83.0,Evil_Twin
80.0,0.0,0.0,0.0,0.0,0.0,0.0,-7.0,85.0,Evil_Twin
80.0,1.0,0.0,0.0,-1.0,-1.0,0.0,-9.0,84.0,Evil_Twin
80.0,2.0,0.0,0.0,0.0,0.0,0.0,9.0,84.0,Evil_Twin
80.0,0.0,0.0,0.0,0.0,0.0,1.0,-18.0,80.0,Evil_Twin
60.0,0.0,0.0,0.0,0.0,0.0,0.0,-2.0,83.0,Evil_Twin
60.0,0.0,0.0,0.0,-1.0,0.0,0.0,-14.0,83.0,Evil_Twin
70.0,1.0,0.0,0.0,-1.0,-1.0,0.0,10.0,77.0,Evil_Twin
80.0,1.0,-1.0,0.0,0.0,0.0,0.0,-15.0,78.0,Evil_Twin
70.0,0.0,0.0,0.0,0.0,0.0,0.0,3.0,83.0,Evil_Twin
70.0,-1.0,1.0,0.0,0.0,-2.0,178.0,-39.0,71.0,Evil_Twin
80.0,-2.0,0.0,0.0,-1.0,0.0,178.0,-33.0,72.0,Evil_Twin
80.0,0.0,0.0,0.0,1.0,0.0,0.0,-2.0,83.0,Evil_Twin
80.0,-2.0,-1.0,0.0,0.0,0.0,-144.0,-5.0,79.0,Evil_Twin
70.0,0.0,0.0,1.0,0.0,0.0,-3.0,-200.0,-200.0,Evil_Twin
70.0,1.0,-1.0,0.0,-1.0,-1.0,0.0,4.0,76.0,Evil_Twin
60.0,0.0,0.0,0.0,0.0,0.0,0.0,-6.0,83.0,Evil_Twin
80.0,1.0,-1.0,0.0,-1.0,-1.0,0.0,14.0,81.0,Evil_Twin
70.0,1.0,0.0,0.0,0.0,0.0,1.0,-4.0,78.0,Evil_Twin
80.0,0.0,0.0,0.0,0.0,1.0,0.0,-7.0,81.0,Evil_Twin
60.0,-4.0,0.0,0.0,0.0,0.0,178.0,-5.0,83.0,Evil_Twin
70.0,2.0,0.0,0.0,0.0,0.0,179.0,8.0,60.0,Evil_Twin
70.0,0.0,0.0,0.0,-1.0,-1.0,0.0,11.0,80.0,Evil_Twin
70.0,0.0,0.0,0.0,0.0,0.0,53.0,-6.0,81.0,Evil_Twin
80.0,0.0,0.0,-1.0,0.0,0.0,0.0,4.0,105.0,Evil_Twin
60.0,0.0,0.0,0.0,0.0,0.0,0.0,0.0,81.0,Evil_Twin
60.0,0.0,0.0,0.0,0.0,-1.0,178.0,3.0,82.0,Evil_Twin
70.0,0.0,-1.0,0.0,-1.0,0.0,0.0,-9.0,84.0,Evil_Twin
80.0,0.0,-1.0,0.0,0.0,0.0,0.0,-8.0,82.0,Evil_Twin
80.0,1.0,0.0,0.0,-8.0,0.0,0.0,-8.0,86.0,Evil_Twin
70.0,0.0,0.0,0.0,0.0,0.0,84.0,-15.0,83.0,Evil_Twin
70.0,1.0,0.0,0.0,-1.0,0.0,0.0,-16.0,81.0,Evil_Twin
70.0,0.0,0.0,0.0,0.0,0.0,0.0,-4.0,84.0,Evil_Twin
80.0,2.0,0.0,0.0,-1.0,-1.0,37.0,-26.0,94.0,Evil_Twin
60.0,0.0,0.0,0.0,0.0,0.0,178.0,-4.0,84.0,Evil_Twin
80.0,0.0,0.0,0.0,-3.0,-1.0,178.0,11.0,83.0,Evil_Twin
80.0,0.0,0.0,0.0,0.0,2.0,178.0,-8.0,85.0,Evil_Twin
80.0,-2.0,0.0,0.0,0.0,0.0,178.0,5.0,76.0,Evil_Twin
70.0,0.0,0.0,0.0,0.0,0.0,178.0,-5.0,80.0,Evil_Twin
70.0,0.0,0.0,0.0,1.0,-1.0,0.0,8.0,80.0,Evil_Twin
80.0,0.0,1.0,0.0,-1.0,-1.0,178.0,-10.0,83.0,Evil_Twin
80.0,0.0,0.0,0.0,0.0,0.0,0.0,-6.0,85.0,Evil_Twin
70.0,0.0,0.0,0.0,0.0,0.0,178.0,2.0,83.0,Evil_Twin
80.0,0.0,0.0,0.0,0.0,0.0,0.0,-6.0,84.0,Evil_Twin
60.0,-2.0,0.0,0.0,0.0,0.0,178.0,9.0,80.0,Evil_Twin
70.0,0.0,0.0,0.0,0.0,0.0,178.0,-16.0,81.0,Evil_Twin
60.0,0.0,0.0,0.0,0.0,0.0,177.0,0.0,79.0,Evil_Twin
60.0,0.0,0.0,0.0,-1.0,-1.0,0.0,-16.0,86.0,Evil_Twin
80.0,1.0,0.0,0.0,-1.0,0.0,0.0,-10.0,82.0,Evil_Twin
80.0,0.0,0.0,0.0,0.0,0.0,0.0,0.0,83.0,Evil_Twin
80.0,-2.0,0.0,0.0,-1.0,0.0,179.0,-25.0,76.0,Evil_Twin
80.0,2.0,0.0,0.0,-1.0,-1.0,0.0,27.0,77.0,Evil_Twin
80.0,0.0,0.0,0.0,0.0,0.0,-36.0,4.0,82.0,Evil_Twin
80.0,0.0,0.0,0.0,0.0,0.0,0.0,-5.0,85.0,Evil_Twin
60.0,1.0,0.0,0.0,3.0,1.0,0.0,-17.0,79.0,Evil_Twin
70.0,2.0,0.0,0.0,-1.0,-1.0,0.0,26.0,78.0,Evil_Twin
70.0,1.0,-1.0,0.0,0.0,-1.0,0.0,20.0,79.0,Evil_Twin
80.0,0.0,1.0,0.0,-3.0,-1.0,179.0,-7.0,83.0,Evil_Twin
80.0,0.0,0.0,1.0,0.0,0.0,0.0,-24.0,88.0,Evil_Twin
80.0,2.0,0.0,0.0,-1.0,-1.0,0.0,-33.0,82.0,Evil_Twin
60.0,2.0,0.0,0.0,-1.0,-1.0,0.0,-28.0,73.0,Evil_Twin
80.0,0.0,0.0,0.0,0.0,0.0,0.0,-10.0,86.0,Evil_Twin
80.0,0.0,0.0,0.0,0.0,0.0,-13.0,10.0,84.0,Evil_Twin
70.0,2.0,0.0,0.0,-1.0,-1.0,0.0,22.0,77.0,Evil_Twin
80.0,0.0,-1.0,0.0,0.0,0.0,0.0,-9.0,82.0,Evil_Twin
80.0,0.0,-1.0,0.0,0.0,-1.0,0.0,-14.0,82.0,Evil_Twin
80.0,1.0,-1.0,0.0,2.0,-1.0,0.0,8.0,78.0,Evil_Twin
70.0,-4.0,0.0,0.0,0.0,0.0,178.0,-7.0,84.0,Evil_Twin
60.0,-2.0,0.0,0.0,-1.0,0.0,178.0,-1.0,84.0,Evil_Twin
60.0,-1.0,0.0,0.0,-1.0,0.0,0.0,-1.0,83.0,Evil_Twin
80.0,0.0,0.0,0.0,0.0,0.0,0.0,-6.0,82.0,Evil_Twin
70.0,0.0,0.0,0.0,-3.0,0.0,178.0,4.0,83.0,Evil_Twin
70.0,0.0,0.0,0.0,0.0,0.0,-95.0,0.0,80.0,Evil_Twin
70.0,0.0,0.0,0.0,-1.0,-1.0,0.0,-14.0,86.0,Evil_Twin
80.0,0.0,0.0,-1.0,-1.0,0.0,0.0,-15.0,89.0,Evil_Twin
70.0,0.0,0.0,0.0,0.0,0.0,179.0,7.0,80.0,Evil_Twin
80.0,0.0,0.0,0.0,-1.0,-1.0,1.0,17.0,81.0,Evil_Twin
70.0,-2.0,0.0,0.0,0.0,0.0,178.0,4.0,80.0,Evil_Twin
60.0,4.0,1.0,0.0,0.0,0.0,178.0,8.0,80.0,Evil_Twin
80.0,0.0,0.0,0.0,0.0,0.0,-3.0,-200.0,-200.0,Evil_Twin
60.0,0.0,0.0,0.0,0.0,0.0,-119.0,4.0,80.0,Evil_Twin
80.0,0.0,0.0,0.0,0.0,0.0,0.0,-1.0,84.0,Evil_Twin
80.0,0.0,0.0,0.0,0.0,0.0,0.0,-7.0,83.0,Evil_Twin
80.0,1.0,-1.0,0.0,-1.0,0.0,0.0,-12.0,82.0,Evil_Twin
70.0,0.0,0.0,0.0,0.0,-5.0,0.0,10.0,83.0,Evil_Twin
20.0,0.0,0.0,4.0,0.0,0.0,-2.0,-200.0,-200.0,Evil_Twin
60.0,0.0,0.0,0.0,0.0,0.0,-28.0,0.0,80.0,Evil_Twin
70.0,0.0,0.0,0.0,0.0,0.0,178.0,-16.0,82.0,Evil_Twin
70.0,0.0,0.0,0.0,-1.0,0.0,0.0,-5.0,83.0,Evil_Twin
70.0,0.0,0.0,0.0,0.0,0.0,0.0,-10.0,84.0,Evil_Twin
80.0,0.0,0.0,0.0,0.0,0.0,164.0,-8.0,84.0,Evil_Twin
70.0,4.0,0.0,0.0,0.0,0.0,0.0,17.0,79.0,Evil_Twin
60.0,1.0,0.0,0.0,0.0,1.0,0.0,3.0,82.0,Evil_Twin
70.0,0.0,0.0,0.0,0.0,-2.0,0.0,-8.0,81.0,Evil_Twin
80.0,2.0,0.0,0.0,-1.0,-1.0,0.0,-9.0,90.0,Evil_Twin
80.0,0.0,0.0,0.0,0.0,-1.0,178.0,5.0,82.0,Evil_Twin
80.0,2.0,0.0,0.0,-1.0,-1.0,1.0,-29.0,76.0,Evil_Twin
70.0,-1.0,0.0,0.0,-2.0,0.0,0.0,4.0,79.0,Evil_Twin
60.0,0.0,0.0,0.0,1.0,0.0,-103.0,8.0,81.0,Evil_Twin
80.0,0.0,0.0,0.0,0.0,-3.0,178.0,-14.0,79.0,Evil_Twin
80.0,0.0,0.0,0.0,0.0,0.0,176.0,-19.0,83.0,Evil_Twin
80.0,4.0,-1.0,0.0,-3.0,-2.0,0.0,33.0,63.0,Evil_Twin
60.0,-2.0,0.0,0.0,-1.0,0.0,178.0,-19.0,85.0,Evil_Twin
80.0,0.0,0.0,0.0,-5.0,0.0,0.0,2.0,81.0,Evil_Twin
60.0,1.0,0.0,0.0,0.0,0.0,0.0,-4.0,82.0,Evil_Twin
80.0,0.0,0.0,0.0,0.0,0.0,0.0,-3.0,84.0,Evil_Twin
80.0,0.0,0.0,0.0,0.0,0.0,0.0,6.0,83.0,Evil_Twin
80.0,0.0,1.0,0.0,-1.0,-1.0,178.0,-22.0,83.0,Evil_Twin
80.0,0.0,0.0,0.0,0.0,1.0,0.0,-7.0,81.0,Evil_Twin
80.0,-1.0,0.0,0.0,-3.0,2.0,175.0,-11.0,85.0,Evil_Twin
60.0,0.0,0.0,0.0,0.0,0.0,0.0,-2.0,82.0,Evil_Twin
70.0,2.0,0.0,0.0,-1.0,-1.0,0.0,-30.0,81.0,Evil_Twin
80.0,0.0,-1.0,0.0,0.0,0.0,0.0,15.0,81.0,Evil_Twin
80.0,0.0,0.0,0.0,0.0,-1.0,0.0,-8.0,81.0,Evil_Twin
80.0,-2.0,0.0,0.0,-1.0,-1.0,-144.0,26.0,92.0,Evil_Twin
80.0,0.0,0.0,0.0,0.0,0.0,-149.0,-5.0,80.0,Evil_Twin
80.0,0.0,0.0,0.0,0.0,0.0,0.0,-8.0,82.0,Evil_Twin
60.0,0.0,1.0,0.0,0.0,-5.0,178.0,-8.0,81.0,Evil_Twin
70.0,0.0,0.0,0.0,0.0,0.0,-6.0,0.0,82.0,Evil_Twin
70.0,2.0,0.0,0.0,-1.0,-2.0,0.0,17.0,79.0,Evil_Twin
80.0,-2.0,1.0,0.0,-1.0,-1.0,178.0,-34.0,72.0,Evil_Twin
80.0,0.0,0.0,0.0,0.0,0.0,-26.0,7.0,81.0,Evil_Twin
80.0,0.0,0.0,0.0,0.0,1.0,1.0,8.0,80.0,Evil_Twin
80.0,0.0,0.0,0.0,0.0,0.0,0.0,-1.0,84.0,Evil_Twin
70.0,0.0,0.0,0.0,0.0,0.0,178.0,-4.0,83.0,Evil_Twin
30.0,0.0,0.0,4.0,0.0,0.0,-3.0,-200.0,-200.0,Evil_Twin
80.0,2.0,0.0,0.0,-1.0,0.0,0.0,8.0,87.0,Evil_Twin
70.0,-1.0,0.0,0.0,2.0,0.0,178.0,3.0,82.0,Evil_Twin
70.0,2.0,0.0,0.0,-1.0,-1.0,0.0,-21.0,77.0,Evil_Twin
70.0,-2.0,0.0,0.0,1.0,1.0,178.0,7.0,73.0,Evil_Twin
70.0,-2.0,0.0,0.0,-1.0,0.0,178.0,1.0,77.0,Evil_Twin
80.0,0.0,0.0,-1.0,0.0,0.0,0.0,4.0,105.0,Evil_Twin
80.0,0.0,0.0,0.0,0.0,0.0,-147.0,-3.0,80.0,Evil_Twin
80.0,0.0,0.0,0.0,-1.0,0.0,0.0,-5.0,81.0,Evil_Twin
80.0,1.0,0.0,0.0,2.0,0.0,0.0,-5.0,81.0,Evil_Twin
60.0,3.0,0.0,0.0,1.0,0.0,0.0,-5.0,80.0,Evil_Twin
60.0,0.0,0.0,0.0,0.0,0.0,154.0,-8.0,78.0,Evil_Twin
80.0,2.0,0.0,0.0,-1.0,0.0,0.0,25.0,81.0,Evil_Twin
70.0,0.0,0.0,0.0,0.0,0.0,0.0,-4.0,84.0,Evil_Twin
60.0,0.0,0.0,0.0,0.0,0.0,-70.0,-2.0,79.0,Evil_Twin
70.0,0.0,0.0,0.0,0.0,0.0,-19.0,0.0,82.0,Evil_Twin
60.0,0.0,-1.0,0.0,0.0,0.0,0.0,-9.0,84.0,Evil_Twin
80.0,1.0,-1.0,0.0,-1.0,0.0,1.0,16.0,83.0,Evil_Twin
60.0,1.0,0.0,0.0,3.0,1.0,0.0,-17.0,79.0,Evil_Twin
110.0,0.0,0.0,0.0,0.0,-1.0,37.0,-18.0,116.0,Evil_Twin
80.0,0.0,0.0,0.0,0.0,-1.0,37.0,-9.0,84.0,Evil_Twin
80.0,-2.0,0.0,0.0,-1.0,-1.0,178.0,-31.0,77.0,Evil_Twin
80.0,-1.0,1.0,0.0,0.0,-1.0,178.0,-20.0,81.0,Evil_Twin
80.0,0.0,0.0,0.0,0.0,0.0,29.0,-1.0,83.0,Evil_Twin
60.0,0.0,0.0,0.0,0.0,0.0,48.0,-8.0,83.0,Evil_Twin
80.0,-2.0,0.0,0.0,-1.0,0.0,178.0,7.0,84.0,Evil_Twin
70.0,-2.0,0.0,0.0,-1.0,0.0,178.0,1.0,80.0,Evil_Twin
60.0,0.0,0.0,0.0,0.0,0.0,178.0,-14.0,80.0,Evil_Twin
80.0,-3.0,0.0,0.0,1.0,0.0,178.0,15.0,82.0,Evil_Twin
80.0,-2.0,0.0,0.0,-1.0,0.0,178.0,-9.0,78.0,Evil_Twin
80.0,0.0,0.0,0.0,-1.0,0.0,179.0,-6.0,80.0,Evil_Twin
60.0,-2.0,1.0,0.0,-1.0,-1.0,179.0,-42.0,66.0,Evil_Twin
70.0,0.0,0.0,0.0,0.0,0.0,178.0,-12.0,83.0,Evil_Twin
70.0,-2.0,0.0,0.0,0.0,0.0,178.0,4.0,80.0,Evil_Twin
70.0,1.0,-1.0,0.0,0.0,-1.0,0.0,10.0,78.0,Evil_Twin
60.0,3.0,0.0,0.0,0.0,0.0,0.0,13.0,78.0,Evil_Twin
80.0,-4.0,0.0,0.0,1.0,0.0,179.0,-5.0,81.0,Evil_Twin
80.0,0.0,0.0,0.0,0.0,0.0,0.0,-1.0,86.0,Evil_Twin
80.0,1.0,0.0,0.0,-2.0,0.0,0.0,-3.0,85.0,Evil_Twin
80.0,-2.0,0.0,0.0,0.0,0.0,178.0,-22.0,80.0,Evil_Twin
60.0,3.0,0.0,0.0,0.0,0.0,0.0,13.0,78.0,Evil_Twin
70.0,0.0,0.0,0.0,-1.0,0.0,0.0,-2.0,83.0,Evil_Twin
70.0,0.0,0.0,0.0,0.0,0.0,178.0,-19.0,82.0,Evil_Twin
80.0,-2.0,0.0,0.0,-1.0,0.0,179.0,14.0,75.0,Evil_Twin
80.0,1.0,0.0,0.0,0.0,-1.0,0.0,-7.0,83.0,Evil_Twin
80.0,0.0,0.0,0.0,0.0,0.0,-3.0,-200.0,-200.0,Evil_Twin
70.0,0.0,0.0,0.0,0.0,-1.0,178.0,-3.0,82.0,Evil_Twin
70.0,0.0,0.0,1.0,0.0,0.0,-3.0,-200.0,-200.0,Evil_Twin
80.0,0.0,0.0,0.0,0.0,0.0,29.0,-1.0,83.0,Evil_Twin
80.0,0.0,0.0,0.0,0.0,0.0,0.0,5.0,82.0,Evil_Twin
80.0,0.0,-1.0,0.0,0.0,-1.0,0.0,-14.0,82.0,Evil_Twin
80.0,0.0,0.0,0.0,0.0,0.0,178.0,-12.0,85.0,Evil_Twin
60.0,-4.0,0.0,0.0,-5.0,0.0,177.0,0.0,80.0,Evil_Twin
90.0,0.0,0.0,1.0,0.0,0.0,0.0,3.0,117.0,Evil_Twin
70.0,0.0,0.0,0.0,0.0,0.0,85.0,-10.0,78.0,Evil_Twin
0.0,0.0,0.0,0.0,-1.0,0.0,0.0,-200.0,-200.0,Evil_Twin
80.0,3.0,0.0,0.0,-8.0,0.0,0.0,-17.0,83.0,Evil_Twin
60.0,-2.0,-1.0,0.0,-1.0,0.0,0.0,-17.0,83.0,Evil_Twin
70.0,0.0,0.0,0.0,1.0,0.0,0.0,-5.0,84.0,Evil_Twin
80.0,0.0,0.0,0.0,0.0,0.0,0.0,-2.0,86.0,Evil_Twin
80.0,-2.0,0.0,0.0,-1.0,-1.0,178.0,16.0,82.0,Evil_Twin
70.0,0.0,0.0,0.0,0.0,-2.0,178.0,-7.0,82.0,Evil_Twin
80.0,0.0,1.0,0.0,-1.0,0.0,178.0,-10.0,80.0,Evil_Twin
60.0,0.0,0.0,0.0,0.0,0.0,0.0,3.0,85.0,Evil_Twin
80.0,0.0,0.0,0.0,0.0,0.0,0.0,-23.0,84.0,Evil_Twin
70.0,0.0,0.0,0.0,0.0,0.0,178.0,-8.0,82.0,Evil_Twin
70.0,-2.0,0.0,0.0,-1.0,0.0,178.0,-3.0,77.0,Evil_Twin
70.0,2.0,-1.0,0.0,0.0,-2.0,0.0,10.0,80.0,Evil_Twin
80.0,1.0,-1.0,0.0,0.0,0.0,0.0,-19.0,82.0,Evil_Twin
60.0,0.0,-1.0,0.0,0.0,0.0,0.0,-7.0,81.0,Evil_Twin
80.0,0.0,0.0,0.0,1.0,1.0,1.0,9.0,82.0,Evil_Twin
80.0,-4.0,0.0,0.0,1.0,0.0,178.0,6.0,81.0,Evil_Twin
80.0,0.0,0.0,0.0,-1.0,0.0,0.0,-3.0,84.0,Evil_Twin
60.0,-2.0,0.0,0.0,-1.0,0.0,177.0,-2.0,82.0,Evil_Twin
80.0,1.0,0.0,0.0,0.0,0.0,178.0,-1.0,81.0,Evil_Twin
80.0,0.0,-1.0,0.0,-1.0,-1.0,0.0,-9.0,83.0,Evil_Twin
80.0,0.0,0.0,0.0,0.0,0.0,120.0,-19.0,85.0,Evil_Twin
70.0,1.0,0.0,0.0,0.0,0.0,0.0,-3.0,82.0,Evil_Twin
80.0,1.0,0.0,0.0,0.0,-1.0,0.0,6.0,84.0,Evil_Twin
60.0,-2.0,0.0,0.0,0.0,0.0,179.0,3.0,85.0,Evil_Twin
80.0,0.0,0.0,0.0,0.0,0.0,0.0,-2.0,87.0,Evil_Twin
70.0,-2.0,0.0,0.0,0.0,0.0,178.0,0.0,82.0,Evil_Twin
80.0,0.0,0.0,0.0,-1.0,0.0,179.0,-6.0,80.0,Evil_Twin
80.0,0.0,0.0,0.0,0.0,0.0,0.0,-2.0,82.0,Evil_Twin
80.0,-2.0,0.0,0.0,0.0,0.0,179.0,-16.0,85.0,Evil_Twin
80.0,0.0,0.0,0.0,8.0,2.0,178.0,-23.0,79.0,Evil_Twin
80.0,2.0,0.0,0.0,-1.0,-1.0,0.0,-9.0,90.0,Evil_Twin
70.0,0.0,0.0,0.0,0.0,0.0,19.0,2.0,82.0,Evil_Twin
80.0,0.0,0.0,0.0,0.0,0.0,11.0,-9.0,82.0,Evil_Twin
80.0,0.0,-1.0,0.0,0.0,-1.0,37.0,-22.0,83.0,Evil_Twin
80.0,4.0,0.0,0.0,-1.0,0.0,1.0,-7.0,80.0,Evil_Twin
70.0,0.0,0.0,0.0,0.0,0.0,178.0,-3.0,82.0,Evil_Twin
70.0,0.0,0.0,0.0,0.0,0.0,178.0,-15.0,81.0,Evil_Twin
10.0,-1.0,0.0,0.0,0.0,0.0,-2.0,-200.0,-200.0,Evil_Twin
80.0,0.0,0.0,0.0,0.0,0.0,0.0,1.0,84.0,Evil_Twin
80.0,2.0,0.0,0.0,-1.0,-1.0,0.0,28.0,81.0,Evil_Twin
70.0,0.0,0.0,0.0,0.0,0.0,178.0,2.0,84.0,Evil_Twin
80.0,0.0,0.0,0.0,0.0,0.0,178.0,-11.0,83.0,Evil_Twin
80.0,0.0,0.0,0.0,0.0,0.0,0.0,-1.0,84.0,Evil_Twin
60.0,0.0,0.0,0.0,0.0,0.0,0.0,5.0,83.0,Evil_Twin
80.0,0.0,0.0,0.0,0.0,0.0,0.0,-7.0,85.0,Evil_Twin
80.0,0.0,0.0,0.0,0.0,0.0,178.0,-6.0,83.0,Evil_Twin
80.0,-3.0,0.0,0.0,-8.0,0.0,178.0,0.0,81.0,Evil_Twin
70.0,1.0,-1.0,0.0,-1.0,-1.0,0.0,20.0,78.0,Evil_Twin
80.0,0.0,0.0,0.0,0.0,0.0,0.0,-9.0,87.0,Evil_Twin
80.0,0.0,0.0,0.0,0.0,0.0,0.0,-3.0,83.0,Evil_Twin
80.0,0.0,0.0,0.0,0.0,0.0,178.0,-17.0,82.0,Evil_Twin
20.0,0.0,0.0,4.0,0.0,0.0,-3.0,-200.0,-200.0,Evil_Twin
80.0,-2.0,0.0,0.0,-1.0,0.0,175.0,2.0,81.0,Evil_Twin
80.0,0.0,0.0,0.0,0.0,0.0,0.0,-6.0,86.0,Evil_Twin
60.0,1.0,0.0,0.0,-1.0,0.0,178.0,-3.0,81.0,Evil_Twin
80.0,0.0,0.0,0.0,0.0,0.0,-124.0,-3.0,83.0,Evil_Twin
60.0,0.0,0.0,0.0,0.0,0.0,177.0,-4.0,84.0,Evil_Twin
80.0,0.0,0.0,0.0,0.0,-1.0,-166.0,4.0,80.0,Evil_Twin
80.0,0.0,0.0,0.0,0.0,0.0,172.0,-24.0,82.0,Evil_Twin
60.0,4.0,0.0,0.0,0.0,0.0,0.0,-4.0,82.0,Evil_Twin
80.0,-2.0,1.0,0.0,0.0,-1.0,178.0,6.0,82.0,Evil_Twin
80.0,0.0,0.0,0.0,0.0,-1.0,178.0,5.0,82.0,Evil_Twin
90.0,0.0,0.0,-2.0,0.0,-1.0,0.0,16.0,91.0,Evil_Twin
80.0,0.0,0.0,0.0,0.0,0.0,178.0,-21.0,81.0,Evil_Twin
80.0,0.0,-1.0,0.0,0.0,0.0,0.0,6.0,81.0,Evil_Twin
80.0,2.0,0.0,0.0,-1.0,-1.0,0.0,-27.0,69.0,Evil_Twin
80.0,0.0,1.0,0.0,0.0,0.0,-143.0,22.0,82.0,Evil_Twin
80.0,-2.0,0.0,0.0,-1.0,-1.0,178.0,20.0,82.0,Evil_Twin
80.0,2.0,0.0,0.0,-1.0,-1.0,0.0,-15.0,94.0,Evil_Twin
80.0,0.0,0.0,0.0,0.0,0.0,0.0,6.0,82.0,Evil_Twin
80.0,0.0,0.0,0.0,0.0,0.0,0.0,-16.0,86.0,Evil_Twin
80.0,0.0,0.0,0.0,-2.0,-2.0,0.0,-13.0,80.0,Evil_Twin
80.0,0.0,0.0,0.0,0.0,0.0,-26.0,7.0,81.0,Evil_Twin
60.0,0.0,0.0,0.0,0.0,0.0,-3.0,-200.0,-200.0,Evil_Twin
80.0,0.0,0.0,0.0,0.0,0.0,-7.0,13.0,85.0,Evil_Twin
70.0,0.0,0.0,0.0,0.0,0.0,0.0,6.0,80.0,Evil_Twin
80.0,0.0,0.0,0.0,-1.0,-1.0,175.0,-9.0,80.0,Evil_Twin
60.0,0.0,0.0,0.0,0.0,0.0,0.0,-11.0,76.0,Evil_Twin
80.0,4.0,0.0,0.0,-2.0,0.0,0.0,-18.0,82.0,Evil_Twin
80.0,0.0,0.0,0.0,-1.0,0.0,42.0,-4.0,82.0,Evil_Twin
80.0,0.0,0.0,0.0,0.0,0.0,-145.0,-3.0,81.0,Evil_Twin
80.0,0.0,0.0,0.0,0.0,0.0,0.0,-6.0,83.0,Evil_Twin
60.0,-4.0,0.0,0.0,0.0,0.0,178.0,-8.0,82.0,Evil_Twin
70.0,0.0,0.0,0.0,0.0,-1.0,178.0,8.0,83.0,Evil_Twin
80.0,0.0,-1.0,0.0,-1.0,0.0,0.0,-16.0,83.0,Evil_Twin
80.0,0.0,-1.0,0.0,0.0,-1.0,37.0,-9.0,86.0,Evil_Twin
60.0,2.0,1.0,0.0,0.0,0.0,178.0,6.0,82.0,Evil_Twin
60.0,2.0,0.0,0.0,-1.0,0.0,0.0,0.0,78.0,Evil_Twin
80.0,-2.0,0.0,0.0,-1.0,0.0,178.0,12.0,78.0,Evil_Twin
70.0,0.0,0.0,0.0,-1.0,0.0,0.0,-6.0,85.0,Evil_Twin
80.0,3.0,0.0,0.0,0.0,0.0,0.0,-20.0,89.0,Evil_Twin
60.0,0.0,-1.0,0.0,0.0,0.0,0.0,-9.0,84.0,Evil_Twin
70.0,2.0,0.0,0.0,-1.0,-1.0,0.0,-23.0,88.0,Evil_Twin
80.0,0.0,0.0,0.0,0.0,0.0,-46.0,8.0,84.0,Evil_Twin
70.0,-2.0,0.0,0.0,4.0,0.0,178.0,-3.0,70.0,Evil_Twin
80.0,4.0,0.0,0.0,-7.0,0.0,0.0,-5.0,87.0,Evil_Twin
80.0,0.0,1.0,0.0,0.0,-1.0,178.0,-10.0,82.0,Evil_Twin
80.0,-2.0,0.0,0.0,0.0,0.0,179.0,-8.0,84.0,Evil_Twin
80.0,0.0,0.0,0.0,0.0,-3.0,178.0,-14.0,79.0,Evil_Twin
80.0,0.0,0.0,0.0,0.0,0.0,0.0,-4.0,84.0,Evil_Twin
70.0,0.0,0.0,0.0,-1.0,0.0,178.0,-14.0,84.0,Evil_Twin
80.0,-2.0,0.0,0.0,-1.0,-1.0,178.0,-18.0,77.0,Evil_Twin
80.0,1.0,-1.0,0.0,-1.0,-1.0,1.0,14.0,81.0,Evil_Twin
0.0,-1.0,0.0,0.0,-1.0,0.0,-2.0,-200.0,-200.0,Evil_Twin
60.0,-2.0,1.0,0.0,0.0,-1.0,178.0,14.0,80.0,Evil_Twin
70.0,0.0,0.0,0.0,-3.0,1.0,175.0,9.0,77.0,Evil_Twin
60.0,2.0,0.0,0.0,-1.0,0.0,0.0,-1.0,75.0,Evil_Twin
100.0,0.0,0.0,1.0,0.0,0.0,0.0,-8.0,111.0,Evil_Twin
80.0,0.0,0.0,0.0,-2.0,-2.0,0.0,-13.0,80.0,Evil_Twin
80.0,0.0,1.0,0.0,1.0,0.0,-143.0,17.0,82.0,Evil_Twin
80.0,2.0,0.0,0.0,-1.0,-1.0,1.0,-19.0,85.0,Evil_Twin
80.0,0.0,0.0,0.0,0.0,-1.0,178.0,-3.0,82.0,Evil_Twin
80.0,0.0,0.0,0.0,0.0,0.0,178.0,0.0,79.0,Evil_Twin
70.0,1.0,0.0,0.0,0.0,1.0,0.0,-5.0,84.0,Evil_Twin
70.0,0.0,0.0,2.0,0.0,0.0,-3.0,-200.0,-200.0,Evil_Twin
80.0,0.0,0.0,0.0,0.0,0.0,178.0,-2.0,81.0,Evil_Twin
70.0,-2.0,0.0,0.0,-1.0,0.0,178.0,11.0,78.0,Evil_Twin
80.0,-2.0,0.0,0.0,-1.0,0.0,178.0,-25.0,76.0,Evil_Twin
60.0,-2.0,0.0,0.0,-1.0,-1.0,178.0,-20.0,84.0,Evil_Twin
80.0,-1.0,0.0,0.0,4.0,0.0,179.0,-7.0,79.0,Evil_Twin
80.0,0.0,0.0,0.0,0.0,0.0,0.0,-5.0,81.0,Evil_Twin
60.0,-2.0,0.0,0.0,0.0,0.0,179.0,0.0,83.0,Evil_Twin
60.0,-2.0,0.0,0.0,-1.0,0.0,177.0,-4.0,78.0,Evil_Twin
70.0,2.0,-1.0,0.0,-1.0,-1.0,0.0,13.0,85.0,Evil_Twin
70.0,-4.0,0.0,0.0,0.0,0.0,0.0,-6.0,81.0,Evil_Twin
60.0,4.0,0.0,0.0,0.0,0.0,178.0,-16.0,78.0,Evil_Twin
60.0,2.0,0.0,0.0,-1.0,0.0,0.0,-10.0,76.0,Evil_Twin
80.0,1.0,0.0,0.0,-1.0,-1.0,0.0,-8.0,82.0,Evil_Twin
60.0,0.0,0.0,0.0,0.0,0.0,-72.0,9.0,82.0,Evil_Twin
80.0,0.0,0.0,0.0,0.0,0.0,-3.0,-200.0,-200.0,Evil_Twin
60.0,0.0,0.0,0.0,0.0,-1.0,-125.0,3.0,80.0,Evil_Twin
70.0,0.0,0.0,1.0,0.0,0.0,-3.0,-200.0,-200.0,Evil_Twin
60.0,0.0,0.0,0.0,0.0,0.0,-104.0,5.0,78.0,Evil_Twin
70.0,2.0,0.0,0.0,-1.0,-2.0,0.0,19.0,81.0,Evil_Twin
70.0,0.0,0.0,0.0,0.0,0.0,0.0,-2.0,85.0,Evil_Twin
80.0,-1.0,1.0,0.0,-1.0,-1.0,178.0,-17.0,86.0,Evil_Twin
80.0,0.0,-1.0,0.0,0.0,0.0,0.0,-23.0,82.0,Evil_Twin
60.0,0.0,0.0,0.0,0.0,-1.0,-125.0,3.0,80.0,Evil_Twin
80.0,2.0,0.0,0.0,-1.0,-1.0,0.0,-31.0,79.0,Evil_Twin
80.0,1.0,0.0,0.0,2.0,2.0,0.0,-20.0,86.0,Evil_Twin
100.0,0.0,0.0,1.0,0.0,0.0,178.0,-15.0,116.0,Evil_Twin
70.0,1.0,0.0,0.0,8.0,-2.0,178.0,4.0,77.0,Evil_Twin
80.0,0.0,-1.0,0.0,0.0,0.0,1.0,5.0,80.0,Evil_Twin
80.0,0.0,0.0,0.0,0.0,0.0,0.0,-6.0,84.0,Evil_Twin
80.0,1.0,0.0,0.0,-1.0,-2.0,0.0,8.0,81.0,Evil_Twin
80.0,0.0,0.0,0.0,0.0,1.0,178.0,-20.0,83.0,Evil_Twin
80.0,0.0,0.0,0.0,0.0,0.0,-2.0,-200.0,-200.0,Evil_Twin
80.0,1.0,0.0,0.0,0.0,0.0,0.0,-2.0,80.0,Evil_Twin
80.0,0.0,0.0,0.0,0.0,0.0,-112.0,-2.0,84.0,Evil_Twin
70.0,0.0,0.0,2.0,0.0,0.0,-3.0,-200.0,-200.0,Evil_Twin
50.0,0.0,0.0,4.0,0.0,0.0,-3.0,-200.0,-200.0,Evil_Twin
80.0,0.0,0.0,0.0,0.0,0.0,37.0,-9.0,87.0,Evil_Twin
80.0,0.0,0.0,0.0,-1.0,0.0,0.0,0.0,84.0,Evil_Twin
80.0,2.0,-1.0,0.0,0.0,-1.0,0.0,6.0,84.0,Evil_Twin
80.0,0.0,0.0,0.0,0.0,0.0,0.0,-17.0,89.0,Evil_Twin
70.0,0.0,0.0,0.0,0.0,-1.0,178.0,-3.0,79.0,Evil_Twin
60.0,2.0,0.0,0.0,-1.0,0.0,0.0,-19.0,89.0,Evil_Twin
70.0,0.0,0.0,3.0,0.0,0.0,-1.0,-200.0,-200.0,Evil_Twin
70.0,0.0,0.0,0.0,0.0,-1.0,0.0,-15.0,85.0,Evil_Twin
70.0,0.0,0.0,0.0,-2.0,0.0,178.0,-3.0,83.0,Evil_Twin
80.0,0.0,0.0,0.0,0.0,-1.0,178.0,6.0,83.0,Evil_Twin
70.0,0.0,0.0,0.0,0.0,0.0,-18.0,0.0,82.0,Evil_Twin
80.0,2.0,0.0,0.0,-1.0,-1.0,0.0,12.0,84.0,Evil_Twin
80.0,0.0,0.0,0.0,0.0,0.0,178.0,2.0,83.0,Evil_Twin
60.0,0.0,-1.0,0.0,0.0,0.0,0.0,-8.0,82.0,Evil_Twin
70.0,0.0,0.0,0.0,-1.0,1.0,0.0,1.0,79.0,Evil_Twin
60.0,-1.0,0.0,0.0,0.0,0.0,177.0,-7.0,82.0,Evil_Twin
80.0,0.0,0.0,0.0,0.0,0.0,178.0,5.0,80.0,Evil_Twin
70.0,0.0,0.0,-1.0,0.0,0.0,178.0,-13.0,86.0,Evil_Twin
0.0,0.0,0.0,0.0,1.0,0.0,-3.0,-200.0,-200.0,Evil_Twin
80.0,0.0,0.0,0.0,0.0,0.0,0.0,-8.0,84.0,Evil_Twin
80.0,0.0,0.0,0.0,0.0,0.0,0.0,-23.0,84.0,Evil_Twin
60.0,0.0,0.0,0.0,0.0,0.0,179.0,-8.0,84.0,Evil_Twin
70.0,0.0,0.0,0.0,0.0,0.0,-95.0,0.0,80.0,Evil_Twin
70.0,0.0,0.0,0.0,-1.0,-1.0,0.0,14.0,80.0,Evil_Twin
70.0,0.0,0.0,0.0,0.0,0.0,178.0,-3.0,82.0,Evil_Twin
70.0,0.0,0.0,0.0,0.0,0.0,178.0,-12.0,81.0,Evil_Twin
60.0,0.0,0.0,0.0,0.0,1.0,-3.0,17.0,80.0,Evil_Twin
70.0,4.0,0.0,0.0,-3.0,0.0,0.0,11.0,83.0,Evil_Twin
80.0,0.0,0.0,0.0,0.0,0.0,178.0,-10.0,84.0,Evil_Twin
80.0,0.0,0.0,0.0,0.0,0.0,0.0,-5.0,84.0,Evil_Twin
70.0,0.0,0.0,0.0,0.0,0.0,178.0,-17.0,77.0,Evil_Twin
70.0,2.0,0.0,0.0,-2.0,-1.0,0.0,-20.0,89.0,Evil_Twin
80.0,0.0,0.0,0.0,0.0,0.0,-61.0,8.0,82.0,Evil_Twin
80.0,-2.0,0.0,0.0,0.0,0.0,178.0,-7.0,75.0,Evil_Twin
70.0,0.0,-2.0,0.0,-2.0,0.0,0.0,-1.0,82.0,Evil_Twin
60.0,0.0,0.0,2.0,0.0,0.0,-3.0,-200.0,-200.0,Evil_Twin
70.0,2.0,0.0,0.0,-1.0,0.0,0.0,-11.0,92.0,Evil_Twin
80.0,0.0,0.0,0.0,-1.0,0.0,0.0,-11.0,82.0,Evil_Twin
80.0,0.0,0.0,0.0,0.0,0.0,0.0,-7.0,86.0,Evil_Twin
80.0,2.0,0.0,0.0,0.0,0.0,0.0,-6.0,87.0,Evil_Twin
60.0,0.0,0.0,0.0,0.0,0.0,178.0,-3.0,81.0,Evil_Twin
70.0,0.0,0.0,0.0,0.0,0.0,0.0,7.0,82.0,Evil_Twin
80.0,2.0,0.0,0.0,-1.0,-1.0,0.0,-44.0,85.0,Evil_Twin
70.0,0.0,0.0,-1.0,-1.0,-1.0,0.0,-21.0,89.0,Evil_Twin
60.0,0.0,-2.0,0.0,0.0,-1.0,0.0,0.0,81.0,Evil_Twin
70.0,0.0,0.0,0.0,0.0,0.0,179.0,0.0,81.0,Evil_Twin
60.0,0.0,-1.0,0.0,0.0,-1.0,0.0,9.0,81.0,Evil_Twin
70.0,2.0,0.0,0.0,-2.0,-1.0,0.0,-15.0,85.0,Evil_Twin
70.0,2.0,0.0,0.0,-1.0,0.0,0.0,-25.0,79.0,Evil_Twin
60.0,0.0,0.0,0.0,0.0,0.0,0.0,-2.0,83.0,Evil_Twin
60.0,0.0,0.0,0.0,0.0,0.0,178.0,3.0,83.0,Evil_Twin
60.0,0.0,0.0,0.0,0.0,0.0,-7.0,-200.0,-200.0,Evil_Twin
90.0,0.0,0.0,1.0,0.0,0.0,0.0,-14.0,106.0,Evil_Twin
80.0,0.0,-1.0,0.0,-1.0,-1.0,0.0,-23.0,88.0,Evil_Twin
80.0,-2.0,0.0,0.0,0.0,0.0,178.0,-2.0,80.0,Evil_Twin
80.0,0.0,0.0,0.0,0.0,0.0,0.0,-2.0,83.0,Evil_Twin
70.0,0.0,0.0,0.0,0.0,0.0,178.0,-9.0,84.0,Evil_Twin
60.0,4.0,0.0,0.0,0.0,0.0,0.0,-5.0,83.0,Evil_Twin
80.0,0.0,0.0,0.0,0.0,0.0,37.0,-20.0,86.0,Evil_Twin
70.0,0.0,0.0,0.0,0.0,0.0,-135.0,-4.0,81.0,Evil_Twin
60.0,0.0,0.0,0.0,0.0,0.0,174.0,-3.0,82.0,Evil_Twin
70.0,0.0,0.0,0.0,0.0,0.0,-114.0,-2.0,82.0,Evil_Twin
70.0,0.0,0.0,0.0,-1.0,0.0,174.0,1.0,82.0,Evil_Twin
60.0,2.0,-1.0,0.0,-1.0,-1.0,0.0,-33.0,69.0,Evil_Twin
0.0,0.0,0.0,0.0,0.0,0.0,-2.0,-200.0,-200.0,Evil_Twin
60.0,-2.0,0.0,0.0,0.0,-1.0,178.0,0.0,82.0,Evil_Twin
80.0,1.0,0.0,0.0,-8.0,0.0,0.0,17.0,81.0,Evil_Twin
70.0,0.0,-1.0,0.0,0.0,0.0,0.0,-6.0,79.0,Evil_Twin
70.0,1.0,0.0,0.0,0.0,0.0,0.0,0.0,79.0,Evil_Twin
80.0,0.0,0.0,0.0,0.0,0.0,178.0,-10.0,84.0,Evil_Twin
80.0,0.0,0.0,0.0,0.0,0.0,-3.0,-200.0,-200.0,Evil_Twin
80.0,-2.0,0.0,0.0,0.0,0.0,178.0,-2.0,82.0,Evil_Twin
70.0,0.0,0.0,0.0,-1.0,0.0,0.0,-16.0,84.0,Evil_Twin
70.0,2.0,0.0,0.0,-1.0,-1.0,0.0,25.0,80.0,Evil_Twin
80.0,2.0,0.0,0.0,0.0,0.0,0.0,2.0,85.0,Evil_Twin
80.0,-2.0,0.0,0.0,-1.0,-1.0,178.0,22.0,80.0,Evil_Twin
80.0,-2.0,0.0,0.0,-1.0,-1.0,178.0,-28.0,81.0,Evil_Twin
80.0,-3.0,0.0,0.0,-8.0,0.0,178.0,0.0,81.0,Evil_Twin
80.0,2.0,0.0,0.0,-1.0,0.0,0.0,-28.0,81.0,Evil_Twin
70.0,0.0,0.0,0.0,0.0,0.0,178.0,-3.0,82.0,Evil_Twin
80.0,0.0,0.0,0.0,0.0,0.0,178.0,3.0,80.0,Evil_Twin
80.0,2.0,0.0,0.0,-1.0,-1.0,0.0,8.0,83.0,Evil_Twin
70.0,1.0,-1.0,0.0,0.0,-1.0,0.0,10.0,78.0,Evil_Twin
80.0,0.0,0.0,0.0,0.0,0.0,177.0,-10.0,84.0,Evil_Twin
70.0,4.0,0.0,0.0,0.0,0.0,0.0,-13.0,82.0,Evil_Twin
70.0,0.0,-1.0,0.0,0.0,0.0,0.0,6.0,79.0,Evil_Twin
60.0,0.0,1.0,0.0,0.0,-1.0,178.0,8.0,83.0,Evil_Twin
110.0,0.0,0.0,0.0,0.0,0.0,0.0,-17.0,119.0,Evil_Twin
80.0,2.0,0.0,0.0,-2.0,-1.0,1.0,-14.0,89.0,Evil_Twin
80.0,0.0,0.0,0.0,-1.0,0.0,0.0,-6.0,83.0,Evil_Twin
60.0,0.0,0.0,0.0,0.0,0.0,0.0,30.0,79.0,Evil_Twin
70.0,2.0,0.0,0.0,-1.0,0.0,0.0,-11.0,87.0,Evil_Twin
80.0,-4.0,0.0,0.0,0.0,0.0,178.0,-2.0,82.0,Evil_Twin
70.0,2.0,-1.0,0.0,-1.0,-1.0,1.0,-16.0,83.0,Evil_Twin
60.0,0.0,0.0,0.0,0.0,0.0,-3.0,-200.0,-200.0,Evil_Twin
70.0,0.0,-1.0,0.0,0.0,-1.0,0.0,-10.0,82.0,Evil_Twin
80.0,0.0,0.0,0.0,0.0,0.0,0.0,-6.0,82.0,Evil_Twin
80.0,-4.0,0.0,0.0,0.0,0.0,175.0,3.0,81.0,Evil_Twin
70.0,0.0,0.0,3.0,0.0,0.0,-3.0,-200.0,-200.0,Evil_Twin
80.0,0.0,0.0,0.0,-1.0,-1.0,0.0,-12.0,86.0,Evil_Twin
80.0,0.0,0.0,0.0,-5.0,0.0,0.0,-6.0,81.0,Evil_Twin
60.0,0.0,0.0,0.0,0.0,0.0,-3.0,-1.0,81.0,Evil_Twin
70.0,0.0,0.0,0.0,0.0,0.0,178.0,-17.0,77.0,Evil_Twin
70.0,0.0,0.0,0.0,0.0,0.0,-1.0,-200.0,-200.0,Evil_Twin
80.0,-2.0,0.0,0.0,-1.0,-1.0,178.0,-32.0,80.0,Evil_Twin
80.0,0.0,0.0,0.0,0.0,-1.0,12.0,-13.0,85.0,Evil_Twin
70.0,0.0,0.0,0.0,0.0,0.0,-6.0,3.0,82.0,Evil_Twin
80.0,0.0,0.0,0.0,0.0,0.0,-62.0,10.0,85.0,Evil_Twin
80.0,-2.0,-1.0,0.0,0.0,0.0,-144.0,-5.0,79.0,Evil_Twin
60.0,0.0,0.0,0.0,0.0,0.0,0.0,-10.0,85.0,Evil_Twin
80.0,0.0,0.0,0.0,-1.0,-1.0,0.0,-12.0,86.0,Evil_Twin
70.0,0.0,0.0,0.0,0.0,0.0,1.0,-5.0,79.0,Evil_Twin
60.0,0.0,0.0,0.0,-9.0,0.0,0.0,-2.0,82.0,Evil_Twin
70.0,0.0,0.0,0.0,0.0,0.0,114.0,-18.0,83.0,Evil_Twin
70.0,0.0,0.0,0.0,0.0,0.0,0.0,9.0,82.0,Evil_Twin
100.0,0.0,0.0,1.0,0.0,0.0,0.0,3.0,104.0,Evil_Twin
70.0,0.0,0.0,0.0,-2.0,-2.0,179.0,-9.0,78.0,Evil_Twin
70.0,0.0,0.0,0.0,0.0,-1.0,179.0,0.0,83.0,Evil_Twin
80.0,0.0,0.0,0.0,0.0,0.0,-1.0,-200.0,-200.0,Evil_Twin
80.0,0.0,0.0,0.0,0.0,0.0,0.0,-6.0,82.0,Evil_Twin
70.0,-2.0,0.0,0.0,4.0,0.0,178.0,-3.0,70.0,Evil_Twin
80.0,2.0,0.0,0.0,-1.0,-1.0,0.0,-29.0,81.0,Evil_Twin
80.0,1.0,0.0,0.0,0.0,0.0,0.0,8.0,83.0,Evil_Twin
70.0,0.0,0.0,-1.0,0.0,0.0,0.0,-10.0,83.0,Evil_Twin
80.0,1.0,-1.0,0.0,0.0,-1.0,0.0,14.0,82.0,Evil_Twin
80.0,0.0,0.0,0.0,0.0,2.0,0.0,-5.0,82.0,Evil_Twin
60.0,0.0,0.0,0.0,0.0,0.0,177.0,-5.0,83.0,Evil_Twin
60.0,-2.0,0.0,0.0,-1.0,-1.0,178.0,-38.0,72.0,Evil_Twin
80.0,-2.0,0.0,0.0,0.0,0.0,179.0,-20.0,81.0,Evil_Twin
110.0,0.0,0.0,0.0,0.0,-1.0,37.0,-18.0,116.0,Evil_Twin
80.0,-2.0,0.0,0.0,0.0,0.0,179.0,-16.0,85.0,Evil_Twin
80.0,-2.0,0.0,0.0,-1.0,-1.0,178.0,-28.0,81.0,Evil_Twin
70.0,0.0,0.0,0.0,0.0,-1.0,0.0,-9.0,85.0,Evil_Twin
60.0,0.0,0.0,0.0,0.0,0.0,0.0,-8.0,82.0,Evil_Twin
80.0,0.0,-1.0,0.0,-1.0,0.0,1.0,-8.0,83.0,Evil_Twin
60.0,1.0,0.0,0.0,0.0,0.0,177.0,-9.0,82.0,Evil_Twin
70.0,-2.0,0.0,0.0,0.0,0.0,178.0,-12.0,79.0,Evil_Twin
80.0,2.0,-1.0,0.0,-1.0,-1.0,1.0,-26.0,87.0,Evil_Twin
80.0,0.0,0.0,0.0,-1.0,-2.0,0.0,18.0,80.0,Evil_Twin
80.0,0.0,0.0,0.0,0.0,0.0,178.0,4.0,81.0,Evil_Twin
60.0,0.0,0.0,0.0,0.0,0.0,124.0,-5.0,79.0,Evil_Twin
80.0,2.0,0.0,0.0,-1.0,-1.0,0.0,-30.0,85.0,Evil_Twin
80.0,2.0,0.0,0.0,-1.0,-1.0,0.0,31.0,77.0,Evil_Twin
70.0,-2.0,0.0,0.0,0.0,0.0,178.0,4.0,80.0,Evil_Twin
60.0,0.0,0.0,0.0,0.0,0.0,18.0,-3.0,83.0,Evil_Twin
60.0,0.0,0.0,0.0,0.0,0.0,178.0,-3.0,81.0,Evil_Twin
80.0,-2.0,1.0,0.0,0.0,-1.0,178.0,-31.0,68.0,Evil_Twin
60.0,4.0,0.0,0.0,1.0,0.0,0.0,-6.0,81.0,Evil_Twin
80.0,2.0,0.0,0.0,-1.0,-1.0,0.0,-13.0,86.0,Evil_Twin
60.0,-2.0,0.0,0.0,0.0,1.0,178.0,1.0,82.0,Evil_Twin
80.0,1.0,-1.0,0.0,3.0,3.0,0.0,11.0,85.0,Evil_Twin
60.0,1.0,0.0,0.0,-1.0,0.0,0.0,-3.0,83.0,Evil_Twin
60.0,1.0,-1.0,0.0,0.0,0.0,0.0,-19.0,79.0,Evil_Twin
70.0,2.0,0.0,0.0,-5.0,0.0,0.0,0.0,82.0,Evil_Twin
20.0,0.0,0.0,4.0,0.0,0.0,-3.0,-200.0,-200.0,Evil_Twin
80.0,0.0,0.0,0.0,0.0,0.0,179.0,-11.0,84.0,Evil_Twin
80.0,0.0,0.0,0.0,0.0,0.0,0.0,-2.0,84.0,Evil_Twin
60.0,0.0,0.0,0.0,0.0,-2.0,0.0,22.0,77.0,Evil_Twin
80.0,0.0,0.0,0.0,0.0,0.0,0.0,-8.0,82.0,Evil_Twin
80.0,0.0,0.0,0.0,0.0,0.0,-144.0,-12.0,83.0,Evil_Twin
80.0,0.0,0.0,0.0,-1.0,0.0,0.0,0.0,84.0,Evil_Twin
60.0,0.0,0.0,0.0,0.0,2.0,178.0,-29.0,75.0,Evil_Twin
80.0,-2.0,0.0,0.0,0.0,0.0,178.0,24.0,78.0,Evil_Twin
60.0,3.0,0.0,0.0,-1.0,-1.0,0.0,14.0,81.0,Evil_Twin
70.0,0.0,0.0,0.0,-2.0,-1.0,0.0,-11.0,85.0,Evil_Twin
80.0,0.0,0.0,0.0,-1.0,0.0,178.0,-11.0,83.0,Evil_Twin
80.0,0.0,-1.0,0.0,0.0,-1.0,0.0,10.0,84.0,Evil_Twin
80.0,0.0,0.0,0.0,-1.0,0.0,0.0,-6.0,84.0,Evil_Twin
70.0,1.0,-1.0,0.0,1.0,-2.0,0.0,17.0,79.0,Evil_Twin
80.0,0.0,0.0,0.0,0.0,0.0,179.0,-2.0,81.0,Evil_Twin
80.0,0.0,0.0,0.0,0.0,0.0,30.0,-5.0,83.0,Evil_Twin
80.0,2.0,0.0,0.0,-1.0,-1.0,0.0,14.0,80.0,Evil_Twin
80.0,0.0,0.0,0.0,0.0,0.0,178.0,-3.0,83.0,Evil_Twin
80.0,-3.0,-2.0,0.0,1.0,0.0,-143.0,20.0,81.0,Evil_Twin
80.0,0.0,-1.0,0.0,-1.0,-1.0,1.0,-8.0,83.0,Evil_Twin
60.0,0.0,-1.0,0.0,0.0,-1.0,0.0,-15.0,77.0,Evil_Twin
80.0,0.0,0.0,0.0,-1.0,-1.0,178.0,2.0,84.0,Evil_Twin
80.0,0.0,-1.0,0.0,0.0,0.0,179.0,10.0,78.0,Evil_Twin
60.0,0.0,0.0,0.0,-1.0,-1.0,0.0,-6.0,82.0,Evil_Twin
80.0,0.0,0.0,0.0,0.0,0.0,156.0,-23.0,80.0,Evil_Twin
110.0,0.0,0.0,0.0,0.0,-1.0,37.0,-19.0,120.0,Evil_Twin
70.0,0.0,0.0,1.0,0.0,0.0,-3.0,-200.0,-200.0,Evil_Twin
10.0,0.0,0.0,4.0,0.0,0.0,-3.0,-200.0,-200.0,Evil_Twin
80.0,-1.0,-1.0,0.0,0.0,-1.0,-144.0,0.0,84.0,Evil_Twin
80.0,-2.0,-3.0,0.0,-1.0,-1.0,37.0,-100.0,-100.0,Evil_Twin
70.0,0.0,0.0,0.0,-1.0,0.0,0.0,-16.0,80.0,Evil_Twin
80.0,0.0,0.0,0.0,0.0,0.0,178.0,-11.0,83.0,Evil_Twin
70.0,0.0,0.0,0.0,0.0,0.0,0.0,-7.0,83.0,Evil_Twin
80.0,0.0,0.0,1.0,0.0,0.0,0.0,20.0,87.0,Evil_Twin
70.0,0.0,0.0,0.0,0.0,0.0,0.0,14.0,81.0,Evil_Twin
80.0,0.0,0.0,0.0,0.0,0.0,0.0,-13.0,84.0,Evil_Twin
80.0,-2.0,0.0,0.0,-1.0,0.0,178.0,12.0,78.0,Evil_Twin
80.0,0.0,0.0,0.0,0.0,0.0,-144.0,7.0,82.0,Evil_Twin
80.0,0.0,0.0,0.0,0.0,0.0,130.0,-18.0,83.0,Evil_Twin
80.0,2.0,0.0,0.0,-1.0,-1.0,0.0,-30.0,85.0,Evil_Twin
70.0,0.0,-1.0,0.0,-2.0,-2.0,0.0,-11.0,84.0,Evil_Twin
60.0,0.0,0.0,0.0,1.0,0.0,0.0,9.0,81.0,Evil_Twin
80.0,0.0,0.0,0.0,0.0,0.0,7.0,-6.0,83.0,Evil_Twin
60.0,0.0,0.0,0.0,0.0,0.0,177.0,-4.0,79.0,Evil_Twin
70.0,1.0,-1.0,0.0,0.0,-1.0,0.0,20.0,79.0,Evil_Twin
70.0,-4.0,0.0,0.0,0.0,0.0,178.0,-5.0,83.0,Evil_Twin
80.0,-2.0,1.0,0.0,-1.0,-1.0,178.0,-34.0,72.0,Evil_Twin
80.0,-2.0,0.0,0.0,-1.0,0.0,178.0,18.0,82.0,Evil_Twin
80.0,0.0,0.0,0.0,0.0,0.0,-162.0,5.0,82.0,Evil_Twin
50.0,0.0,0.0,4.0,0.0,0.0,-3.0,-200.0,-200.0,Evil_Twin
70.0,-3.0,0.0,0.0,0.0,0.0,178.0,-2.0,81.0,Evil_Twin
60.0,-2.0,0.0,0.0,-1.0,0.0,178.0,-14.0,101.0,Evil_Twin
60.0,0.0,0.0,0.0,0.0,-1.0,0.0,-13.0,84.0,Evil_Twin
80.0,-2.0,0.0,0.0,-1.0,-1.0,178.0,23.0,82.0,Evil_Twin
80.0,2.0,-1.0,0.0,-1.0,-1.0,0.0,12.0,83.0,Evil_Twin
70.0,0.0,0.0,0.0,1.0,0.0,0.0,-2.0,82.0,Evil_Twin
80.0,-1.0,0.0,0.0,-1.0,0.0,178.0,-8.0,82.0,Evil_Twin
80.0,-1.0,1.0,0.0,-1.0,-1.0,178.0,-17.0,86.0,Evil_Twin
80.0,0.0,0.0,0.0,0.0,0.0,18.0,-4.0,81.0,Evil_Twin
60.0,4.0,1.0,0.0,2.0,-1.0,178.0,30.0,77.0,Evil_Twin
70.0,0.0,0.0,0.0,0.0,0.0,-65.0,7.0,82.0,Evil_Twin
70.0,-2.0,0.0,0.0,4.0,0.0,178.0,-3.0,70.0,Evil_Twin
60.0,1.0,0.0,0.0,0.0,0.0,0.0,0.0,80.0,Evil_Twin
70.0,-2.0,0.0,0.0,-1.0,0.0,178.0,0.0,81.0,Evil_Twin
80.0,2.0,-1.0,0.0,-1.0,-1.0,0.0,14.0,82.0,Evil_Twin
80.0,0.0,0.0,0.0,0.0,-1.0,1.0,-20.0,86.0,Evil_Twin
80.0,0.0,0.0,0.0,0.0,0.0,0.0,-16.0,95.0,Evil_Twin
50.0,0.0,0.0,4.0,0.0,0.0,34.0,-200.0,-200.0,Evil_Twin
70.0,3.0,0.0,0.0,0.0,0.0,0.0,-18.0,86.0,Evil_Twin
80.0,0.0,0.0,0.0,-5.0,0.0,0.0,-6.0,81.0,Evil_Twin
70.0,2.0,0.0,0.0,-1.0,0.0,0.0,-19.0,83.0,Evil_Twin
70.0,-2.0,0.0,0.0,0.0,0.0,174.0,2.0,81.0,Evil_Twin
80.0,0.0,0.0,0.0,0.0,0.0,0.0,8.0,81.0,Evil_Twin
80.0,2.0,0.0,0.0,-1.0,0.0,0.0,9.0,82.0,Evil_Twin
80.0,0.0,0.0,0.0,0.0,-1.0,0.0,-6.0,91.0,Evil_Twin
80.0,2.0,0.0,0.0,-1.0,0.0,0.0,-18.0,94.0,Evil_Twin
60.0,0.0,0.0,0.0,1.0,-1.0,0.0,-5.0,84.0,Evil_Twin
80.0,2.0,0.0,0.0,-1.0,-1.0,0.0,-22.0,92.0,Evil_Twin
70.0,1.0,-1.0,0.0,0.0,-1.0,0.0,0.0,82.0,Evil_Twin
70.0,-2.0,0.0,0.0,-1.0,0.0,178.0,11.0,78.0,Evil_Twin
80.0,0.0,0.0,0.0,0.0,0.0,0.0,-2.0,84.0,Evil_Twin
80.0,2.0,0.0,0.0,-1.0,0.0,0.0,20.0,77.0,Evil_Twin
60.0,0.0,0.0,0.0,0.0,0.0,178.0,3.0,83.0,Evil_Twin
0.0,0.0,0.0,3.0,0.0,0.0,-3.0,-200.0,-200.0,Evil_Twin
70.0,0.0,0.0,0.0,0.0,0.0,84.0,-15.0,83.0,Evil_Twin
80.0,-2.0,0.0,0.0,0.0,0.0,178.0,-17.0,78.0,Evil_Twin
80.0,0.0,0.0,0.0,0.0,0.0,179.0,-4.0,80.0,Evil_Twin
80.0,2.0,0.0,0.0,-1.0,-1.0,0.0,-35.0,83.0,Evil_Twin
70.0,0.0,0.0,0.0,0.0,0.0,0.0,8.0,80.0,Evil_Twin
70.0,1.0,0.0,0.0,2.0,0.0,0.0,6.0,72.0,Evil_Twin
80.0,0.0,0.0,0.0,0.0,0.0,-79.0,-4.0,83.0,Evil_Twin
80.0,3.0,0.0,0.0,-8.0,0.0,0.0,-11.0,86.0,Evil_Twin
80.0,0.0,0.0,0.0,-2.0,0.0,0.0,0.0,83.0,Evil_Twin
60.0,2.0,0.0,0.0,-1.0,-1.0,0.0,-8.0,78.0,Evil_Twin
70.0,2.0,0.0,0.0,-1.0,-1.0,0.0,-7.0,76.0,Evil_Twin
60.0,0.0,0.0,0.0,0.0,0.0,-3.0,18.0,79.0,Evil_Twin
80.0,2.0,0.0,0.0,-2.0,-1.0,1.0,-21.0,87.0,Evil_Twin
80.0,0.0,0.0,0.0,0.0,0.0,0.0,-7.0,85.0,Evil_Twin
80.0,0.0,0.0,0.0,0.0,0.0,0.0,-23.0,84.0,Evil_Twin
60.0,-2.0,0.0,0.0,-1.0,-1.0,178.0,3.0,85.0,Evil_Twin
80.0,0.0,0.0,0.0,0.0,0.0,-3.0,21.0,79.0,Evil_Twin
80.0,0.0,0.0,0.0,0.0,0.0,178.0,0.0,81.0,Evil_Twin
10.0,0.0,0.0,3.0,0.0,0.0,-3.0,-200.0,-200.0,Evil_Twin
0.0,0.0,0.0,0.0,-1.0,0.0,-4.0,-200.0,-200.0,Evil_Twin
70.0,0.0,0.0,0.0,0.0,0.0,-146.0,-5.0,81.0,Evil_Twin
70.0,0.0,0.0,0.0,0.0,0.0,-99.0,-1.0,80.0,Evil_Twin
30.0,0.0,0.0,4.0,0.0,0.0,-2.0,-200.0,-200.0,Evil_Twin
60.0,0.0,0.0,0.0,0.0,0.0,-67.0,-5.0,84.0,Evil_Twin
80.0,-2.0,0.0,0.0,-1.0,0.0,178.0,-27.0,78.0,Evil_Twin
70.0,0.0,0.0,0.0,-1.0,0.0,0.0,-2.0,83.0,Evil_Twin
80.0,2.0,-1.0,0.0,0.0,0.0,0.0,16.0,81.0,Evil_Twin
60.0,0.0,-1.0,0.0,0.0,0.0,0.0,-7.0,83.0,Evil_Twin
80.0,0.0,1.0,0.0,0.0,0.0,-144.0,26.0,92.0,Evil_Twin
90.0,0.0,0.0,-2.0,0.0,-1.0,0.0,16.0,91.0,Evil_Twin
70.0,0.0,0.0,0.0,0.0,0.0,178.0,-17.0,77.0,Evil_Twin
70.0,0.0,0.0,0.0,0.0,0.0,0.0,-10.0,84.0,Evil_Twin
70.0,0.0,0.0,0.0,0.0,0.0,0.0,-5.0,81.0,Evil_Twin
70.0,0.0,-1.0,0.0,-1.0,-1.0,0.0,-11.0,83.0,Evil_Twin
70.0,0.0,-1.0,0.0,0.0,0.0,178.0,10.0,79.0,Evil_Twin
70.0,0.0,-1.0,0.0,0.0,0.0,1.0,-6.0,78.0,Evil_Twin
90.0,0.0,0.0,1.0,0.0,0.0,0.0,17.0,98.0,Evil_Twin
80.0,0.0,-2.0,0.0,0.0,-1.0,1.0,-2.0,84.0,Evil_Twin
70.0,3.0,0.0,0.0,0.0,0.0,0.0,-17.0,84.0,Evil_Twin
80.0,-2.0,0.0,0.0,0.0,0.0,179.0,-8.0,84.0,Evil_Twin
80.0,-2.0,0.0,0.0,-1.0,0.0,178.0,-4.0,80.0,Evil_Twin
80.0,-4.0,0.0,0.0,-6.0,0.0,178.0,-9.0,83.0,Evil_Twin
70.0,-1.0,0.0,0.0,1.0,0.0,178.0,2.0,78.0,Evil_Twin
80.0,0.0,0.0,0.0,0.0,0.0,-96.0,12.0,85.0,Evil_Twin
70.0,0.0,0.0,0.0,0.0,0.0,56.0,-4.0,82.0,Evil_Twin
70.0,2.0,-1.0,0.0,-1.0,-1.0,0.0,32.0,80.0,Evil_Twin
60.0,-2.0,0.0,0.0,-1.0,0.0,178.0,-1.0,84.0,Evil_Twin
60.0,2.0,0.0,0.0,-2.0,0.0,0.0,36.0,78.0,Evil_Twin
60.0,0.0,0.0,0.0,0.0,0.0,-99.0,10.0,83.0,Evil_Twin
70.0,0.0,0.0,0.0,0.0,0.0,-6.0,0.0,82.0,Evil_Twin
70.0,0.0,0.0,0.0,0.0,0.0,178.0,-4.0,83.0,Evil_Twin
70.0,-1.0,0.0,0.0,-5.0,0.0,178.0,-4.0,80.0,Evil_Twin
80.0,0.0,0.0,0.0,1.0,-1.0,1.0,-9.0,86.0,Evil_Twin
80.0,0.0,-2.0,0.0,0.0,-1.0,1.0,-4.0,81.0,Evil_Twin
80.0,0.0,-2.0,0.0,0.0,-1.0,1.0,-4.0,81.0,Evil_Twin
70.0,2.0,0.0,0.0,-8.0,0.0,0.0,-21.0,84.0,Evil_Twin
70.0,3.0,0.0,0.0,0.0,0.0,0.0,-24.0,84.0,Evil_Twin
70.0,2.0,0.0,0.0,-1.0,0.0,0.0,-4.0,79.0,Evil_Twin
70.0,0.0,0.0,0.0,0.0,0.0,0.0,-15.0,85.0,Evil_Twin
70.0,0.0,-1.0,0.0,0.0,0.0,0.0,-19.0,83.0,Evil_Twin
80.0,0.0,0.0,0.0,-8.0,0.0,179.0,-20.0,82.0,Evil_Twin
80.0,3.0,0.0,0.0,5.0,1.0,-143.0,6.0,83.0,Evil_Twin
80.0,0.0,0.0,0.0,0.0,0.0,0.0,-4.0,84.0,Evil_Twin
80.0,0.0,0.0,0.0,0.0,0.0,23.0,-2.0,81.0,Evil_Twin
80.0,0.0,0.0,0.0,0.0,-1.0,0.0,-15.0,86.0,Evil_Twin
60.0,-2.0,0.0,0.0,-1.0,0.0,177.0,-4.0,79.0,Evil_Twin
70.0,1.0,0.0,0.0,-9.0,0.0,0.0,5.0,80.0,Evil_Twin
80.0,0.0,0.0,0.0,0.0,0.0,0.0,2.0,82.0,Evil_Twin
80.0,0.0,0.0,0.0,0.0,-1.0,34.0,13.0,82.0,Evil_Twin
60.0,2.0,0.0,0.0,-1.0,-1.0,0.0,25.0,79.0,Evil_Twin
80.0,4.0,0.0,0.0,-2.0,0.0,0.0,-5.0,87.0,Evil_Twin
80.0,2.0,0.0,0.0,-1.0,0.0,0.0,3.0,85.0,Evil_Twin
70.0,0.0,0.0,0.0,0.0,-1.0,178.0,-3.0,79.0,Evil_Twin
80.0,0.0,0.0,0.0,0.0,0.0,90.0,-14.0,84.0,Evil_Twin
0.0,0.0,0.0,0.0,0.0,0.0,-2.0,-200.0,-200.0,Evil_Twin
70.0,-1.0,0.0,0.0,-1.0,-3.0,178.0,10.0,82.0,Evil_Twin
80.0,0.0,0.0,0.0,0.0,0.0,-144.0,-13.0,82.0,Evil_Twin
80.0,0.0,-1.0,0.0,0.0,2.0,175.0,-18.0,80.0,Evil_Twin
80.0,-2.0,-1.0,0.0,0.0,-1.0,-144.0,19.0,88.0,Evil_Twin
80.0,0.0,0.0,0.0,0.0,0.0,0.0,7.0,82.0,Evil_Twin
60.0,0.0,-2.0,0.0,0.0,-1.0,0.0,0.0,81.0,Evil_Twin
80.0,0.0,0.0,0.0,0.0,0.0,178.0,-17.0,83.0,Evil_Twin
80.0,-1.0,1.0,0.0,-1.0,-1.0,178.0,-17.0,83.0,Evil_Twin
80.0,0.0,0.0,0.0,0.0,0.0,175.0,-6.0,82.0,Evil_Twin
60.0,1.0,0.0,0.0,3.0,1.0,0.0,-17.0,79.0,Evil_Twin
80.0,-1.0,0.0,0.0,0.0,-1.0,178.0,12.0,83.0,Evil_Twin
80.0,0.0,0.0,0.0,0.0,-1.0,35.0,-21.0,85.0,Evil_Twin
100.0,0.0,0.0,-1.0,0.0,-1.0,37.0,-22.0,107.0,Evil_Twin
80.0,0.0,0.0,0.0,0.0,0.0,1.0,-7.0,87.0,Evil_Twin
80.0,0.0,0.0,0.0,0.0,0.0,-45.0,7.0,82.0,Evil_Twin
80.0,0.0,0.0,0.0,0.0,0.0,178.0,-13.0,81.0,Evil_Twin
60.0,0.0,-1.0,0.0,0.0,0.0,0.0,16.0,79.0,Evil_Twin
60.0,0.0,0.0,0.0,-1.0,0.0,179.0,4.0,82.0,Evil_Twin
80.0,0.0,0.0,0.0,0.0,-1.0,31.0,-9.0,85.0,Evil_Twin
80.0,-2.0,0.0,0.0,-1.0,0.0,178.0,-27.0,79.0,Evil_Twin
60.0,0.0,0.0,0.0,0.0,0.0,-134.0,6.0,81.0,Evil_Twin
70.0,0.0,0.0,0.0,0.0,0.0,179.0,-6.0,78.0,Evil_Twin
70.0,0.0,-2.0,0.0,0.0,-1.0,0.0,7.0,81.0,Evil_Twin
80.0,-2.0,-1.0,0.0,0.0,-1.0,-144.0,19.0,88.0,Evil_Twin
60.0,2.0,0.0,0.0,-1.0,-1.0,0.0,-20.0,89.0,Evil_Twin
0.0,0.0,0.0,0.0,-1.0,0.0,-2.0,-200.0,-200.0,Evil_Twin
40.0,0.0,0.0,4.0,0.0,0.0,-3.0,-200.0,-200.0,Evil_Twin
70.0,0.0,0.0,1.0,0.0,0.0,0.0,-13.0,86.0,Evil_Twin
80.0,0.0,-1.0,0.0,0.0,1.0,178.0,9.0,82.0,Evil_Twin
60.0,0.0,0.0,0.0,0.0,0.0,0.0,-4.0,82.0,Evil_Twin
70.0,-2.0,0.0,0.0,-1.0,-1.0,178.0,-100.0,-100.0,Evil_Twin
60.0,0.0,0.0,0.0,-1.0,0.0,0.0,-3.0,82.0,Evil_Twin
80.0,0.0,0.0,0.0,0.0,0.0,0.0,-5.0,84.0,Evil_Twin
70.0,2.0,0.0,0.0,-2.0,-1.0,0.0,-20.0,89.0,Evil_Twin
60.0,0.0,0.0,0.0,0.0,0.0,125.0,-12.0,79.0,Evil_Twin
60.0,2.0,0.0,0.0,-1.0,0.0,177.0,-11.0,81.0,Evil_Twin
80.0,0.0,-1.0,0.0,0.0,2.0,175.0,-18.0,80.0,Evil_Twin
60.0,-2.0,0.0,0.0,0.0,0.0,179.0,0.0,83.0,Evil_Twin
80.0,0.0,0.0,0.0,-1.0,0.0,0.0,-5.0,81.0,Evil_Twin
70.0,0.0,-1.0,0.0,0.0,5.0,178.0,-24.0,76.0,Evil_Twin
80.0,0.0,0.0,0.0,0.0,1.0,178.0,2.0,81.0,Evil_Twin
50.0,0.0,0.0,4.0,0.0,0.0,-3.0,-200.0,-200.0,Evil_Twin
80.0,0.0,-1.0,0.0,-1.0,0.0,1.0,-8.0,83.0,Evil_Twin
60.0,0.0,0.0,0.0,0.0,-1.0,0.0,-9.0,84.0,Evil_Twin
80.0,0.0,0.0,0.0,0.0,0.0,178.0,-13.0,79.0,Evil_Twin
60.0,2.0,0.0,0.0,-1.0,0.0,0.0,-6.0,81.0,Evil_Twin
70.0,0.0,0.0,0.0,0.0,0.0,144.0,-11.0,82.0,Evil_Twin
60.0,0.0,0.0,0.0,1.0,0.0,179.0,15.0,81.0,Evil_Twin
100.0,0.0,0.0,1.0,0.0,0.0,178.0,-15.0,116.0,Evil_Twin
80.0,2.0,0.0,0.0,-1.0,0.0,0.0,10.0,83.0,Evil_Twin
80.0,-2.0,0.0,0.0,0.0,0.0,178.0,10.0,82.0,Evil_Twin
70.0,0.0,0.0,0.0,0.0,0.0,1.0,-5.0,79.0,Evil_Twin
70.0,0.0,0.0,0.0,0.0,0.0,0.0,-12.0,83.0,Evil_Twin
70.0,0.0,0.0,0.0,0.0,4.0,179.0,-13.0,78.0,Evil_Twin
80.0,-1.0,1.0,0.0,0.0,-1.0,178.0,-22.0,74.0,Evil_Twin
80.0,-2.0,0.0,0.0,-1.0,-1.0,177.0,3.0,78.0,Evil_Twin
80.0,2.0,0.0,0.0,-1.0,-1.0,0.0,-25.0,78.0,Evil_Twin
80.0,0.0,0.0,0.0,0.0,0.0,0.0,36.0,82.0,Evil_Twin
70.0,0.0,0.0,0.0,-1.0,0.0,0.0,-18.0,84.0,Evil_Twin
70.0,0.0,0.0,0.0,0.0,1.0,-37.0,12.0,82.0,Evil_Twin
80.0,-2.0,0.0,0.0,-1.0,-1.0,178.0,-27.0,78.0,Evil_Twin
80.0,0.0,0.0,-1.0,-1.0,-1.0,0.0,-17.0,99.0,Evil_Twin
70.0,0.0,0.0,0.0,0.0,-1.0,178.0,5.0,83.0,Evil_Twin
80.0,2.0,0.0,0.0,-1.0,0.0,0.0,28.0,80.0,Evil_Twin
80.0,0.0,0.0,0.0,0.0,0.0,177.0,-12.0,84.0,Evil_Twin
70.0,0.0,0.0,0.0,0.0,0.0,-2.0,-200.0,-200.0,Evil_Twin
80.0,-2.0,0.0,0.0,0.0,0.0,178.0,1.0,88.0,Evil_Twin
80.0,0.0,0.0,0.0,0.0,0.0,0.0,-1.0,84.0,Evil_Twin
80.0,-1.0,0.0,0.0,-2.0,-1.0,178.0,-6.0,80.0,Evil_Twin
70.0,0.0,0.0,0.0,0.0,0.0,0.0,-9.0,86.0,Evil_Twin
0.0,0.0,0.0,4.0,0.0,0.0,-3.0,-200.0,-200.0,Evil_Twin
60.0,0.0,0.0,0.0,0.0,2.0,178.0,-14.0,77.0,Evil_Twin
80.0,0.0,0.0,0.0,0.0,0.0,-3.0,-200.0,-200.0,Evil_Twin
80.0,0.0,0.0,0.0,-1.0,0.0,0.0,-14.0,85.0,Evil_Twin
70.0,0.0,0.0,0.0,0.0,0.0,178.0,5.0,82.0,Evil_Twin
80.0,0.0,0.0,0.0,-1.0,0.0,0.0,-19.0,84.0,Evil_Twin
70.0,0.0,0.0,0.0,-9.0,0.0,178.0,0.0,82.0,Evil_Twin
80.0,0.0,0.0,0.0,0.0,0.0,0.0,-5.0,86.0,Evil_Twin
70.0,0.0,0.0,0.0,0.0,0.0,0.0,3.0,83.0,Evil_Twin
60.0,0.0,2.0,0.0,0.0,0.0,0.0,-8.0,80.0,Evil_Twin
80.0,0.0,-2.0,0.0,0.0,1.0,1.0,2.0,84.0,Evil_Twin
70.0,0.0,-1.0,0.0,0.0,-1.0,0.0,20.0,81.0,Evil_Twin
60.0,0.0,0.0,0.0,-3.0,-4.0,0.0,-20.0,77.0,Evil_Twin
80.0,2.0,0.0,0.0,-1.0,-1.0,1.0,29.0,81.0,Evil_Twin
80.0,0.0,0.0,0.0,0.0,0.0,-36.0,13.0,82.0,Evil_Twin
80.0,0.0,-1.0,0.0,0.0,-1.0,0.0,-14.0,82.0,Evil_Twin
50.0,0.0,0.0,4.0,0.0,0.0,-3.0,-200.0,-200.0,Evil_Twin
60.0,4.0,0.0,0.0,-4.0,0.0,0.0,-5.0,82.0,Evil_Twin
70.0,0.0,0.0,0.0,0.0,0.0,-46.0,-3.0,84.0,Evil_Twin
70.0,-1.0,0.0,0.0,3.0,0.0,178.0,16.0,82.0,Evil_Twin
80.0,4.0,0.0,0.0,-4.0,0.0,0.0,-2.0,90.0,Evil_Twin
70.0,0.0,0.0,0.0,0.0,0.0,-6.0,0.0,82.0,Evil_Twin
80.0,0.0,-1.0,0.0,0.0,0.0,0.0,-9.0,82.0,Evil_Twin
70.0,0.0,0.0,0.0,1.0,0.0,178.0,2.0,83.0,Evil_Twin
80.0,0.0,0.0,0.0,-2.0,0.0,178.0,8.0,80.0,Evil_Twin
70.0,0.0,0.0,0.0,0.0,0.0,178.0,-2.0,82.0,Evil_Twin
50.0,0.0,0.0,4.0,0.0,0.0,-2.0,-200.0,-200.0,Evil_Twin
60.0,0.0,0.0,0.0,0.0,0.0,0.0,-7.0,83.0,Evil_Twin
80.0,0.0,0.0,0.0,0.0,0.0,178.0,-15.0,82.0,Evil_Twin
80.0,0.0,0.0,0.0,0.0,-1.0,1.0,-23.0,88.0,Evil_Twin
70.0,0.0,0.0,0.0,0.0,-1.0,178.0,-3.0,79.0,Evil_Twin
80.0,0.0,0.0,0.0,0.0,0.0,178.0,2.0,83.0,Evil_Twin
80.0,-2.0,0.0,0.0,-1.0,0.0,178.0,-20.0,77.0,Evil_Twin
70.0,1.0,0.0,0.0,0.0,-1.0,0.0,-7.0,85.0,Evil_Twin
80.0,0.0,0.0,0.0,0.0,0.0,131.0,-14.0,86.0,Evil_Twin
70.0,-2.0,0.0,0.0,0.0,0.0,178.0,-9.0,79.0,Evil_Twin
70.0,0.0,0.0,0.0,0.0,0.0,-66.0,13.0,82.0,Evil_Twin
80.0,1.0,0.0,0.0,-9.0,0.0,0.0,-11.0,83.0,Evil_Twin
80.0,-1.0,1.0,0.0,2.0,-1.0,178.0,13.0,87.0,Evil_Twin
80.0,4.0,0.0,0.0,-2.0,0.0,0.0,-17.0,85.0,Evil_Twin
70.0,0.0,0.0,0.0,-7.0,-2.0,0.0,12.0,81.0,Evil_Twin
70.0,1.0,0.0,0.0,0.0,-1.0,0.0,11.0,83.0,Evil_Twin
70.0,-4.0,0.0,0.0,1.0,0.0,178.0,5.0,83.0,Evil_Twin
70.0,-1.0,0.0,0.0,3.0,0.0,178.0,5.0,80.0,Evil_Twin
80.0,0.0,0.0,0.0,-1.0,0.0,0.0,-13.0,82.0,Evil_Twin
80.0,0.0,0.0,0.0,0.0,0.0,0.0,-16.0,86.0,Evil_Twin
80.0,2.0,0.0,0.0,-1.0,0.0,0.0,-21.0,86.0,Evil_Twin
70.0,0.0,0.0,0.0,0.0,-1.0,0.0,5.0,81.0,Evil_Twin
80.0,-2.0,0.0,0.0,0.0,-1.0,178.0,-17.0,82.0,Evil_Twin
80.0,0.0,0.0,0.0,0.0,0.0,178.0,-6.0,83.0,Evil_Twin
60.0,2.0,0.0,0.0,-1.0,-1.0,0.0,20.0,75.0,Evil_Twin
60.0,0.0,-1.0,0.0,-3.0,-5.0,0.0,19.0,82.0,Evil_Twin
80.0,-2.0,0.0,0.0,-1.0,0.0,179.0,18.0,79.0,Evil_Twin
80.0,0.0,0.0,0.0,0.0,0.0,37.0,-7.0,84.0,Evil_Twin
80.0,2.0,0.0,0.0,-1.0,0.0,0.0,-21.0,82.0,Evil_Twin
70.0,0.0,-1.0,0.0,0.0,0.0,178.0,-8.0,81.0,Evil_Twin
80.0,0.0,0.0,0.0,0.0,0.0,178.0,-10.0,83.0,Evil_Twin
80.0,0.0,0.0,0.0,0.0,0.0,-145.0,-3.0,81.0,Evil_Twin
60.0,0.0,0.0,0.0,0.0,0.0,177.0,-1.0,80.0,Evil_Twin
60.0,1.0,0.0,0.0,-1.0,0.0,0.0,5.0,83.0,Evil_Twin
80.0,0.0,1.0,0.0,1.0,-1.0,178.0,-3.0,82.0,Evil_Twin
80.0,-1.0,0.0,0.0,2.0,0.0,178.0,-12.0,88.0,Evil_Twin
80.0,4.0,0.0,0.0,-2.0,0.0,0.0,-17.0,85.0,Evil_Twin
70.0,-1.0,0.0,0.0,0.0,0.0,178.0,-1.0,81.0,Evil_Twin
80.0,0.0,-1.0,0.0,0.0,-1.0,37.0,-32.0,85.0,Evil_Twin
60.0,1.0,-1.0,0.0,0.0,-1.0,0.0,-28.0,80.0,Evil_Twin
60.0,0.0,0.0,0.0,0.0,0.0,27.0,-4.0,81.0,Evil_Twin
80.0,0.0,0.0,0.0,0.0,0.0,174.0,-20.0,81.0,Evil_Twin
80.0,-2.0,0.0,0.0,-1.0,0.0,178.0,-3.0,80.0,Evil_Twin
80.0,1.0,0.0,0.0,-1.0,0.0,0.0,-6.0,84.0,Evil_Twin
50.0,0.0,0.0,4.0,0.0,0.0,-2.0,-200.0,-200.0,Evil_Twin
80.0,-2.0,0.0,0.0,0.0,0.0,178.0,-22.0,80.0,Evil_Twin
80.0,2.0,0.0,0.0,0.0,0.0,0.0,7.0,85.0,Evil_Twin
80.0,0.0,0.0,0.0,0.0,0.0,0.0,4.0,79.0,Evil_Twin
0.0,0.0,0.0,0.0,-1.0,0.0,-3.0,-200.0,-200.0,Evil_Twin
60.0,0.0,0.0,0.0,-2.0,-1.0,0.0,-7.0,82.0,Evil_Twin
70.0,-2.0,0.0,0.0,-1.0,-1.0,178.0,-27.0,80.0,Evil_Twin
80.0,0.0,0.0,0.0,0.0,0.0,25.0,-8.0,83.0,Evil_Twin
80.0,0.0,0.0,0.0,0.0,0.0,-159.0,3.0,81.0,Evil_Twin
80.0,0.0,0.0,-1.0,0.0,0.0,0.0,4.0,105.0,Evil_Twin
70.0,0.0,0.0,0.0,0.0,0.0,0.0,-2.0,86.0,Evil_Twin
80.0,0.0,0.0,0.0,1.0,0.0,0.0,10.0,80.0,Evil_Twin
80.0,0.0,0.0,0.0,-4.0,-1.0,0.0,-12.0,84.0,Evil_Twin
80.0,1.0,0.0,0.0,-8.0,0.0,0.0,-8.0,86.0,Evil_Twin
70.0,2.0,0.0,0.0,0.0,-1.0,0.0,24.0,77.0,Evil_Twin
80.0,2.0,0.0,0.0,-1.0,-2.0,0.0,-16.0,90.0,Evil_Twin
80.0,0.0,0.0,0.0,0.0,0.0,178.0,-21.0,82.0,Evil_Twin
80.0,3.0,0.0,0.0,0.0,0.0,0.0,-16.0,82.0,Evil_Twin
70.0,0.0,0.0,0.0,0.0,0.0,0.0,-4.0,83.0,Evil_Twin
80.0,-2.0,0.0,0.0,0.0,0.0,179.0,-5.0,86.0,Evil_Twin
90.0,0.0,0.0,2.0,0.0,0.0,0.0,-10.0,103.0,Evil_Twin
80.0,2.0,0.0,0.0,-1.0,-1.0,0.0,14.0,80.0,Evil_Twin
80.0,1.0,-1.0,0.0,0.0,0.0,178.0,-12.0,83.0,Evil_Twin
70.0,-2.0,0.0,0.0,-1.0,0.0,178.0,1.0,77.0,Evil_Twin
60.0,2.0,0.0,0.0,-1.0,-1.0,0.0,-8.0,78.0,Evil_Twin
60.0,0.0,-1.0,0.0,0.0,-1.0,0.0,-15.0,77.0,Evil_Twin
80.0,1.0,0.0,0.0,-1.0,0.0,0.0,-12.0,85.0,Evil_Twin
70.0,-2.0,0.0,0.0,0.0,-2.0,0.0,25.0,78.0,Evil_Twin
70.0,-2.0,0.0,0.0,-1.0,0.0,178.0,-25.0,76.0,Evil_Twin
80.0,2.0,0.0,0.0,-1.0,0.0,0.0,-19.0,88.0,Evil_Twin
80.0,2.0,0.0,0.0,-1.0,0.0,0.0,-44.0,74.0,Evil_Twin
80.0,1.0,-1.0,0.0,-1.0,0.0,0.0,-12.0,82.0,Evil_Twin
80.0,-1.0,0.0,0.0,0.0,-1.0,179.0,-5.0,85.0,Evil_Twin
80.0,0.0,0.0,0.0,0.0,0.0,31.0,-8.0,83.0,Evil_Twin
80.0,0.0,1.0,0.0,0.0,0.0,-144.0,26.0,92.0,Evil_Twin
80.0,0.0,0.0,0.0,0.0,0.0,85.0,-7.0,81.0,Evil_Twin
80.0,-1.0,0.0,0.0,0.0,2.0,179.0,-18.0,82.0,Evil_Twin
70.0,0.0,-1.0,0.0,0.0,0.0,1.0,-6.0,78.0,Evil_Twin
70.0,0.0,0.0,0.0,-1.0,1.0,0.0,1.0,79.0,Evil_Twin
60.0,0.0,0.0,0.0,0.0,0.0,125.0,-12.0,79.0,Evil_Twin
80.0,0.0,0.0,0.0,0.0,0.0,13.0,24.0,82.0,Evil_Twin
80.0,-1.0,0.0,0.0,0.0,-1.0,179.0,6.0,82.0,Evil_Twin
80.0,1.0,0.0,0.0,0.0,0.0,0.0,-12.0,84.0,Evil_Twin
70.0,0.0,0.0,0.0,0.0,0.0,0.0,-10.0,85.0,Evil_Twin
80.0,-2.0,0.0,0.0,-1.0,-1.0,178.0,20.0,82.0,Evil_Twin
60.0,0.0,0.0,0.0,0.0,0.0,0.0,5.0,79.0,Evil_Twin
80.0,0.0,0.0,0.0,-1.0,-1.0,0.0,-9.0,83.0,Evil_Twin
70.0,2.0,0.0,0.0,-8.0,0.0,0.0,-22.0,86.0,Evil_Twin
80.0,2.0,0.0,0.0,-1.0,0.0,0.0,-30.0,80.0,Evil_Twin
60.0,2.0,0.0,0.0,-1.0,0.0,0.0,-6.0,81.0,Evil_Twin
80.0,0.0,0.0,0.0,0.0,0.0,0.0,-5.0,85.0,Evil_Twin
80.0,0.0,0.0,0.0,0.0,0.0,-3.0,-200.0,-200.0,Evil_Twin
0.0,0.0,0.0,1.0,0.0,1.0,-7.0,-200.0,-200.0,Evil_Twin
70.0,1.0,0.0,0.0,-9.0,0.0,0.0,-18.0,81.0,Evil_Twin
80.0,0.0,0.0,0.0,0.0,0.0,0.0,-4.0,84.0,Evil_Twin
80.0,0.0,0.0,0.0,-1.0,0.0,74.0,1.0,82.0,Evil_Twin
60.0,0.0,0.0,0.0,0.0,0.0,-144.0,-3.0,79.0,Evil_Twin
80.0,2.0,0.0,0.0,0.0,-2.0,0.0,-4.0,81.0,Evil_Twin
60.0,0.0,0.0,0.0,0.0,0.0,-3.0,-200.0,-200.0,Evil_Twin
80.0,0.0,-1.0,0.0,0.0,0.0,0.0,-9.0,82.0,Evil_Twin
80.0,2.0,-1.0,0.0,-1.0,-1.0,0.0,-17.0,79.0,Evil_Twin
70.0,0.0,0.0,0.0,-1.0,0.0,0.0,-12.0,82.0,Evil_Twin
70.0,-2.0,0.0,0.0,-1.0,0.0,174.0,-8.0,78.0,Evil_Twin
80.0,0.0,0.0,0.0,0.0,0.0,18.0,-4.0,81.0,Evil_Twin
60.0,0.0,0.0,4.0,0.0,0.0,-3.0,-200.0,-200.0,Evil_Twin
60.0,0.0,0.0,0.0,0.0,0.0,0.0,3.0,81.0,Evil_Twin
80.0,2.0,-1.0,0.0,-1.0,-1.0,0.0,-17.0,79.0,Evil_Twin
80.0,0.0,0.0,0.0,0.0,-1.0,178.0,-10.0,80.0,Evil_Twin
80.0,0.0,0.0,0.0,0.0,0.0,0.0,-7.0,82.0,Evil_Twin
70.0,0.0,0.0,0.0,-1.0,0.0,0.0,-4.0,81.0,Evil_Twin
70.0,2.0,0.0,0.0,0.0,0.0,178.0,0.0,78.0,Evil_Twin
20.0,0.0,0.0,4.0,0.0,0.0,-1.0,-200.0,-200.0,Evil_Twin
60.0,0.0,-1.0,0.0,-3.0,3.0,0.0,27.0,77.0,Evil_Twin
80.0,0.0,0.0,0.0,0.0,0.0,178.0,-18.0,83.0,Evil_Twin
70.0,0.0,0.0,0.0,0.0,-1.0,0.0,26.0,80.0,Evil_Twin
60.0,1.0,-1.0,0.0,-1.0,0.0,0.0,-23.0,81.0,Evil_Twin
80.0,-1.0,0.0,0.0,0.0,0.0,175.0,2.0,81.0,Evil_Twin
80.0,0.0,0.0,0.0,0.0,0.0,-40.0,4.0,84.0,Evil_Twin
60.0,-1.0,0.0,0.0,0.0,0.0,178.0,-17.0,80.0,Evil_Twin
80.0,0.0,0.0,0.0,0.0,1.0,178.0,-20.0,83.0,Evil_Twin
80.0,0.0,-2.0,0.0,0.0,-1.0,1.0,-2.0,84.0,Evil_Twin
60.0,0.0,0.0,0.0,-1.0,0.0,0.0,-15.0,83.0,Evil_Twin
60.0,1.0,0.0,0.0,-8.0,-2.0,0.0,10.0,81.0,Evil_Twin
80.0,0.0,0.0,0.0,0.0,-1.0,-133.0,6.0,83.0,Evil_Twin
80.0,0.0,0.0,0.0,-9.0,0.0,178.0,-8.0,82.0,Evil_Twin
80.0,0.0,0.0,1.0,0.0,0.0,0.0,20.0,87.0,Evil_Twin
80.0,0.0,0.0,0.0,0.0,0.0,0.0,8.0,81.0,Evil_Twin
70.0,0.0,-2.0,0.0,0.0,0.0,178.0,-17.0,78.0,Evil_Twin
80.0,0.0,0.0,0.0,0.0,1.0,0.0,-4.0,83.0,Evil_Twin
80.0,2.0,0.0,0.0,-1.0,0.0,0.0,27.0,80.0,Evil_Twin
70.0,0.0,0.0,0.0,0.0,0.0,0.0,14.0,81.0,Evil_Twin
80.0,0.0,0.0,0.0,0.0,0.0,178.0,2.0,83.0,Evil_Twin
80.0,0.0,0.0,0.0,1.0,3.0,178.0,-13.0,82.0,Evil_Twin
80.0,-1.0,1.0,0.0,-1.0,-1.0,179.0,-20.0,81.0,Evil_Twin
60.0,0.0,0.0,0.0,0.0,0.0,0.0,-2.0,82.0,Evil_Twin
80.0,2.0,0.0,0.0,-1.0,-1.0,0.0,23.0,77.0,Evil_Twin
80.0,-2.0,-2.0,0.0,6.0,-1.0,37.0,-31.0,89.0,Evil_Twin
80.0,0.0,0.0,0.0,-8.0,0.0,178.0,6.0,83.0,Evil_Twin
70.0,2.0,0.0,0.0,-2.0,-1.0,0.0,26.0,81.0,Evil_Twin
0.0,0.0,0.0,3.0,0.0,0.0,-1.0,-200.0,-200.0,Evil_Twin
80.0,-2.0,0.0,0.0,0.0,0.0,178.0,17.0,80.0,Evil_Twin
60.0,0.0,0.0,0.0,0.0,0.0,0.0,-9.0,85.0,Evil_Twin
80.0,0.0,0.0,0.0,-1.0,0.0,0.0,-5.0,84.0,Evil_Twin
60.0,1.0,-1.0,0.0,-1.0,0.0,0.0,-14.0,83.0,Evil_Twin
80.0,1.0,0.0,0.0,-2.0,0.0,0.0,-3.0,85.0,Evil_Twin
80.0,0.0,0.0,0.0,-8.0,0.0,178.0,5.0,82.0,Evil_Twin
60.0,0.0,-1.0,0.0,0.0,0.0,0.0,-6.0,84.0,Evil_Twin
80.0,0.0,0.0,-2.0,0.0,0.0,178.0,-12.0,94.0,Evil_Twin
70.0,0.0,0.0,0.0,-1.0,0.0,86.0,2.0,82.0,Evil_Twin
80.0,-2.0,0.0,0.0,0.0,0.0,178.0,4.0,65.0,Evil_Twin
80.0,-4.0,0.0,0.0,0.0,0.0,178.0,4.0,83.0,Evil_Twin
0.0,-1.0,0.0,0.0,-1.0,0.0,-2.0,-200.0,-200.0,Evil_Twin
70.0,0.0,0.0,0.0,-1.0,0.0,0.0,-9.0,82.0,Evil_Twin
60.0,0.0,-1.0,0.0,0.0,-1.0,0.0,9.0,81.0,Evil_Twin
100.0,0.0,0.0,0.0,0.0,0.0,178.0,-15.0,113.0,Evil_Twin
60.0,1.0,0.0,0.0,-1.0,-1.0,178.0,5.0,82.0,Evil_Twin
80.0,-1.0,0.0,0.0,0.0,0.0,178.0,3.0,81.0,Evil_Twin
70.0,2.0,-1.0,0.0,-1.0,-1.0,0.0,-10.0,72.0,Evil_Twin
80.0,0.0,1.0,0.0,-1.0,-1.0,-144.0,26.0,84.0,Evil_Twin
80.0,1.0,1.0,0.0,-1.0,0.0,-144.0,12.0,84.0,Evil_Twin
70.0,2.0,0.0,0.0,0.0,0.0,178.0,0.0,78.0,Evil_Twin
80.0,-1.0,0.0,0.0,0.0,0.0,178.0,12.0,80.0,Evil_Twin
80.0,0.0,0.0,0.0,-3.0,0.0,0.0,14.0,82.0,Evil_Twin
80.0,-3.0,-2.0,0.0,7.0,0.0,37.0,-33.0,96.0,Evil_Twin
60.0,0.0,0.0,0.0,-1.0,0.0,0.0,-4.0,83.0,Evil_Twin
60.0,2.0,0.0,0.0,-1.0,-1.0,0.0,21.0,77.0,Evil_Twin
60.0,0.0,0.0,0.0,-8.0,0.0,0.0,-5.0,82.0,Evil_Twin
70.0,0.0,0.0,0.0,0.0,0.0,0.0,-19.0,76.0,Evil_Twin
70.0,0.0,-1.0,0.0,0.0,0.0,178.0,10.0,81.0,Evil_Twin
80.0,0.0,-2.0,0.0,0.0,0.0,0.0,-27.0,83.0,Evil_Twin
80.0,0.0,0.0,0.0,0.0,-1.0,15.0,9.0,82.0,Evil_Twin
80.0,2.0,0.0,0.0,-8.0,0.0,0.0,0.0,83.0,Evil_Twin
60.0,-2.0,0.0,0.0,0.0,0.0,177.0,-4.0,79.0,Evil_Twin
80.0,-2.0,0.0,0.0,-1.0,-1.0,178.0,-14.0,88.0,Evil_Twin
70.0,0.0,0.0,0.0,0.0,0.0,178.0,0.0,82.0,Evil_Twin
70.0,-2.0,0.0,0.0,-1.0,0.0,178.0,-40.0,67.0,Evil_Twin
70.0,0.0,0.0,0.0,0.0,0.0,0.0,-1.0,88.0,Evil_Twin
80.0,0.0,0.0,0.0,0.0,0.0,0.0,-6.0,81.0,Evil_Twin
60.0,0.0,0.0,0.0,0.0,0.0,-29.0,9.0,81.0,Evil_Twin
80.0,-1.0,0.0,0.0,-2.0,0.0,175.0,4.0,80.0,Evil_Twin
80.0,0.0,0.0,0.0,0.0,-1.0,0.0,9.0,85.0,Evil_Twin
80.0,2.0,0.0,0.0,-1.0,-1.0,0.0,-9.0,90.0,Evil_Twin
80.0,0.0,1.0,0.0,0.0,-1.0,178.0,6.0,81.0,Evil_Twin
80.0,0.0,0.0,0.0,0.0,0.0,0.0,-3.0,85.0,Evil_Twin
80.0,0.0,0.0,0.0,0.0,0.0,178.0,-5.0,83.0,Evil_Twin
90.0,0.0,0.0,1.0,0.0,0.0,0.0,17.0,98.0,Evil_Twin
30.0,0.0,0.0,4.0,0.0,0.0,-2.0,-200.0,-200.0,Evil_Twin
80.0,2.0,0.0,0.0,1.0,-2.0,37.0,-26.0,94.0,Evil_Twin
80.0,0.0,0.0,0.0,0.0,0.0,178.0,4.0,83.0,Evil_Twin
80.0,2.0,-1.0,0.0,-1.0,-1.0,0.0,-10.0,85.0,Evil_Twin
80.0,0.0,0.0,0.0,0.0,1.0,0.0,-8.0,82.0,Evil_Twin
80.0,-2.0,0.0,0.0,-1.0,0.0,178.0,5.0,76.0,Evil_Twin
80.0,0.0,-1.0,0.0,-1.0,0.0,0.0,-11.0,83.0,Evil_Twin
60.0,-1.0,0.0,0.0,0.0,0.0,174.0,-4.0,81.0,Evil_Twin
70.0,1.0,0.0,0.0,-9.0,0.0,0.0,-10.0,79.0,Evil_Twin
80.0,-3.0,0.0,0.0,1.0,-1.0,179.0,18.0,81.0,Evil_Twin
80.0,-2.0,0.0,0.0,-1.0,0.0,175.0,-3.0,80.0,Evil_Twin
60.0,0.0,0.0,0.0,0.0,0.0,0.0,1.0,79.0,Evil_Twin
60.0,0.0,0.0,0.0,0.0,-1.0,178.0,4.0,81.0,Evil_Twin
80.0,0.0,0.0,0.0,0.0,0.0,0.0,19.0,84.0,Evil_Twin
80.0,0.0,0.0,0.0,-2.0,-2.0,178.0,-5.0,80.0,Evil_Twin
80.0,-3.0,0.0,0.0,-8.0,0.0,178.0,-3.0,80.0,Evil_Twin
70.0,0.0,0.0,0.0,-1.0,0.0,0.0,-7.0,84.0,Evil_Twin
80.0,2.0,-1.0,0.0,-1.0,-1.0,0.0,-17.0,79.0,Evil_Twin
60.0,1.0,0.0,0.0,0.0,1.0,0.0,3.0,82.0,Evil_Twin
70.0,0.0,0.0,0.0,0.0,0.0,56.0,-4.0,82.0,Evil_Twin
80.0,-1.0,-1.0,0.0,-2.0,1.0,178.0,-16.0,84.0,Evil_Twin
60.0,1.0,0.0,0.0,0.0,0.0,0.0,0.0,80.0,Evil_Twin
80.0,0.0,0.0,0.0,0.0,0.0,178.0,-7.0,84.0,Evil_Twin
80.0,0.0,0.0,0.0,0.0,0.0,178.0,0.0,79.0,Evil_Twin
60.0,0.0,0.0,0.0,0.0,0.0,18.0,-3.0,83.0,Evil_Twin
70.0,0.0,0.0,0.0,0.0,0.0,0.0,-7.0,83.0,Evil_Twin
70.0,0.0,0.0,2.0,0.0,0.0,-2.0,-200.0,-200.0,Evil_Twin
80.0,-2.0,0.0,0.0,0.0,-1.0,178.0,24.0,81.0,Evil_Twin
80.0,0.0,0.0,0.0,1.0,0.0,178.0,-7.0,81.0,Evil_Twin
60.0,1.0,-1.0,0.0,-4.0,-5.0,0.0,-28.0,81.0,Evil_Twin
70.0,1.0,0.0,0.0,-1.0,-1.0,0.0,10.0,77.0,Evil_Twin
70.0,0.0,0.0,0.0,0.0,0.0,178.0,3.0,81.0,Evil_Twin
60.0,-2.0,0.0,0.0,-1.0,-1.0,178.0,6.0,78.0,Evil_Twin
80.0,0.0,0.0,0.0,0.0,0.0,124.0,-15.0,83.0,Evil_Twin
70.0,2.0,0.0,0.0,-1.0,0.0,0.0,0.0,84.0,Evil_Twin
70.0,0.0,0.0,0.0,0.0,-1.0,0.0,-14.0,85.0,Evil_Twin
80.0,0.0,0.0,0.0,-1.0,0.0,178.0,-5.0,79.0,Evil_Twin
70.0,0.0,0.0,0.0,0.0,0.0,68.0,-7.0,81.0,Evil_Twin
80.0,0.0,0.0,0.0,0.0,0.0,178.0,-7.0,81.0,Evil_Twin
70.0,0.0,0.0,0.0,0.0,0.0,178.0,7.0,75.0,Evil_Twin
80.0,0.0,0.0,0.0,0.0,0.0,0.0,-10.0,82.0,Evil_Twin
70.0,2.0,0.0,0.0,-1.0,-1.0,0.0,-11.0,88.0,Evil_Twin
60.0,0.0,0.0,0.0,0.0,0.0,-3.0,18.0,79.0,Evil_Twin
90.0,0.0,0.0,0.0,0.0,-1.0,0.0,-16.0,110.0,Evil_Twin
90.0,0.0,0.0,1.0,0.0,0.0,0.0,-1.0,92.0,Evil_Twin
80.0,-2.0,0.0,0.0,-1.0,-1.0,178.0,16.0,82.0,Evil_Twin
80.0,2.0,0.0,0.0,0.0,0.0,0.0,18.0,77.0,Evil_Twin
60.0,0.0,0.0,0.0,0.0,0.0,-3.0,-200.0,-200.0,Evil_Twin
80.0,2.0,0.0,0.0,0.0,-2.0,0.0,-16.0,91.0,Evil_Twin
80.0,0.0,1.0,0.0,-1.0,-1.0,178.0,-22.0,83.0,Evil_Twin
80.0,0.0,0.0,0.0,0.0,-1.0,27.0,-8.0,83.0,Evil_Twin
80.0,2.0,0.0,0.0,-1.0,-1.0,1.0,30.0,82.0,Evil_Twin
80.0,0.0,0.0,0.0,0.0,0.0,-89.0,-3.0,83.0,Evil_Twin
60.0,0.0,0.0,0.0,0.0,0.0,178.0,-14.0,80.0,Evil_Twin
80.0,0.0,0.0,0.0,-1.0,0.0,0.0,-14.0,82.0,Evil_Twin
80.0,0.0,0.0,0.0,0.0,0.0,-144.0,-12.0,83.0,Evil_Twin
60.0,0.0,0.0,0.0,1.0,-1.0,0.0,-5.0,84.0,Evil_Twin
80.0,0.0,0.0,0.0,0.0,0.0,113.0,-12.0,82.0,Evil_Twin
80.0,0.0,-1.0,0.0,-1.0,-1.0,0.0,-13.0,80.0,Evil_Twin
70.0,0.0,0.0,0.0,0.0,0.0,-13.0,-1.0,83.0,Evil_Twin
60.0,0.0,0.0,0.0,0.0,1.0,0.0,-18.0,85.0,Evil_Twin
60.0,2.0,0.0,0.0,-1.0,-1.0,0.0,-26.0,71.0,Evil_Twin
0.0,0.0,0.0,4.0,0.0,0.0,-3.0,-200.0,-200.0,Evil_Twin
80.0,-2.0,0.0,0.0,-1.0,0.0,178.0,0.0,83.0,Evil_Twin
60.0,-2.0,0.0,0.0,-1.0,-1.0,178.0,-28.0,82.0,Evil_Twin
70.0,0.0,0.0,0.0,0.0,0.0,-19.0,0.0,82.0,Evil_Twin
80.0,0.0,0.0,0.0,0.0,0.0,172.0,-24.0,82.0,Evil_Twin
80.0,-1.0,0.0,0.0,0.0,-1.0,179.0,6.0,82.0,Evil_Twin
80.0,0.0,0.0,0.0,-1.0,0.0,0.0,-4.0,83.0,Evil_Twin
60.0,0.0,1.0,0.0,0.0,-1.0,179.0,-7.0,81.0,Evil_Twin
80.0,-1.0,0.0,0.0,-8.0,0.0,178.0,-5.0,82.0,Evil_Twin
60.0,0.0,0.0,0.0,0.0,0.0,0.0,-7.0,80.0,Evil_Twin
80.0,2.0,0.0,0.0,-1.0,-1.0,0.0,27.0,82.0,Evil_Twin
60.0,2.0,0.0,0.0,-1.0,0.0,0.0,-32.0,74.0,Evil_Twin
80.0,0.0,0.0,0.0,0.0,0.0,-3.0,-200.0,-200.0,Evil_Twin
80.0,0.0,0.0,0.0,0.0,0.0,0.0,-2.0,85.0,Evil_Twin
70.0,1.0,-1.0,0.0,2.0,-1.0,0.0,14.0,82.0,Evil_Twin
80.0,0.0,0.0,0.0,0.0,0.0,179.0,-8.0,83.0,Evil_Twin
70.0,-2.0,0.0,0.0,-1.0,0.0,178.0,-3.0,77.0,Evil_Twin
80.0,-2.0,0.0,0.0,0.0,0.0,178.0,-12.0,81.0,Evil_Twin
80.0,0.0,0.0,0.0,0.0,0.0,22.0,-9.0,87.0,Evil_Twin
0.0,0.0,0.0,3.0,0.0,0.0,-6.0,-200.0,-200.0,Evil_Twin
80.0,2.0,0.0,0.0,-1.0,0.0,0.0,29.0,80.0,Evil_Twin
80.0,0.0,0.0,0.0,0.0,0.0,-62.0,11.0,83.0,Evil_Twin
80.0,4.0,0.0,0.0,1.0,0.0,0.0,-15.0,82.0,Evil_Twin
80.0,2.0,0.0,0.0,-1.0,0.0,0.0,-30.0,81.0,Evil_Twin
80.0,0.0,-1.0,0.0,-1.0,-1.0,0.0,-15.0,81.0,Evil_Twin
80.0,2.0,0.0,0.0,-1.0,-1.0,37.0,-36.0,91.0,Evil_Twin
60.0,-2.0,0.0,0.0,-2.0,1.0,178.0,-7.0,83.0,Evil_Twin
0.0,0.0,0.0,4.0,0.0,0.0,-3.0,-200.0,-200.0,Evil_Twin
80.0,1.0,0.0,0.0,0.0,0.0,178.0,-1.0,81.0,Evil_Twin
80.0,1.0,-1.0,0.0,-1.0,0.0,1.0,16.0,83.0,Evil_Twin
60.0,2.0,0.0,0.0,-1.0,1.0,0.0,11.0,77.0,Evil_Twin
80.0,2.0,0.0,0.0,0.0,0.0,0.0,17.0,83.0,Evil_Twin
80.0,0.0,0.0,0.0,0.0,1.0,1.0,-4.0,81.0,Evil_Twin
80.0,0.0,0.0,0.0,0.0,0.0,0.0,0.0,83.0,Evil_Twin
60.0,3.0,0.0,0.0,-8.0,0.0,0.0,4.0,82.0,Evil_Twin
70.0,0.0,0.0,0.0,0.0,0.0,178.0,2.0,82.0,Evil_Twin
70.0,-2.0,0.0,0.0,0.0,0.0,174.0,1.0,80.0,Evil_Twin
80.0,1.0,0.0,0.0,0.0,0.0,0.0,-7.0,83.0,Evil_Twin
80.0,0.0,0.0,0.0,0.0,0.0,154.0,-14.0,80.0,Evil_Twin
70.0,0.0,0.0,0.0,0.0,1.0,0.0,2.0,80.0,Evil_Twin
80.0,-1.0,1.0,0.0,3.0,0.0,178.0,12.0,85.0,Evil_Twin
70.0,0.0,0.0,0.0,0.0,0.0,178.0,-5.0,82.0,Evil_Twin
80.0,0.0,0.0,0.0,-11.0,0.0,0.0,-1.0,87.0,Evil_Twin
60.0,0.0,0.0,0.0,0.0,0.0,0.0,-8.0,82.0,Evil_Twin
70.0,0.0,-2.0,0.0,-1.0,-2.0,0.0,25.0,80.0,Evil_Twin
70.0,-2.0,0.0,0.0,-1.0,0.0,178.0,15.0,78.0,Evil_Twin
60.0,0.0,0.0,0.0,0.0,0.0,0.0,-2.0,83.0,Evil_Twin
60.0,0.0,0.0,0.0,-1.0,0.0,0.0,-3.0,82.0,Evil_Twin
80.0,-2.0,0.0,0.0,0.0,0.0,178.0,-8.0,80.0,Evil_Twin
60.0,0.0,0.0,0.0,0.0,0.0,0.0,-12.0,85.0,Evil_Twin
80.0,0.0,0.0,0.0,0.0,0.0,8.0,-6.0,83.0,Evil_Twin
70.0,0.0,0.0,0.0,0.0,-1.0,0.0,-18.0,85.0,Evil_Twin
80.0,1.0,0.0,0.0,0.0,0.0,0.0,-8.0,83.0,Evil_Twin
60.0,2.0,0.0,0.0,-1.0,0.0,0.0,-1.0,75.0,Evil_Twin
70.0,0.0,0.0,0.0,0.0,0.0,0.0,-7.0,83.0,Evil_Twin
80.0,-3.0,0.0,0.0,-7.0,0.0,179.0,-10.0,85.0,Evil_Twin
80.0,0.0,0.0,0.0,0.0,2.0,0.0,-5.0,82.0,Evil_Twin
80.0,-2.0,0.0,0.0,0.0,0.0,178.0,0.0,79.0,Evil_Twin
60.0,0.0,1.0,0.0,-1.0,-1.0,178.0,-14.0,82.0,Evil_Twin
80.0,2.0,-1.0,0.0,-1.0,-1.0,0.0,-13.0,84.0,Evil_Twin
80.0,-2.0,0.0,0.0,0.0,0.0,178.0,8.0,81.0,Evil_Twin
80.0,0.0,0.0,0.0,0.0,0.0,-3.0,9.0,84.0,Evil_Twin
60.0,0.0,0.0,0.0,-7.0,2.0,0.0,-13.0,79.0,Evil_Twin
80.0,0.0,0.0,0.0,0.0,0.0,178.0,-9.0,83.0,Evil_Twin
80.0,1.0,-1.0,0.0,-1.0,-1.0,0.0,-13.0,83.0,Evil_Twin
80.0,2.0,0.0,0.0,-1.0,0.0,0.0,-2.0,83.0,Evil_Twin
80.0,2.0,0.0,0.0,0.0,0.0,0.0,2.0,85.0,Evil_Twin
80.0,-4.0,0.0,0.0,1.0,-1.0,177.0,3.0,79.0,Evil_Twin
80.0,0.0,0.0,0.0,0.0,0.0,0.0,-6.0,84.0,Evil_Twin
70.0,0.0,0.0,0.0,0.0,0.0,16.0,-7.0,83.0,Evil_Twin
80.0,0.0,0.0,0.0,0.0,3.0,0.0,-14.0,84.0,Evil_Twin
60.0,-2.0,0.0,0.0,0.0,0.0,178.0,-14.0,101.0,Evil_Twin
80.0,0.0,0.0,0.0,-2.0,1.0,-3.0,4.0,82.0,Evil_Twin
80.0,1.0,0.0,0.0,0.0,-1.0,0.0,-7.0,83.0,Evil_Twin
80.0,4.0,0.0,0.0,0.0,0.0,0.0,-14.0,81.0,Evil_Twin
80.0,0.0,-1.0,0.0,0.0,0.0,0.0,-8.0,82.0,Evil_Twin
70.0,0.0,0.0,0.0,0.0,0.0,178.0,2.0,80.0,Evil_Twin
80.0,0.0,0.0,0.0,0.0,0.0,178.0,-21.0,83.0,Evil_Twin
80.0,0.0,0.0,0.0,0.0,0.0,43.0,-6.0,83.0,Evil_Twin
60.0,1.0,0.0,0.0,0.0,1.0,0.0,-5.0,82.0,Evil_Twin
60.0,1.0,0.0,0.0,0.0,1.0,0.0,3.0,82.0,Evil_Twin
80.0,0.0,-1.0,0.0,0.0,-1.0,0.0,-14.0,82.0,Evil_Twin
80.0,0.0,0.0,0.0,0.0,1.0,-4.0,18.0,83.0,Evil_Twin
70.0,0.0,0.0,0.0,2.0,0.0,178.0,4.0,77.0,Evil_Twin
70.0,-2.0,0.0,0.0,0.0,0.0,178.0,-1.0,81.0,Evil_Twin
70.0,0.0,-1.0,0.0,0.0,0.0,0.0,-10.0,80.0,Evil_Twin
70.0,1.0,0.0,0.0,-1.0,0.0,0.0,-6.0,82.0,Evil_Twin
80.0,1.0,-1.0,0.0,0.0,0.0,0.0,-11.0,84.0,Evil_Twin
60.0,0.0,0.0,0.0,0.0,0.0,-60.0,6.0,81.0,Evil_Twin
70.0,0.0,0.0,0.0,0.0,0.0,0.0,-3.0,86.0,Evil_Twin
60.0,-1.0,1.0,0.0,0.0,0.0,179.0,10.0,83.0,Evil_Twin
60.0,0.0,0.0,0.0,0.0,0.0,0.0,6.0,81.0,Evil_Twin
80.0,2.0,0.0,0.0,-1.0,-1.0,1.0,-19.0,85.0,Evil_Twin
80.0,0.0,0.0,0.0,0.0,0.0,-106.0,4.0,85.0,Evil_Twin
80.0,0.0,0.0,0.0,0.0,0.0,178.0,2.0,83.0,Evil_Twin
60.0,0.0,0.0,0.0,0.0,0.0,-155.0,-4.0,84.0,Evil_Twin
80.0,0.0,0.0,0.0,0.0,0.0,0.0,-4.0,81.0,Evil_Twin
70.0,1.0,0.0,0.0,-1.0,0.0,0.0,-5.0,81.0,Evil_Twin
70.0,0.0,0.0,0.0,0.0,0.0,178.0,-4.0,81.0,Evil_Twin
60.0,0.0,0.0,0.0,0.0,-2.0,178.0,-5.0,83.0,Evil_Twin
80.0,3.0,0.0,0.0,-8.0,0.0,0.0,-17.0,83.0,Evil_Twin
80.0,0.0,0.0,0.0,0.0,0.0,-100.0,2.0,81.0,Evil_Twin
80.0,-1.0,-1.0,0.0,0.0,0.0,178.0,-19.0,80.0,Evil_Twin
60.0,0.0,0.0,0.0,0.0,0.0,-3.0,-200.0,-200.0,Evil_Twin
60.0,0.0,0.0,0.0,0.0,0.0,0.0,-6.0,81.0,Evil_Twin
80.0,0.0,0.0,0.0,0.0,0.0,71.0,-7.0,83.0,Evil_Twin
80.0,0.0,1.0,0.0,0.0,-1.0,178.0,-10.0,82.0,Evil_Twin
70.0,0.0,-1.0,0.0,0.0,0.0,0.0,-9.0,80.0,Evil_Twin
70.0,0.0,0.0,0.0,0.0,-1.0,179.0,-18.0,81.0,Evil_Twin
80.0,3.0,0.0,0.0,0.0,0.0,0.0,-6.0,88.0,Evil_Twin
80.0,0.0,0.0,1.0,0.0,0.0,0.0,20.0,87.0,Evil_Twin
80.0,0.0,0.0,0.0,0.0,0.0,178.0,-12.0,84.0,Evil_Twin
80.0,0.0,0.0,0.0,0.0,-1.0,178.0,-19.0,82.0,Evil_Twin
70.0,0.0,0.0,0.0,1.0,0.0,178.0,4.0,78.0,Evil_Twin
80.0,0.0,0.0,0.0,0.0,0.0,178.0,-4.0,81.0,Evil_Twin
80.0,0.0,0.0,0.0,0.0,0.0,97.0,-15.0,83.0,Evil_Twin
70.0,0.0,0.0,0.0,0.0,0.0,178.0,2.0,82.0,Evil_Twin
70.0,0.0,0.0,0.0,0.0,0.0,0.0,2.0,81.0,Evil_Twin
60.0,0.0,0.0,0.0,0.0,0.0,57.0,-6.0,80.0,Evil_Twin
60.0,0.0,0.0,0.0,-1.0,-1.0,0.0,-6.0,82.0,Evil_Twin
80.0,0.0,0.0,0.0,0.0,0.0,178.0,-3.0,83.0,Evil_Twin
70.0,0.0,0.0,0.0,0.0,0.0,99.0,-11.0,80.0,Evil_Twin
70.0,0.0,0.0,0.0,0.0,-1.0,0.0,-10.0,82.0,Evil_Twin
80.0,0.0,0.0,0.0,-2.0,-1.0,0.0,19.0,81.0,Evil_Twin
80.0,0.0,0.0,0.0,1.0,0.0,0.0,-11.0,81.0,Evil_Twin
70.0,0.0,0.0,0.0,-1.0,1.0,0.0,-5.0,82.0,Evil_Twin
70.0,-2.0,0.0,0.0,-1.0,0.0,178.0,-8.0,82.0,Evil_Twin
70.0,-1.0,1.0,0.0,0.0,-1.0,179.0,-13.0,77.0,Evil_Twin
80.0,0.0,1.0,0.0,0.0,0.0,178.0,-8.0,83.0,Evil_Twin
0.0,0.0,0.0,3.0,0.0,0.0,-3.0,-200.0,-200.0,Evil_Twin
80.0,0.0,0.0,0.0,0.0,-1.0,0.0,-8.0,91.0,Evil_Twin
60.0,-2.0,0.0,0.0,-1.0,-1.0,178.0,-38.0,72.0,Evil_Twin
50.0,0.0,0.0,0.0,0.0,0.0,-3.0,-200.0,-200.0,Evil_Twin
80.0,4.0,0.0,0.0,-3.0,0.0,0.0,-20.0,85.0,Evil_Twin
60.0,-2.0,0.0,0.0,-1.0,-1.0,178.0,3.0,85.0,Evil_Twin
70.0,0.0,0.0,0.0,-9.0,0.0,178.0,0.0,82.0,Evil_Twin
80.0,0.0,0.0,0.0,0.0,0.0,0.0,-7.0,84.0,Evil_Twin
60.0,2.0,0.0,0.0,-1.0,0.0,0.0,-1.0,75.0,Evil_Twin
80.0,0.0,0.0,0.0,0.0,0.0,-3.0,0.0,83.0,Evil_Twin
80.0,0.0,0.0,0.0,0.0,0.0,-144.0,6.0,83.0,Evil_Twin
80.0,-2.0,0.0,0.0,0.0,0.0,178.0,4.0,65.0,Evil_Twin
60.0,1.0,-1.0,0.0,-1.0,0.0,0.0,-7.0,83.0,Evil_Twin
70.0,0.0,0.0,0.0,0.0,0.0,-3.0,3.0,84.0,Evil_Twin
70.0,0.0,0.0,0.0,0.0,0.0,-95.0,0.0,80.0,Evil_Twin
80.0,0.0,1.0,0.0,0.0,0.0,-143.0,22.0,82.0,Evil_Twin
70.0,-2.0,0.0,0.0,-1.0,0.0,178.0,24.0,76.0,Evil_Twin
70.0,1.0,-1.0,0.0,3.0,-1.0,0.0,-25.0,82.0,Evil_Twin
80.0,0.0,0.0,0.0,0.0,0.0,178.0,0.0,82.0,Evil_Twin
70.0,0.0,-1.0,0.0,0.0,0.0,178.0,-16.0,81.0,Evil_Twin
60.0,4.0,1.0,0.0,0.0,0.0,178.0,8.0,80.0,Evil_Twin
60.0,0.0,0.0,0.0,0.0,0.0,0.0,-2.0,81.0,Evil_Twin
80.0,0.0,0.0,0.0,-3.0,0.0,0.0,14.0,82.0,Evil_Twin
70.0,0.0,0.0,0.0,0.0,0.0,0.0,-8.0,86.0,Evil_Twin
70.0,0.0,0.0,0.0,0.0,0.0,-162.0,7.0,80.0,Evil_Twin
80.0,0.0,0.0,0.0,-1.0,-1.0,0.0,-14.0,83.0,Evil_Twin
80.0,-1.0,-1.0,0.0,0.0,0.0,175.0,-11.0,83.0,Evil_Twin
30.0,0.0,0.0,4.0,0.0,0.0,-3.0,-200.0,-200.0,Evil_Twin
80.0,0.0,-1.0,0.0,0.0,2.0,175.0,-18.0,80.0,Evil_Twin
80.0,4.0,0.0,0.0,-2.0,0.0,0.0,-18.0,82.0,Evil_Twin
80.0,0.0,0.0,0.0,-1.0,0.0,0.0,-4.0,82.0,Evil_Twin
80.0,-1.0,1.0,0.0,2.0,-1.0,178.0,13.0,87.0,Evil_Twin
80.0,0.0,0.0,0.0,0.0,0.0,-3.0,-200.0,-200.0,Evil_Twin
80.0,0.0,0.0,0.0,2.0,0.0,0.0,12.0,83.0,Evil_Twin
70.0,0.0,0.0,0.0,-3.0,0.0,0.0,-5.0,81.0,Evil_Twin
80.0,0.0,0.0,1.0,0.0,0.0,0.0,-7.0,94.0,Evil_Twin
60.0,0.0,0.0,0.0,0.0,0.0,0.0,-5.0,83.0,Evil_Twin
80.0,0.0,0.0,0.0,0.0,-1.0,178.0,-4.0,83.0,Evil_Twin
80.0,0.0,0.0,0.0,-4.0,-3.0,0.0,20.0,80.0,Evil_Twin
60.0,1.0,0.0,0.0,0.0,0.0,177.0,-9.0,82.0,Evil_Twin
60.0,1.0,0.0,0.0,0.0,0.0,0.0,0.0,81.0,Evil_Twin
80.0,4.0,0.0,0.0,-7.0,0.0,0.0,-5.0,87.0,Evil_Twin
80.0,0.0,0.0,0.0,0.0,0.0,178.0,-3.0,80.0,Evil_Twin
80.0,0.0,0.0,0.0,0.0,0.0,0.0,-3.0,82.0,Evil_Twin
10.0,0.0,0.0,4.0,0.0,0.0,-7.0,-200.0,-200.0,Evil_Twin
80.0,0.0,0.0,0.0,8.0,-2.0,-144.0,19.0,88.0,Evil_Twin
70.0,3.0,0.0,0.0,0.0,0.0,0.0,-16.0,82.0,Evil_Twin
80.0,0.0,0.0,0.0,0.0,0.0,-42.0,15.0,85.0,Evil_Twin
70.0,-2.0,0.0,0.0,-1.0,0.0,178.0,-12.0,78.0,Evil_Twin
80.0,0.0,0.0,0.0,0.0,-1.0,0.0,-6.0,90.0,Evil_Twin
60.0,0.0,-1.0,0.0,0.0,0.0,0.0,9.0,81.0,Evil_Twin
70.0,2.0,-1.0,0.0,-1.0,-1.0,0.0,-25.0,93.0,Evil_Twin
80.0,0.0,0.0,0.0,0.0,0.0,0.0,-4.0,85.0,Evil_Twin
80.0,0.0,-2.0,0.0,0.0,1.0,1.0,2.0,84.0,Evil_Twin
60.0,1.0,0.0,0.0,-1.0,0.0,0.0,9.0,81.0,Evil_Twin
80.0,-2.0,0.0,0.0,-8.0,0.0,178.0,-10.0,84.0,Evil_Twin
70.0,2.0,0.0,0.0,-1.0,2.0,0.0,-4.0,78.0,Evil_Twin
70.0,-2.0,0.0,0.0,0.0,-1.0,178.0,-27.0,80.0,Evil_Twin
80.0,0.0,0.0,0.0,0.0,0.0,0.0,-1.0,84.0,Evil_Twin
80.0,0.0,0.0,0.0,-8.0,0.0,178.0,6.0,83.0,Evil_Twin
60.0,0.0,0.0,0.0,3.0,1.0,179.0,-8.0,81.0,Evil_Twin
80.0,0.0,0.0,0.0,0.0,0.0,0.0,7.0,82.0,Evil_Twin
80.0,2.0,0.0,0.0,-1.0,-1.0,0.0,-18.0,95.0,Evil_Twin
80.0,0.0,0.0,0.0,0.0,1.0,-8.0,18.0,80.0,Evil_Twin
80.0,0.0,0.0,0.0,0.0,0.0,158.0,-5.0,84.0,Evil_Twin
70.0,0.0,0.0,0.0,-1.0,0.0,0.0,10.0,80.0,Evil_Twin
80.0,0.0,0.0,0.0,0.0,-1.0,0.0,-27.0,83.0,Evil_Twin
80.0,0.0,0.0,0.0,-2.0,-3.0,0.0,-14.0,80.0,Evil_Twin
60.0,0.0,0.0,0.0,0.0,0.0,-144.0,-3.0,79.0,Evil_Twin
70.0,0.0,0.0,0.0,-2.0,-3.0,0.0,-23.0,82.0,Evil_Twin
70.0,1.0,0.0,0.0,-1.0,0.0,0.0,0.0,79.0,Evil_Twin
70.0,0.0,0.0,0.0,0.0,0.0,-3.0,11.0,82.0,Evil_Twin
80.0,1.0,-1.0,0.0,3.0,3.0,0.0,11.0,85.0,Evil_Twin
80.0,0.0,0.0,0.0,0.0,0.0,0.0,0.0,83.0,Evil_Twin
80.0,-2.0,0.0,0.0,0.0,0.0,179.0,12.0,80.0,Evil_Twin
60.0,-4.0,0.0,0.0,-6.0,0.0,178.0,-4.0,81.0,Evil_Twin
80.0,-2.0,0.0,0.0,-1.0,0.0,175.0,-1.0,82.0,Evil_Twin
80.0,0.0,0.0,0.0,0.0,0.0,-150.0,-20.0,81.0,Evil_Twin
60.0,-2.0,0.0,0.0,0.0,-1.0,179.0,-11.0,80.0,Evil_Twin
70.0,0.0,0.0,0.0,-9.0,0.0,178.0,0.0,82.0,Evil_Twin
80.0,0.0,0.0,0.0,0.0,-1.0,0.0,-23.0,84.0,Evil_Twin
80.0,0.0,0.0,0.0,-1.0,0.0,0.0,-6.0,83.0,Evil_Twin
80.0,0.0,0.0,0.0,0.0,0.0,178.0,-21.0,83.0,Evil_Twin
80.0,0.0,0.0,0.0,0.0,0.0,0.0,-2.0,86.0,Evil_Twin
60.0,0.0,0.0,0.0,-3.0,-1.0,0.0,6.0,81.0,Evil_Twin
70.0,0.0,0.0,0.0,0.0,0.0,0.0,-10.0,85.0,Evil_Twin
80.0,-2.0,0.0,0.0,-1.0,-1.0,178.0,-29.0,81.0,Evil_Twin
80.0,0.0,0.0,0.0,0.0,0.0,153.0,-26.0,81.0,Evil_Twin
80.0,0.0,0.0,0.0,0.0,0.0,179.0,-16.0,81.0,Evil_Twin
80.0,1.0,-1.0,0.0,0.0,-1.0,37.0,-17.0,83.0,Evil_Twin
60.0,0.0,0.0,0.0,0.0,0.0,-158.0,4.0,81.0,Evil_Twin
80.0,0.0,0.0,0.0,0.0,0.0,-112.0,-8.0,84.0,Evil_Twin
80.0,1.0,0.0,0.0,0.0,-1.0,0.0,-8.0,82.0,Evil_Twin
60.0,0.0,0.0,0.0,0.0,0.0,-49.0,-3.0,81.0,Evil_Twin
60.0,-2.0,0.0,0.0,-1.0,0.0,174.0,-11.0,81.0,Evil_Twin
80.0,0.0,0.0,0.0,-1.0,0.0,0.0,-12.0,85.0,Evil_Twin
80.0,4.0,0.0,0.0,-7.0,0.0,0.0,-5.0,87.0,Evil_Twin
80.0,0.0,0.0,0.0,-1.0,0.0,0.0,-7.0,81.0,Evil_Twin
70.0,0.0,0.0,0.0,-1.0,-1.0,178.0,-3.0,82.0,Evil_Twin
60.0,0.0,0.0,0.0,0.0,0.0,-3.0,-200.0,-200.0,Evil_Twin
80.0,0.0,0.0,0.0,0.0,1.0,1.0,-4.0,81.0,Evil_Twin
80.0,0.0,0.0,0.0,0.0,0.0,164.0,-8.0,84.0,Evil_Twin
80.0,1.0,1.0,0.0,-1.0,0.0,-144.0,12.0,84.0,Evil_Twin
80.0,0.0,0.0,0.0,0.0,0.0,0.0,-1.0,84.0,Evil_Twin
80.0,-4.0,0.0,0.0,-4.0,0.0,178.0,9.0,82.0,Evil_Twin
80.0,1.0,0.0,0.0,0.0,0.0,1.0,9.0,83.0,Evil_Twin
90.0,0.0,0.0,2.0,0.0,0.0,178.0,-17.0,108.0,Evil_Twin
80.0,0.0,0.0,0.0,0.0,-2.0,179.0,-7.0,78.0,Evil_Twin
80.0,2.0,0.0,0.0,-1.0,-1.0,0.0,-16.0,81.0,Evil_Twin
0.0,0.0,0.0,4.0,0.0,0.0,-3.0,-200.0,-200.0,Evil_Twin
70.0,0.0,0.0,0.0,0.0,0.0,0.0,-7.0,82.0,Evil_Twin
80.0,0.0,0.0,0.0,8.0,-2.0,-144.0,19.0,88.0,Evil_Twin
80.0,2.0,0.0,0.0,-1.0,-1.0,0.0,-32.0,84.0,Evil_Twin
80.0,0.0,0.0,0.0,-7.0,0.0,0.0,-12.0,83.0,Evil_Twin
60.0,-4.0,0.0,0.0,2.0,0.0,0.0,-6.0,81.0,Evil_Twin
70.0,2.0,0.0,0.0,0.0,0.0,178.0,10.0,78.0,Evil_Twin
70.0,0.0,0.0,0.0,0.0,0.0,178.0,6.0,82.0,Evil_Twin
80.0,-2.0,-1.0,0.0,-2.0,1.0,0.0,-29.0,93.0,Evil_Twin
0.0,-1.0,0.0,0.0,-1.0,0.0,-2.0,-200.0,-200.0,Evil_Twin
80.0,0.0,0.0,0.0,0.0,0.0,1.0,-5.0,86.0,Evil_Twin
60.0,0.0,0.0,0.0,3.0,1.0,179.0,-8.0,81.0,Evil_Twin
70.0,0.0,0.0,0.0,-1.0,0.0,86.0,2.0,82.0,Evil_Twin
70.0,0.0,0.0,3.0,0.0,0.0,-3.0,-200.0,-200.0,Evil_Twin
70.0,0.0,0.0,0.0,0.0,0.0,178.0,-4.0,83.0,Evil_Twin
70.0,0.0,-1.0,0.0,0.0,0.0,178.0,-8.0,81.0,Evil_Twin
80.0,-2.0,0.0,0.0,-1.0,0.0,178.0,0.0,83.0,Evil_Twin
80.0,-2.0,0.0,0.0,0.0,0.0,179.0,-5.0,86.0,Evil_Twin
80.0,1.0,0.0,0.0,0.0,-2.0,0.0,9.0,81.0,Evil_Twin
60.0,0.0,0.0,0.0,0.0,1.0,0.0,-6.0,79.0,Evil_Twin
70.0,2.0,0.0,0.0,-1.0,0.0,0.0,-11.0,92.0,Evil_Twin
80.0,0.0,0.0,0.0,0.0,0.0,178.0,-14.0,84.0,Evil_Twin
80.0,0.0,0.0,0.0,-1.0,0.0,0.0,-3.0,84.0,Evil_Twin
70.0,-2.0,0.0,0.0,-1.0,0.0,178.0,0.0,79.0,Evil_Twin
80.0,4.0,0.0,0.0,0.0,0.0,0.0,-23.0,85.0,Evil_Twin
60.0,-2.0,0.0,0.0,0.0,0.0,177.0,-2.0,81.0,Evil_Twin
70.0,0.0,-1.0,0.0,0.0,0.0,0.0,-7.0,85.0,Evil_Twin
80.0,-3.0,0.0,0.0,-7.0,0.0,177.0,-9.0,84.0,Evil_Twin
60.0,-2.0,0.0,0.0,-1.0,0.0,178.0,2.0,80.0,Evil_Twin
80.0,0.0,0.0,0.0,0.0,0.0,0.0,0.0,82.0,Evil_Twin
0.0,0.0,0.0,0.0,0.0,0.0,-2.0,-200.0,-200.0,Evil_Twin
80.0,0.0,2.0,0.0,0.0,0.0,1.0,-9.0,84.0,Evil_Twin
80.0,-2.0,0.0,0.0,0.0,0.0,178.0,6.0,79.0,Evil_Twin
70.0,0.0,0.0,0.0,0.0,0.0,0.0,-1.0,85.0,Evil_Twin
70.0,0.0,0.0,0.0,0.0,0.0,178.0,0.0,82.0,Evil_Twin
60.0,0.0,0.0,0.0,0.0,0.0,163.0,-19.0,80.0,Evil_Twin
60.0,0.0,0.0,0.0,-1.0,-3.0,179.0,-14.0,83.0,Evil_Twin
80.0,0.0,0.0,0.0,0.0,0.0,178.0,-3.0,80.0,Evil_Twin
80.0,-1.0,1.0,0.0,-1.0,-1.0,177.0,14.0,77.0,Evil_Twin
80.0,0.0,0.0,0.0,0.0,0.0,37.0,-26.0,94.0,Evil_Twin
60.0,-2.0,0.0,0.0,0.0,-1.0,0.0,25.0,77.0,Evil_Twin
70.0,0.0,0.0,0.0,0.0,-1.0,178.0,-4.0,79.0,Evil_Twin
80.0,0.0,0.0,0.0,0.0,0.0,37.0,-26.0,94.0,Evil_Twin
60.0,0.0,0.0,0.0,0.0,0.0,0.0,-20.0,81.0,Evil_Twin
60.0,0.0,0.0,0.0,0.0,0.0,178.0,-12.0,84.0,Evil_Twin
80.0,0.0,0.0,0.0,0.0,0.0,100.0,-16.0,83.0,Evil_Twin
80.0,0.0,-1.0,0.0,0.0,-1.0,37.0,-32.0,85.0,Evil_Twin
80.0,1.0,0.0,0.0,0.0,-1.0,0.0,6.0,84.0,Evil_Twin
60.0,1.0,0.0,0.0,-1.0,0.0,0.0,-10.0,81.0,Evil_Twin
80.0,0.0,0.0,0.0,0.0,0.0,2.0,-4.0,82.0,Evil_Twin
80.0,0.0,-1.0,0.0,-1.0,0.0,0.0,-7.0,81.0,Evil_Twin
70.0,-2.0,0.0,0.0,0.0,0.0,178.0,-2.0,89.0,Evil_Twin
70.0,0.0,0.0,1.0,-1.0,0.0,0.0,-18.0,93.0,Evil_Twin
80.0,1.0,-1.0,0.0,0.0,-1.0,0.0,-8.0,82.0,Evil_Twin
70.0,2.0,0.0,0.0,-1.0,-1.0,0.0,-23.0,88.0,Evil_Twin
80.0,-2.0,0.0,0.0,-8.0,0.0,178.0,5.0,83.0,Evil_Twin
70.0,2.0,0.0,0.0,-1.0,-1.0,0.0,-34.0,69.0,Evil_Twin
60.0,0.0,0.0,0.0,0.0,0.0,0.0,-1.0,75.0,Evil_Twin
70.0,0.0,0.0,0.0,0.0,0.0,0.0,0.0,88.0,Evil_Twin
80.0,0.0,0.0,0.0,0.0,0.0,23.0,-2.0,81.0,Evil_Twin
80.0,0.0,0.0,0.0,0.0,-1.0,-166.0,4.0,80.0,Evil_Twin
80.0,0.0,0.0,0.0,0.0,0.0,-3.0,-200.0,-200.0,Evil_Twin
60.0,2.0,0.0,0.0,-1.0,0.0,0.0,18.0,83.0,Evil_Twin
70.0,0.0,0.0,0.0,-1.0,0.0,0.0,-11.0,83.0,Evil_Twin
60.0,0.0,0.0,0.0,0.0,0.0,-29.0,9.0,81.0,Evil_Twin
70.0,0.0,0.0,-2.0,-1.0,0.0,0.0,5.0,91.0,Evil_Twin
60.0,0.0,0.0,0.0,0.0,0.0,-3.0,-200.0,-200.0,Evil_Twin
-10.0,0.0,0.0,0.0,0.0,1.0,-5.0,-200.0,-200.0,Evil_Twin
70.0,-2.0,0.0,0.0,1.0,0.0,178.0,-20.0,80.0,Evil_Twin
80.0,0.0,0.0,0.0,0.0,0.0,-3.0,-5.0,81.0,Evil_Twin
70.0,-2.0,-1.0,0.0,5.0,-3.0,0.0,-12.0,81.0,Evil_Twin
70.0,-2.0,0.0,0.0,-1.0,0.0,178.0,-40.0,67.0,Evil_Twin
80.0,0.0,0.0,0.0,-4.0,0.0,0.0,11.0,81.0,Evil_Twin
60.0,0.0,0.0,0.0,0.0,0.0,0.0,1.0,79.0,Evil_Twin
80.0,0.0,-1.0,0.0,0.0,-1.0,37.0,-31.0,89.0,Evil_Twin
80.0,3.0,0.0,0.0,0.0,0.0,0.0,18.0,84.0,Evil_Twin
60.0,-2.0,0.0,0.0,0.0,0.0,178.0,-2.0,76.0,Evil_Twin
80.0,4.0,0.0,0.0,-3.0,0.0,0.0,-20.0,85.0,Evil_Twin
80.0,0.0,0.0,0.0,0.0,0.0,0.0,-7.0,85.0,Evil_Twin
80.0,0.0,0.0,0.0,-1.0,-1.0,0.0,-15.0,84.0,Evil_Twin
60.0,0.0,0.0,0.0,0.0,-1.0,0.0,4.0,82.0,Evil_Twin
80.0,0.0,0.0,0.0,0.0,0.0,0.0,-2.0,86.0,Evil_Twin
80.0,1.0,0.0,0.0,0.0,0.0,178.0,-1.0,81.0,Evil_Twin
80.0,0.0,0.0,0.0,0.0,0.0,178.0,-23.0,79.0,Evil_Twin
70.0,0.0,0.0,0.0,0.0,0.0,0.0,-8.0,82.0,Evil_Twin
60.0,1.0,0.0,0.0,-1.0,0.0,0.0,-3.0,83.0,Evil_Twin
80.0,0.0,0.0,0.0,-7.0,0.0,0.0,-11.0,86.0,Evil_Twin
70.0,0.0,0.0,0.0,0.0,0.0,178.0,-4.0,81.0,Evil_Twin
80.0,4.0,1.0,0.0,0.0,-1.0,-143.0,22.0,85.0,Evil_Twin
110.0,0.0,0.0,-1.0,0.0,0.0,0.0,17.0,111.0,Evil_Twin
80.0,-1.0,0.0,0.0,0.0,-1.0,179.0,6.0,82.0,Evil_Twin
80.0,0.0,0.0,0.0,-3.0,0.0,1.0,-5.0,81.0,Evil_Twin
60.0,0.0,0.0,0.0,0.0,0.0,178.0,-1.0,85.0,Evil_Twin
70.0,0.0,0.0,0.0,-1.0,-1.0,0.0,-7.0,83.0,Evil_Twin
80.0,-1.0,-1.0,0.0,-1.0,-1.0,-143.0,30.0,83.0,Evil_Twin
80.0,0.0,0.0,0.0,0.0,1.0,1.0,-4.0,81.0,Evil_Twin
80.0,2.0,0.0,0.0,-1.0,-1.0,0.0,-7.0,94.0,Evil_Twin
60.0,-2.0,0.0,0.0,0.0,0.0,177.0,-2.0,81.0,Evil_Twin
60.0,0.0,-1.0,0.0,0.0,0.0,0.0,8.0,81.0,Evil_Twin
70.0,-2.0,0.0,0.0,-1.0,0.0,178.0,3.0,89.0,Evil_Twin
70.0,0.0,0.0,0.0,0.0,0.0,-65.0,0.0,80.0,Evil_Twin
70.0,0.0,0.0,0.0,0.0,0.0,176.0,-19.0,80.0,Evil_Twin
80.0,-2.0,0.0,0.0,0.0,0.0,178.0,0.0,78.0,Evil_Twin
80.0,0.0,-1.0,0.0,0.0,0.0,178.0,-9.0,81.0,Evil_Twin
90.0,1.0,0.0,2.0,-1.0,-1.0,0.0,-14.0,105.0,Evil_Twin
80.0,0.0,0.0,0.0,0.0,0.0,179.0,-10.0,84.0,Evil_Twin
60.0,0.0,0.0,0.0,-1.0,-3.0,179.0,-14.0,83.0,Evil_Twin
80.0,0.0,0.0,0.0,0.0,0.0,0.0,-3.0,87.0,Evil_Twin
80.0,0.0,0.0,0.0,0.0,0.0,0.0,4.0,79.0,Evil_Twin
60.0,1.0,0.0,0.0,-8.0,0.0,0.0,16.0,81.0,Evil_Twin
80.0,2.0,0.0,0.0,-1.0,-1.0,0.0,-18.0,95.0,Evil_Twin
60.0,0.0,0.0,0.0,0.0,0.0,30.0,2.0,82.0,Evil_Twin
80.0,0.0,0.0,0.0,0.0,0.0,1.0,-7.0,87.0,Evil_Twin
80.0,2.0,0.0,0.0,-1.0,-2.0,0.0,-8.0,95.0,Evil_Twin
70.0,0.0,0.0,0.0,-1.0,0.0,0.0,-6.0,85.0,Evil_Twin
70.0,0.0,0.0,0.0,0.0,-1.0,0.0,-10.0,82.0,Evil_Twin
60.0,0.0,0.0,0.0,-1.0,0.0,-119.0,-10.0,82.0,Evil_Twin
70.0,0.0,0.0,0.0,-1.0,0.0,178.0,5.0,81.0,Evil_Twin
80.0,0.0,0.0,0.0,0.0,0.0,0.0,8.0,81.0,Evil_Twin
80.0,0.0,0.0,0.0,-5.0,0.0,178.0,-7.0,85.0,Evil_Twin
70.0,0.0,0.0,3.0,0.0,0.0,34.0,-200.0,-200.0,Evil_Twin
80.0,-3.0,0.0,0.0,-7.0,0.0,177.0,-9.0,84.0,Evil_Twin
60.0,0.0,-1.0,0.0,0.0,0.0,0.0,-11.0,85.0,Evil_Twin
60.0,2.0,0.0,0.0,-2.0,0.0,0.0,36.0,78.0,Evil_Twin
80.0,4.0,-2.0,0.0,-3.0,-2.0,0.0,33.0,63.0,Evil_Twin
60.0,0.0,0.0,0.0,-1.0,1.0,0.0,-4.0,82.0,Evil_Twin
70.0,0.0,-1.0,0.0,0.0,0.0,0.0,6.0,79.0,Evil_Twin
80.0,-2.0,-1.0,0.0,-1.0,0.0,0.0,-5.0,83.0,Evil_Twin
0.0,-1.0,0.0,0.0,-1.0,0.0,-4.0,-200.0,-200.0,Evil_Twin
70.0,1.0,0.0,0.0,0.0,0.0,178.0,8.0,81.0,Evil_Twin
80.0,0.0,0.0,0.0,0.0,0.0,0.0,-8.0,82.0,Evil_Twin
80.0,0.0,0.0,0.0,0.0,0.0,89.0,-2.0,83.0,Evil_Twin
70.0,0.0,0.0,0.0,-1.0,-1.0,0.0,5.0,80.0,Evil_Twin
50.0,0.0,0.0,0.0,0.0,3.0,0.0,12.0,74.0,Evil_Twin
80.0,0.0,0.0,0.0,0.0,-1.0,0.0,-20.0,84.0,Evil_Twin
70.0,0.0,0.0,0.0,0.0,-1.0,55.0,-8.0,78.0,Evil_Twin
70.0,0.0,0.0,3.0,0.0,0.0,34.0,-200.0,-200.0,Evil_Twin
80.0,0.0,0.0,0.0,0.0,0.0,0.0,0.0,84.0,Evil_Twin
80.0,0.0,0.0,0.0,-8.0,0.0,0.0,10.0,83.0,Evil_Twin
80.0,0.0,0.0,0.0,0.0,0.0,-4.0,0.0,84.0,Evil_Twin
70.0,0.0,0.0,0.0,0.0,0.0,0.0,-5.0,81.0,Evil_Twin
80.0,0.0,0.0,0.0,0.0,0.0,174.0,-20.0,81.0,Evil_Twin
80.0,0.0,0.0,0.0,0.0,0.0,135.0,-10.0,84.0,Evil_Twin
80.0,-1.0,1.0,0.0,0.0,-1.0,178.0,8.0,82.0,Evil_Twin
80.0,0.0,0.0,0.0,0.0,0.0,178.0,0.0,79.0,Evil_Twin
70.0,0.0,0.0,0.0,0.0,0.0,178.0,-13.0,77.0,Evil_Twin
70.0,0.0,0.0,0.0,-5.0,0.0,178.0,0.0,80.0,Evil_Twin
60.0,0.0,0.0,0.0,1.0,0.0,177.0,-5.0,79.0,Evil_Twin
70.0,-2.0,0.0,0.0,-1.0,0.0,178.0,6.0,81.0,Evil_Twin
80.0,0.0,0.0,0.0,0.0,0.0,0.0,-2.0,86.0,Evil_Twin
80.0,0.0,0.0,0.0,0.0,0.0,0.0,0.0,83.0,Evil_Twin
70.0,0.0,0.0,0.0,0.0,0.0,0.0,-4.0,78.0,Evil_Twin
80.0,0.0,0.0,0.0,0.0,1.0,0.0,3.0,87.0,Evil_Twin
80.0,2.0,-1.0,0.0,-1.0,-1.0,0.0,-11.0,91.0,Evil_Twin
80.0,0.0,0.0,0.0,0.0,0.0,0.0,-16.0,84.0,Evil_Twin
70.0,-2.0,0.0,0.0,-1.0,0.0,178.0,5.0,76.0,Evil_Twin
80.0,0.0,0.0,0.0,0.0,0.0,0.0,33.0,63.0,Evil_Twin
70.0,-4.0,0.0,0.0,-1.0,0.0,178.0,-13.0,80.0,Evil_Twin
80.0,-2.0,0.0,0.0,0.0,-2.0,177.0,-28.0,82.0,Evil_Twin
80.0,0.0,0.0,0.0,0.0,0.0,178.0,-3.0,80.0,Evil_Twin
70.0,0.0,0.0,0.0,0.0,0.0,172.0,-19.0,83.0,Evil_Twin
80.0,4.0,0.0,0.0,2.0,0.0,0.0,-3.0,88.0,Evil_Twin
0.0,-1.0,0.0,0.0,-1.0,0.0,-4.0,-200.0,-200.0,Evil_Twin
70.0,0.0,0.0,0.0,-1.0,0.0,0.0,-11.0,85.0,Evil_Twin
70.0,-2.0,0.0,0.0,-1.0,0.0,178.0,-14.0,77.0,Evil_Twin
60.0,0.0,0.0,0.0,0.0,2.0,178.0,-23.0,81.0,Evil_Twin
70.0,0.0,0.0,0.0,0.0,0.0,84.0,-15.0,83.0,Evil_Twin
80.0,0.0,0.0,0.0,0.0,0.0,-3.0,-200.0,-200.0,Evil_Twin
70.0,0.0,0.0,0.0,0.0,0.0,0.0,-5.0,81.0,Evil_Twin
80.0,0.0,0.0,0.0,-1.0,0.0,0.0,-12.0,86.0,Evil_Twin
80.0,0.0,0.0,0.0,0.0,-1.0,0.0,-16.0,89.0,Evil_Twin
60.0,-2.0,0.0,0.0,0.0,0.0,178.0,0.0,86.0,Evil_Twin
60.0,0.0,0.0,0.0,6.0,0.0,0.0,10.0,82.0,Evil_Twin
60.0,0.0,0.0,0.0,0.0,-2.0,178.0,-4.0,80.0,Evil_Twin
80.0,-2.0,0.0,0.0,-1.0,-1.0,177.0,-20.0,75.0,Evil_Twin
60.0,0.0,0.0,0.0,0.0,0.0,174.0,-5.0,77.0,Evil_Twin
80.0,1.0,0.0,0.0,-8.0,0.0,0.0,-14.0,83.0,Evil_Twin
60.0,0.0,0.0,0.0,0.0,0.0,-2.0,-200.0,-200.0,Evil_Twin
70.0,0.0,0.0,0.0,0.0,0.0,0.0,-1.0,78.0,Evil_Twin
70.0,2.0,0.0,0.0,-2.0,0.0,0.0,-17.0,88.0,Evil_Twin
70.0,0.0,0.0,3.0,0.0,0.0,-3.0,-200.0,-200.0,Evil_Twin
80.0,0.0,0.0,0.0,0.0,0.0,-144.0,6.0,83.0,Evil_Twin
80.0,-1.0,1.0,0.0,-1.0,-1.0,178.0,16.0,78.0,Evil_Twin
80.0,0.0,0.0,-2.0,0.0,0.0,0.0,-17.0,87.0,Evil_Twin
80.0,0.0,1.0,0.0,1.0,0.0,178.0,-7.0,83.0,Evil_Twin
70.0,-2.0,0.0,0.0,-1.0,0.0,178.0,-12.0,78.0,Evil_Twin
80.0,2.0,0.0,0.0,-1.0,0.0,0.0,9.0,88.0,Evil_Twin
60.0,0.0,2.0,0.0,0.0,0.0,178.0,-23.0,81.0,Evil_Twin
80.0,-2.0,0.0,0.0,0.0,0.0,178.0,-17.0,84.0,Evil_Twin
80.0,2.0,0.0,0.0,-8.0,0.0,0.0,-17.0,82.0,Evil_Twin
80.0,0.0,0.0,0.0,0.0,0.0,-17.0,8.0,85.0,Evil_Twin
70.0,0.0,0.0,0.0,-1.0,0.0,0.0,-8.0,86.0,Evil_Twin
80.0,0.0,0.0,0.0,0.0,2.0,0.0,-5.0,82.0,Evil_Twin
70.0,0.0,0.0,0.0,0.0,0.0,178.0,-4.0,83.0,Evil_Twin
80.0,-2.0,0.0,0.0,-1.0,0.0,178.0,3.0,79.0,Evil_Twin
80.0,2.0,-1.0,0.0,-1.0,-1.0,0.0,-7.0,91.0,Evil_Twin
80.0,0.0,0.0,0.0,0.0,0.0,0.0,-5.0,85.0,Evil_Twin
80.0,0.0,-1.0,0.0,0.0,0.0,0.0,-6.0,82.0,Evil_Twin
80.0,-2.0,0.0,0.0,-1.0,-1.0,178.0,-27.0,78.0,Evil_Twin
80.0,4.0,0.0,0.0,-4.0,0.0,1.0,-7.0,85.0,Evil_Twin
60.0,2.0,0.0,0.0,0.0,0.0,0.0,23.0,77.0,Evil_Twin
80.0,0.0,0.0,0.0,0.0,0.0,-23.0,0.0,80.0,Evil_Twin
80.0,2.0,0.0,0.0,-1.0,-1.0,0.0,7.0,85.0,Evil_Twin
80.0,4.0,0.0,0.0,-3.0,0.0,0.0,-20.0,85.0,Evil_Twin
60.0,-2.0,0.0,0.0,0.0,0.0,177.0,-2.0,81.0,Evil_Twin
60.0,0.0,0.0,0.0,-1.0,-3.0,179.0,-14.0,83.0,Evil_Twin
80.0,-2.0,0.0,0.0,-1.0,-1.0,178.0,-31.0,77.0,Evil_Twin
70.0,0.0,0.0,0.0,0.0,0.0,0.0,-1.0,83.0,Evil_Twin
60.0,0.0,-1.0,0.0,0.0,0.0,0.0,8.0,81.0,Evil_Twin
80.0,0.0,0.0,0.0,0.0,0.0,90.0,-14.0,84.0,Evil_Twin
80.0,0.0,0.0,0.0,0.0,0.0,178.0,-14.0,82.0,Evil_Twin
70.0,0.0,0.0,0.0,0.0,0.0,0.0,-2.0,85.0,Evil_Twin
80.0,0.0,0.0,0.0,0.0,-4.0,178.0,-17.0,82.0,Evil_Twin
80.0,0.0,0.0,0.0,-1.0,-1.0,178.0,-15.0,82.0,Evil_Twin
80.0,0.0,0.0,0.0,0.0,0.0,0.0,-1.0,82.0,Evil_Twin
70.0,-4.0,0.0,0.0,0.0,0.0,0.0,-6.0,81.0,Evil_Twin
80.0,2.0,0.0,0.0,-1.0,-1.0,0.0,-30.0,85.0,Evil_Twin
80.0,0.0,0.0,0.0,0.0,0.0,124.0,-15.0,83.0,Evil_Twin
80.0,-2.0,0.0,0.0,0.0,0.0,178.0,-2.0,80.0,Evil_Twin
60.0,0.0,-1.0,0.0,0.0,-1.0,0.0,-11.0,84.0,Evil_Twin
70.0,-2.0,0.0,0.0,-1.0,0.0,178.0,0.0,78.0,Evil_Twin
70.0,0.0,1.0,0.0,0.0,-1.0,178.0,-8.0,82.0,Evil_Twin
70.0,1.0,0.0,0.0,-1.0,0.0,178.0,-1.0,82.0,Evil_Twin
80.0,0.0,0.0,0.0,1.0,1.0,0.0,-17.0,82.0,Evil_Twin
80.0,0.0,0.0,0.0,0.0,0.0,-3.0,-5.0,81.0,Evil_Twin
80.0,2.0,0.0,0.0,-1.0,-1.0,0.0,-9.0,90.0,Evil_Twin
80.0,1.0,0.0,0.0,-9.0,0.0,0.0,-11.0,83.0,Evil_Twin
70.0,0.0,0.0,0.0,0.0,0.0,172.0,0.0,83.0,Evil_Twin
80.0,0.0,0.0,0.0,-1.0,0.0,0.0,-14.0,86.0,Evil_Twin
80.0,0.0,1.0,0.0,0.0,0.0,178.0,-6.0,82.0,Evil_Twin
80.0,-2.0,0.0,0.0,0.0,-1.0,-144.0,19.0,88.0,Evil_Twin
60.0,2.0,0.0,0.0,-1.0,0.0,0.0,-1.0,75.0,Evil_Twin
70.0,-2.0,0.0,0.0,-1.0,0.0,178.0,7.0,79.0,Evil_Twin
70.0,0.0,0.0,0.0,0.0,0.0,0.0,-4.0,84.0,Evil_Twin
60.0,0.0,0.0,0.0,0.0,0.0,178.0,8.0,81.0,Evil_Twin
80.0,2.0,-1.0,0.0,-1.0,-1.0,0.0,-11.0,79.0,Evil_Twin
80.0,0.0,-1.0,0.0,0.0,-1.0,0.0,-7.0,81.0,Evil_Twin
80.0,0.0,0.0,0.0,0.0,-1.0,178.0,10.0,82.0,Evil_Twin
70.0,2.0,0.0,0.0,-1.0,-1.0,0.0,30.0,73.0,Evil_Twin
70.0,0.0,0.0,0.0,-1.0,-1.0,178.0,-3.0,82.0,Evil_Twin
60.0,2.0,0.0,0.0,-1.0,-1.0,0.0,30.0,81.0,Evil_Twin
80.0,0.0,0.0,0.0,0.0,0.0,178.0,-6.0,82.0,Evil_Twin
80.0,0.0,0.0,0.0,0.0,-1.0,0.0,9.0,85.0,Evil_Twin
80.0,0.0,0.0,0.0,-1.0,0.0,0.0,-9.0,82.0,Evil_Twin
50.0,0.0,0.0,4.0,0.0,0.0,-3.0,-200.0,-200.0,Evil_Twin
80.0,0.0,0.0,0.0,0.0,0.0,-2.0,-200.0,-200.0,Evil_Twin
60.0,2.0,0.0,0.0,-2.0,0.0,0.0,-23.0,87.0,Evil_Twin
80.0,2.0,0.0,0.0,-1.0,0.0,0.0,-26.0,79.0,Evil_Twin
80.0,-2.0,0.0,0.0,-8.0,0.0,178.0,-19.0,83.0,Evil_Twin
60.0,-2.0,0.0,0.0,-1.0,0.0,178.0,0.0,79.0,Evil_Twin
70.0,1.0,-1.0,0.0,-1.0,-1.0,0.0,-15.0,80.0,Evil_Twin
80.0,0.0,0.0,0.0,0.0,0.0,23.0,-2.0,81.0,Evil_Twin
60.0,3.0,0.0,0.0,-8.0,0.0,0.0,4.0,82.0,Evil_Twin
60.0,0.0,0.0,0.0,-1.0,0.0,0.0,-9.0,77.0,Evil_Twin
80.0,0.0,0.0,0.0,-1.0,0.0,0.0,-12.0,86.0,Evil_Twin
80.0,0.0,0.0,0.0,0.0,0.0,0.0,-5.0,84.0,Evil_Twin
70.0,0.0,0.0,0.0,0.0,0.0,0.0,-7.0,84.0,Evil_Twin
80.0,0.0,0.0,0.0,0.0,0.0,-162.0,5.0,82.0,Evil_Twin
70.0,0.0,0.0,0.0,0.0,0.0,0.0,-7.0,83.0,Evil_Twin
70.0,1.0,0.0,0.0,0.0,0.0,0.0,0.0,79.0,Evil_Twin
60.0,0.0,0.0,0.0,0.0,0.0,0.0,7.0,80.0,Evil_Twin
80.0,2.0,0.0,0.0,-1.0,-1.0,0.0,27.0,77.0,Evil_Twin
80.0,-1.0,0.0,0.0,0.0,-1.0,179.0,6.0,82.0,Evil_Twin
80.0,1.0,-1.0,0.0,0.0,0.0,1.0,-22.0,86.0,Evil_Twin
80.0,0.0,0.0,0.0,-7.0,-2.0,178.0,11.0,85.0,Evil_Twin
80.0,2.0,2.0,0.0,1.0,-1.0,37.0,-21.0,88.0,Evil_Twin
80.0,-1.0,1.0,0.0,3.0,0.0,178.0,12.0,85.0,Evil_Twin
50.0,0.0,0.0,4.0,0.0,0.0,-3.0,-200.0,-200.0,Evil_Twin
80.0,0.0,0.0,0.0,0.0,0.0,178.0,-4.0,81.0,Evil_Twin
60.0,0.0,0.0,0.0,0.0,0.0,0.0,0.0,85.0,Evil_Twin
70.0,0.0,0.0,0.0,0.0,0.0,92.0,-5.0,84.0,Evil_Twin
30.0,0.0,0.0,4.0,0.0,0.0,-2.0,-200.0,-200.0,Evil_Twin
80.0,0.0,0.0,0.0,0.0,-1.0,0.0,-9.0,87.0,Evil_Twin
100.0,0.0,0.0,0.0,0.0,-1.0,0.0,-16.0,116.0,Evil_Twin
80.0,1.0,0.0,0.0,0.0,0.0,0.0,-7.0,83.0,Evil_Twin
60.0,2.0,0.0,0.0,0.0,0.0,0.0,13.0,81.0,Evil_Twin
70.0,-1.0,0.0,0.0,-1.0,0.0,178.0,-5.0,81.0,Evil_Twin
60.0,0.0,0.0,0.0,0.0,0.0,0.0,-4.0,82.0,Evil_Twin
60.0,-1.0,-1.0,0.0,0.0,0.0,178.0,-14.0,82.0,Evil_Twin
80.0,0.0,0.0,0.0,0.0,0.0,1.0,9.0,83.0,Evil_Twin
70.0,0.0,0.0,0.0,0.0,-5.0,0.0,10.0,83.0,Evil_Twin
60.0,1.0,-1.0,0.0,0.0,-1.0,0.0,22.0,86.0,Evil_Twin
60.0,-2.0,0.0,0.0,-1.0,0.0,177.0,-4.0,78.0,Evil_Twin
80.0,0.0,0.0,0.0,0.0,-1.0,90.0,-13.0,85.0,Evil_Twin
80.0,0.0,0.0,0.0,0.0,0.0,-106.0,4.0,85.0,Evil_Twin
60.0,0.0,0.0,0.0,0.0,0.0,0.0,-2.0,84.0,Evil_Twin
80.0,0.0,0.0,0.0,0.0,0.0,89.0,-8.0,83.0,Evil_Twin
80.0,2.0,0.0,0.0,0.0,0.0,0.0,15.0,84.0,Evil_Twin
80.0,0.0,0.0,0.0,0.0,0.0,0.0,-5.0,85.0,Evil_Twin
80.0,0.0,1.0,0.0,0.0,-1.0,178.0,-10.0,82.0,Evil_Twin
60.0,-2.0,0.0,0.0,-1.0,0.0,178.0,-19.0,85.0,Evil_Twin
70.0,-2.0,0.0,0.0,1.0,0.0,178.0,-20.0,80.0,Evil_Twin
80.0,0.0,0.0,0.0,0.0,0.0,177.0,-17.0,82.0,Evil_Twin
50.0,0.0,0.0,0.0,0.0,0.0,-138.0,-8.0,78.0,Evil_Twin
70.0,1.0,0.0,0.0,-2.0,0.0,0.0,-5.0,82.0,Evil_Twin
60.0,-2.0,0.0,0.0,-1.0,-1.0,178.0,3.0,85.0,Evil_Twin
70.0,1.0,-1.0,0.0,3.0,-1.0,0.0,-25.0,82.0,Evil_Twin
60.0,0.0,0.0,0.0,-1.0,0.0,0.0,-8.0,86.0,Evil_Twin
60.0,2.0,0.0,0.0,-8.0,0.0,0.0,-10.0,85.0,Evil_Twin
60.0,0.0,0.0,0.0,-1.0,-3.0,179.0,-14.0,83.0,Evil_Twin
80.0,-2.0,0.0,0.0,-1.0,-1.0,-144.0,26.0,92.0,Evil_Twin
60.0,0.0,0.0,0.0,0.0,0.0,179.0,-8.0,84.0,Evil_Twin
80.0,0.0,0.0,0.0,0.0,-1.0,0.0,-20.0,83.0,Evil_Twin
70.0,-4.0,0.0,0.0,0.0,0.0,178.0,-5.0,83.0,Evil_Twin
70.0,0.0,0.0,0.0,-1.0,0.0,0.0,2.0,79.0,Evil_Twin
80.0,0.0,0.0,0.0,0.0,-1.0,178.0,-7.0,85.0,Evil_Twin
80.0,0.0,0.0,0.0,0.0,0.0,177.0,-20.0,84.0,Evil_Twin
70.0,-1.0,0.0,0.0,-1.0,0.0,178.0,-5.0,81.0,Evil_Twin
80.0,-3.0,-2.0,0.0,-1.0,0.0,0.0,-21.0,79.0,Evil_Twin
80.0,0.0,0.0,0.0,-1.0,0.0,0.0,-5.0,84.0,Evil_Twin
60.0,0.0,0.0,0.0,-8.0,0.0,0.0,-3.0,80.0,Evil_Twin
70.0,0.0,0.0,0.0,-1.0,1.0,0.0,-5.0,82.0,Evil_Twin
60.0,0.0,0.0,0.0,0.0,0.0,48.0,-4.0,83.0,Evil_Twin
80.0,-2.0,0.0,0.0,0.0,0.0,178.0,-7.0,75.0,Evil_Twin
80.0,4.0,0.0,0.0,-7.0,0.0,0.0,18.0,82.0,Evil_Twin
80.0,3.0,0.0,0.0,0.0,0.0,0.0,-17.0,83.0,Evil_Twin
60.0,0.0,0.0,0.0,0.0,-1.0,-125.0,3.0,80.0,Evil_Twin
80.0,0.0,0.0,0.0,0.0,0.0,-3.0,5.0,84.0,Evil_Twin
70.0,0.0,0.0,0.0,0.0,0.0,178.0,6.0,82.0,Evil_Twin
0.0,0.0,0.0,0.0,0.0,0.0,-2.0,-200.0,-200.0,Evil_Twin
80.0,-1.0,0.0,0.0,-1.0,-2.0,178.0,-23.0,84.0,Evil_Twin
60.0,0.0,-2.0,0.0,0.0,0.0,178.0,-17.0,83.0,Evil_Twin
80.0,0.0,0.0,0.0,0.0,0.0,179.0,-16.0,81.0,Evil_Twin
70.0,0.0,0.0,0.0,0.0,0.0,178.0,13.0,80.0,Evil_Twin
60.0,0.0,0.0,0.0,0.0,0.0,178.0,-12.0,84.0,Evil_Twin
70.0,1.0,-1.0,0.0,-1.0,-1.0,0.0,20.0,78.0,Evil_Twin
0.0,0.0,0.0,4.0,0.0,0.0,-2.0,-200.0,-200.0,Evil_Twin
70.0,0.0,0.0,0.0,0.0,0.0,68.0,-7.0,81.0,Evil_Twin
60.0,-2.0,0.0,0.0,0.0,0.0,177.0,-5.0,83.0,Evil_Twin
80.0,0.0,0.0,0.0,0.0,0.0,34.0,-200.0,-200.0,Evil_Twin
80.0,0.0,0.0,0.0,0.0,0.0,179.0,-4.0,81.0,Evil_Twin
80.0,2.0,0.0,0.0,0.0,0.0,0.0,-5.0,83.0,Evil_Twin
80.0,0.0,0.0,0.0,0.0,0.0,0.0,-6.0,85.0,Evil_Twin
80.0,2.0,0.0,0.0,-1.0,-1.0,0.0,-29.0,81.0,Evil_Twin
70.0,0.0,0.0,-1.0,-1.0,-1.0,0.0,-21.0,89.0,Evil_Twin
80.0,0.0,0.0,0.0,0.0,0.0,0.0,-5.0,84.0,Evil_Twin
80.0,0.0,0.0,0.0,0.0,0.0,0.0,-17.0,89.0,Evil_Twin
80.0,1.0,0.0,0.0,-3.0,-2.0,0.0,-17.0,84.0,Evil_Twin
60.0,-2.0,0.0,0.0,0.0,0.0,178.0,-14.0,101.0,Evil_Twin
70.0,2.0,0.0,0.0,-8.0,0.0,0.0,12.0,79.0,Evil_Twin
70.0,1.0,-1.0,0.0,0.0,0.0,0.0,-10.0,81.0,Evil_Twin
60.0,0.0,0.0,0.0,6.0,0.0,178.0,6.0,77.0,Evil_Twin
70.0,0.0,0.0,0.0,0.0,0.0,-6.0,-200.0,-200.0,Evil_Twin
70.0,0.0,0.0,0.0,0.0,-1.0,0.0,8.0,81.0,Evil_Twin
80.0,0.0,0.0,0.0,0.0,1.0,0.0,-4.0,83.0,Evil_Twin
80.0,0.0,0.0,0.0,0.0,0.0,0.0,-5.0,87.0,Evil_Twin
80.0,1.0,0.0,0.0,-2.0,0.0,0.0,-3.0,85.0,Evil_Twin
70.0,-1.0,0.0,0.0,2.0,0.0,179.0,-11.0,82.0,Evil_Twin
80.0,0.0,0.0,0.0,0.0,0.0,178.0,-21.0,83.0,Evil_Twin
60.0,2.0,0.0,0.0,-1.0,0.0,0.0,-3.0,78.0,Evil_Twin
80.0,0.0,0.0,0.0,0.0,0.0,149.0,-20.0,83.0,Evil_Twin
70.0,0.0,0.0,0.0,0.0,0.0,137.0,-15.0,84.0,Evil_Twin
80.0,0.0,0.0,0.0,-6.0,1.0,0.0,-13.0,90.0,Evil_Twin
60.0,-2.0,0.0,0.0,-1.0,0.0,177.0,-4.0,78.0,Evil_Twin
60.0,0.0,0.0,-1.0,0.0,0.0,0.0,5.0,83.0,Evil_Twin
80.0,0.0,0.0,0.0,0.0,0.0,0.0,-2.0,84.0,Evil_Twin
60.0,0.0,0.0,0.0,0.0,0.0,0.0,-7.0,83.0,Evil_Twin
80.0,0.0,0.0,0.0,0.0,-1.0,0.0,-27.0,83.0,Evil_Twin
60.0,2.0,0.0,0.0,-8.0,0.0,0.0,16.0,81.0,Evil_Twin
70.0,0.0,0.0,0.0,0.0,0.0,178.0,4.0,80.0,Evil_Twin
80.0,3.0,0.0,0.0,1.0,0.0,0.0,7.0,80.0,Evil_Twin
80.0,0.0,0.0,0.0,0.0,0.0,178.0,3.0,82.0,Evil_Twin
80.0,0.0,0.0,0.0,0.0,0.0,0.0,0.0,86.0,Evil_Twin
80.0,0.0,0.0,0.0,0.0,1.0,178.0,-23.0,80.0,Evil_Twin
80.0,0.0,0.0,0.0,-1.0,0.0,0.0,-9.0,82.0,Evil_Twin
70.0,0.0,0.0,0.0,0.0,0.0,113.0,-5.0,82.0,Evil_Twin
80.0,0.0,-1.0,0.0,0.0,-1.0,0.0,4.0,81.0,Evil_Twin
80.0,1.0,0.0,0.0,-1.0,0.0,0.0,-6.0,84.0,Evil_Twin
70.0,-1.0,1.0,0.0,0.0,-2.0,178.0,-39.0,71.0,Evil_Twin
80.0,2.0,0.0,0.0,-1.0,-1.0,0.0,24.0,83.0,Evil_Twin
60.0,0.0,0.0,0.0,0.0,0.0,124.0,4.0,83.0,Evil_Twin
0.0,0.0,0.0,4.0,0.0,0.0,-3.0,-200.0,-200.0,Evil_Twin
60.0,0.0,0.0,0.0,0.0,0.0,-3.0,-200.0,-200.0,Evil_Twin
80.0,0.0,-1.0,0.0,-1.0,0.0,1.0,16.0,81.0,Evil_Twin
80.0,4.0,0.0,0.0,0.0,0.0,-3.0,-2.0,80.0,Evil_Twin
70.0,0.0,0.0,0.0,0.0,0.0,0.0,-5.0,86.0,Evil_Twin
80.0,-2.0,0.0,0.0,0.0,-1.0,178.0,-15.0,82.0,Evil_Twin
80.0,-2.0,0.0,0.0,-1.0,0.0,179.0,4.0,80.0,Evil_Twin
80.0,0.0,0.0,0.0,0.0,0.0,-26.0,7.0,81.0,Evil_Twin
10.0,0.0,0.0,4.0,0.0,0.0,-3.0,-200.0,-200.0,Evil_Twin
80.0,1.0,-1.0,0.0,0.0,0.0,0.0,-11.0,84.0,Evil_Twin
80.0,0.0,-1.0,0.0,0.0,0.0,0.0,15.0,81.0,Evil_Twin
80.0,0.0,0.0,0.0,0.0,-1.0,-129.0,3.0,81.0,Evil_Twin
80.0,0.0,0.0,0.0,0.0,0.0,0.0,-5.0,85.0,Evil_Twin
60.0,-1.0,0.0,0.0,-1.0,0.0,0.0,-2.0,82.0,Evil_Twin
80.0,0.0,0.0,0.0,0.0,0.0,-2.0,-200.0,-200.0,Evil_Twin
70.0,0.0,0.0,0.0,0.0,1.0,0.0,3.0,79.0,Evil_Twin
60.0,-1.0,1.0,0.0,0.0,-2.0,178.0,13.0,83.0,Evil_Twin
60.0,2.0,0.0,0.0,-1.0,-1.0,0.0,25.0,79.0,Evil_Twin
70.0,-4.0,0.0,0.0,-1.0,0.0,178.0,-13.0,80.0,Evil_Twin
80.0,0.0,0.0,0.0,-2.0,0.0,0.0,0.0,83.0,Evil_Twin
80.0,0.0,0.0,0.0,0.0,0.0,177.0,-17.0,82.0,Evil_Twin
80.0,0.0,0.0,0.0,0.0,0.0,0.0,-6.0,81.0,Evil_Twin
80.0,0.0,0.0,0.0,-4.0,-5.0,0.0,-29.0,79.0,Evil_Twin
80.0,0.0,0.0,0.0,0.0,0.0,154.0,-14.0,80.0,Evil_Twin
100.0,0.0,0.0,0.0,0.0,0.0,178.0,-15.0,113.0,Evil_Twin
80.0,0.0,-1.0,0.0,0.0,-1.0,37.0,-27.0,85.0,Evil_Twin
70.0,0.0,-1.0,0.0,1.0,0.0,0.0,-11.0,82.0,Evil_Twin
80.0,2.0,0.0,0.0,-1.0,-1.0,0.0,-15.0,87.0,Evil_Twin
80.0,-2.0,0.0,0.0,-1.0,0.0,178.0,11.0,83.0,Evil_Twin
80.0,0.0,0.0,0.0,0.0,0.0,0.0,-1.0,86.0,Evil_Twin
80.0,0.0,1.0,0.0,1.0,0.0,178.0,-12.0,82.0,Evil_Twin
70.0,0.0,0.0,0.0,0.0,0.0,97.0,-14.0,84.0,Evil_Twin
80.0,0.0,0.0,0.0,-1.0,0.0,0.0,-14.0,85.0,Evil_Twin
80.0,0.0,0.0,0.0,0.0,0.0,0.0,-4.0,84.0,Evil_Twin
60.0,0.0,0.0,0.0,0.0,0.0,-60.0,6.0,81.0,Evil_Twin
80.0,0.0,0.0,0.0,0.0,-1.0,1.0,-6.0,84.0,Evil_Twin
80.0,-2.0,0.0,0.0,-1.0,0.0,179.0,-28.0,79.0,Evil_Twin
60.0,-1.0,0.0,0.0,0.0,0.0,174.0,-3.0,82.0,Evil_Twin
60.0,0.0,0.0,0.0,-7.0,0.0,0.0,6.0,81.0,Evil_Twin
80.0,0.0,0.0,0.0,0.0,0.0,0.0,-6.0,86.0,Evil_Twin
80.0,2.0,0.0,0.0,-1.0,-2.0,0.0,-8.0,95.0,Evil_Twin
70.0,2.0,0.0,0.0,-1.0,-1.0,1.0,-1.0,76.0,Evil_Twin
70.0,0.0,0.0,0.0,0.0,0.0,0.0,-9.0,86.0,Evil_Twin
80.0,-2.0,0.0,0.0,0.0,0.0,178.0,-4.0,79.0,Evil_Twin
60.0,0.0,0.0,0.0,-2.0,2.0,0.0,28.0,82.0,Evil_Twin
80.0,0.0,-1.0,0.0,-1.0,0.0,0.0,-9.0,83.0,Evil_Twin
70.0,0.0,-2.0,0.0,0.0,0.0,178.0,-23.0,81.0,Evil_Twin
70.0,0.0,0.0,0.0,0.0,0.0,0.0,-7.0,83.0,Evil_Twin
80.0,-1.0,0.0,0.0,0.0,0.0,178.0,4.0,83.0,Evil_Twin
60.0,0.0,0.0,0.0,0.0,0.0,0.0,-2.0,84.0,Evil_Twin
60.0,4.0,0.0,0.0,0.0,0.0,0.0,-5.0,83.0,Evil_Twin
80.0,-2.0,0.0,0.0,0.0,-1.0,178.0,13.0,82.0,Evil_Twin
80.0,0.0,0.0,0.0,0.0,0.0,0.0,-2.0,86.0,Evil_Twin
60.0,2.0,0.0,0.0,-1.0,0.0,0.0,-4.0,83.0,Evil_Twin
80.0,0.0,0.0,0.0,0.0,0.0,0.0,0.0,83.0,Evil_Twin
70.0,2.0,-1.0,0.0,-1.0,-1.0,1.0,-16.0,83.0,Evil_Twin
80.0,0.0,0.0,0.0,0.0,-3.0,0.0,14.0,82.0,Evil_Twin
80.0,-1.0,0.0,0.0,0.0,-1.0,178.0,13.0,81.0,Evil_Twin
60.0,0.0,-1.0,0.0,0.0,0.0,0.0,-11.0,85.0,Evil_Twin
0.0,-1.0,-1.0,0.0,0.0,0.0,1.0,-200.0,-200.0,Evil_Twin
70.0,0.0,0.0,0.0,0.0,-1.0,0.0,14.0,80.0,Evil_Twin
80.0,0.0,0.0,0.0,0.0,0.0,-52.0,14.0,83.0,Evil_Twin
60.0,0.0,0.0,0.0,0.0,0.0,0.0,1.0,82.0,Evil_Twin
80.0,0.0,0.0,0.0,0.0,0.0,-3.0,0.0,83.0,Evil_Twin
80.0,1.0,0.0,0.0,-8.0,0.0,0.0,-1.0,84.0,Evil_Twin
70.0,0.0,-1.0,0.0,0.0,-1.0,0.0,-10.0,82.0,Evil_Twin
80.0,0.0,0.0,0.0,0.0,0.0,-36.0,13.0,82.0,Evil_Twin
60.0,-2.0,0.0,0.0,-1.0,0.0,177.0,-2.0,82.0,Evil_Twin
70.0,0.0,0.0,0.0,0.0,0.0,178.0,-5.0,82.0,Evil_Twin
70.0,-2.0,0.0,0.0,0.0,-1.0,178.0,28.0,79.0,Evil_Twin
80.0,0.0,-1.0,0.0,-1.0,-1.0,1.0,-14.0,79.0,Evil_Twin
80.0,0.0,0.0,0.0,-7.0,-2.0,178.0,11.0,85.0,Evil_Twin
60.0,-2.0,0.0,0.0,7.0,-3.0,0.0,-30.0,81.0,Evil_Twin
70.0,0.0,-1.0,0.0,0.0,0.0,178.0,-8.0,81.0,Evil_Twin
60.0,1.0,0.0,0.0,-1.0,-1.0,0.0,-2.0,81.0,Evil_Twin
60.0,0.0,-1.0,0.0,0.0,0.0,0.0,-8.0,82.0,Evil_Twin
50.0,0.0,0.0,0.0,0.0,0.0,178.0,-18.0,83.0,Evil_Twin
70.0,0.0,0.0,0.0,0.0,0.0,-3.0,-200.0,-200.0,Evil_Twin
70.0,0.0,0.0,0.0,-2.0,-2.0,0.0,-16.0,86.0,Evil_Twin
80.0,1.0,-1.0,0.0,-1.0,-1.0,0.0,-12.0,89.0,Evil_Twin
60.0,0.0,0.0,0.0,0.0,0.0,-58.0,-1.0,80.0,Evil_Twin
80.0,-2.0,0.0,0.0,0.0,-1.0,178.0,20.0,80.0,Evil_Twin
70.0,-2.0,0.0,0.0,0.0,0.0,178.0,-3.0,81.0,Evil_Twin
60.0,0.0,0.0,0.0,0.0,0.0,0.0,0.0,81.0,Evil_Twin
60.0,0.0,0.0,0.0,0.0,0.0,0.0,-3.0,83.0,Evil_Twin
80.0,0.0,0.0,0.0,0.0,0.0,178.0,-3.0,83.0,Evil_Twin
90.0,0.0,0.0,0.0,0.0,0.0,178.0,5.0,112.0,Evil_Twin
60.0,-5.0,0.0,0.0,1.0,0.0,0.0,-1.0,75.0,Evil_Twin
80.0,0.0,0.0,0.0,0.0,0.0,-54.0,3.0,82.0,Evil_Twin
60.0,2.0,0.0,0.0,-1.0,0.0,0.0,-4.0,83.0,Evil_Twin
60.0,0.0,0.0,0.0,0.0,0.0,178.0,0.0,80.0,Evil_Twin
80.0,-3.0,0.0,0.0,-8.0,0.0,178.0,-3.0,80.0,Evil_Twin
80.0,2.0,0.0,0.0,0.0,-1.0,37.0,-31.0,89.0,Evil_Twin
70.0,4.0,0.0,0.0,-3.0,0.0,0.0,11.0,83.0,Evil_Twin
60.0,0.0,0.0,0.0,0.0,0.0,95.0,2.0,83.0,Evil_Twin
70.0,1.0,0.0,0.0,0.0,0.0,0.0,-6.0,83.0,Evil_Twin
80.0,0.0,0.0,0.0,0.0,0.0,-145.0,4.0,80.0,Evil_Twin
60.0,0.0,0.0,0.0,0.0,1.0,0.0,-4.0,81.0,Evil_Twin
80.0,0.0,0.0,0.0,0.0,0.0,0.0,-8.0,84.0,Evil_Twin
70.0,0.0,-1.0,0.0,0.0,-1.0,0.0,20.0,81.0,Evil_Twin
80.0,-2.0,0.0,0.0,-1.0,0.0,178.0,11.0,81.0,Evil_Twin
60.0,0.0,1.0,0.0,-1.0,-1.0,178.0,-8.0,81.0,Evil_Twin
70.0,0.0,0.0,0.0,0.0,0.0,0.0,-10.0,85.0,Evil_Twin
70.0,3.0,-1.0,0.0,-1.0,0.0,0.0,13.0,81.0,Evil_Twin
70.0,0.0,0.0,0.0,0.0,0.0,0.0,14.0,81.0,Evil_Twin
80.0,0.0,0.0,0.0,0.0,0.0,179.0,-11.0,84.0,Evil_Twin
60.0,0.0,0.0,4.0,0.0,0.0,-2.0,-200.0,-200.0,Evil_Twin
60.0,0.0,0.0,0.0,0.0,0.0,178.0,0.0,80.0,Evil_Twin
90.0,0.0,0.0,1.0,0.0,0.0,0.0,3.0,117.0,Evil_Twin
80.0,0.0,0.0,-1.0,0.0,-1.0,37.0,-19.0,85.0,Evil_Twin
80.0,0.0,0.0,0.0,0.0,-1.0,57.0,-13.0,83.0,Evil_Twin
60.0,0.0,0.0,0.0,0.0,0.0,57.0,-6.0,80.0,Evil_Twin
50.0,0.0,0.0,0.0,0.0,0.0,-107.0,-9.0,76.0,Evil_Twin
80.0,0.0,0.0,0.0,0.0,0.0,0.0,-3.0,84.0,Evil_Twin
80.0,0.0,0.0,0.0,0.0,0.0,0.0,-3.0,86.0,Evil_Twin
70.0,0.0,0.0,0.0,0.0,1.0,-20.0,23.0,80.0,Evil_Twin
60.0,0.0,0.0,0.0,1.0,0.0,177.0,-5.0,79.0,Evil_Twin
50.0,0.0,0.0,4.0,0.0,0.0,-3.0,-200.0,-200.0,Evil_Twin
70.0,0.0,0.0,0.0,0.0,0.0,0.0,-10.0,85.0,Evil_Twin
80.0,-2.0,0.0,0.0,-1.0,0.0,178.0,-25.0,83.0,Evil_Twin
70.0,0.0,0.0,0.0,0.0,0.0,84.0,-7.0,81.0,Evil_Twin
70.0,0.0,0.0,0.0,0.0,0.0,30.0,-8.0,83.0,Evil_Twin
80.0,1.0,1.0,0.0,-1.0,-1.0,37.0,-30.0,87.0,Evil_Twin
80.0,0.0,0.0,0.0,-1.0,0.0,0.0,-19.0,84.0,Evil_Twin
80.0,0.0,0.0,0.0,0.0,0.0,178.0,3.0,80.0,Evil_Twin
80.0,0.0,0.0,0.0,0.0,0.0,-143.0,19.0,81.0,Evil_Twin
80.0,0.0,0.0,-1.0,-1.0,0.0,0.0,17.0,89.0,Evil_Twin
70.0,0.0,0.0,0.0,0.0,0.0,0.0,-4.0,81.0,Evil_Twin
10.0,0.0,0.0,4.0,0.0,0.0,-3.0,-200.0,-200.0,Evil_Twin
60.0,2.0,0.0,0.0,-1.0,-1.0,0.0,21.0,77.0,Evil_Twin
80.0,4.0,0.0,0.0,-2.0,0.0,0.0,-18.0,82.0,Evil_Twin
70.0,0.0,0.0,0.0,0.0,2.0,0.0,-20.0,78.0,Evil_Twin
80.0,2.0,0.0,0.0,-1.0,-1.0,0.0,-15.0,87.0,Evil_Twin
80.0,2.0,0.0,0.0,0.0,0.0,0.0,2.0,85.0,Evil_Twin
80.0,0.0,0.0,0.0,0.0,0.0,0.0,-23.0,81.0,Evil_Twin
80.0,3.0,0.0,0.0,0.0,0.0,0.0,-13.0,84.0,Evil_Twin
80.0,2.0,0.0,0.0,0.0,-1.0,0.0,-12.0,85.0,Evil_Twin
60.0,-2.0,1.0,0.0,0.0,-1.0,178.0,14.0,80.0,Evil_Twin
80.0,0.0,0.0,0.0,0.0,0.0,-42.0,15.0,85.0,Evil_Twin
80.0,0.0,0.0,0.0,0.0,0.0,178.0,-17.0,82.0,Evil_Twin
60.0,0.0,0.0,0.0,0.0,0.0,178.0,-3.0,79.0,Evil_Twin
70.0,-2.0,0.0,0.0,-1.0,0.0,178.0,-14.0,76.0,Evil_Twin
70.0,0.0,0.0,0.0,0.0,-1.0,178.0,-3.0,82.0,Evil_Twin
60.0,0.0,0.0,0.0,0.0,0.0,0.0,-4.0,78.0,Evil_Twin
70.0,0.0,0.0,0.0,0.0,0.0,172.0,-19.0,83.0,Evil_Twin
80.0,0.0,-1.0,0.0,-1.0,3.0,0.0,33.0,63.0,Evil_Twin
70.0,0.0,-1.0,0.0,0.0,0.0,0.0,-9.0,80.0,Evil_Twin
80.0,0.0,0.0,0.0,0.0,0.0,1.0,-3.0,85.0,Evil_Twin
80.0,0.0,0.0,0.0,0.0,0.0,0.0,-5.0,84.0,Evil_Twin
70.0,-2.0,0.0,0.0,-1.0,0.0,178.0,0.0,82.0,Evil_Twin
80.0,0.0,-1.0,0.0,-1.0,0.0,0.0,-10.0,83.0,Evil_Twin
70.0,0.0,-1.0,0.0,0.0,0.0,0.0,-19.0,79.0,Evil_Twin
80.0,0.0,-1.0,0.0,0.0,-1.0,37.0,-26.0,83.0,Evil_Twin
70.0,2.0,0.0,0.0,-1.0,0.0,0.0,-19.0,83.0,Evil_Twin
60.0,0.0,0.0,0.0,-6.0,2.0,177.0,-4.0,82.0,Evil_Twin
60.0,1.0,-1.0,0.0,-1.0,0.0,0.0,-13.0,77.0,Evil_Twin
0.0,-1.0,0.0,0.0,-1.0,0.0,-4.0,-200.0,-200.0,Evil_Twin
80.0,2.0,2.0,0.0,0.0,-1.0,-143.0,49.0,79.0,Evil_Twin
0.0,0.0,0.0,4.0,0.0,0.0,-3.0,-200.0,-200.0,Evil_Twin
60.0,2.0,0.0,0.0,-1.0,-2.0,0.0,-19.0,89.0,Evil_Twin
80.0,0.0,0.0,0.0,-4.0,0.0,178.0,3.0,79.0,Evil_Twin
80.0,0.0,0.0,0.0,0.0,0.0,-174.0,4.0,80.0,Evil_Twin
80.0,0.0,-1.0,0.0,0.0,-1.0,0.0,-14.0,82.0,Evil_Twin
80.0,0.0,0.0,0.0,0.0,0.0,0.0,-16.0,95.0,Evil_Twin
70.0,0.0,0.0,0.0,-3.0,-2.0,0.0,-15.0,78.0,Evil_Twin
80.0,0.0,0.0,0.0,-4.0,-4.0,1.0,-17.0,81.0,Evil_Twin
80.0,0.0,0.0,0.0,0.0,0.0,178.0,-11.0,83.0,Evil_Twin
80.0,0.0,0.0,0.0,-3.0,0.0,178.0,-16.0,83.0,Evil_Twin
80.0,1.0,0.0,0.0,-8.0,0.0,0.0,4.0,82.0,Evil_Twin
80.0,0.0,-1.0,0.0,0.0,0.0,179.0,10.0,78.0,Evil_Twin
60.0,0.0,0.0,0.0,0.0,0.0,0.0,5.0,79.0,Evil_Twin
80.0,0.0,0.0,0.0,0.0,0.0,115.0,-8.0,81.0,Evil_Twin
70.0,3.0,0.0,-1.0,4.0,0.0,177.0,-2.0,82.0,Evil_Twin
60.0,-1.0,0.0,0.0,0.0,0.0,177.0,-3.0,82.0,Evil_Twin
80.0,1.0,1.0,0.0,-1.0,0.0,-144.0,12.0,84.0,Evil_Twin
60.0,0.0,0.0,0.0,-2.0,0.0,0.0,-2.0,84.0,Evil_Twin
80.0,0.0,0.0,0.0,-1.0,0.0,1.0,-13.0,84.0,Evil_Twin
80.0,0.0,0.0,0.0,0.0,0.0,-36.0,13.0,82.0,Evil_Twin
60.0,0.0,0.0,0.0,0.0,1.0,0.0,-18.0,85.0,Evil_Twin
80.0,0.0,-1.0,0.0,0.0,-1.0,37.0,-32.0,83.0,Evil_Twin
80.0,0.0,0.0,0.0,0.0,0.0,-36.0,13.0,82.0,Evil_Twin
60.0,0.0,0.0,0.0,0.0,0.0,173.0,0.0,79.0,Evil_Twin
60.0,0.0,0.0,0.0,0.0,-2.0,178.0,-6.0,80.0,Evil_Twin
70.0,2.0,-1.0,0.0,-1.0,-1.0,0.0,-21.0,82.0,Evil_Twin
70.0,0.0,-2.0,0.0,-1.0,-2.0,0.0,25.0,80.0,Evil_Twin
70.0,0.0,0.0,0.0,0.0,0.0,85.0,-10.0,78.0,Evil_Twin
80.0,0.0,0.0,0.0,-2.0,1.0,-3.0,4.0,82.0,Evil_Twin
70.0,0.0,0.0,0.0,0.0,0.0,-6.0,0.0,78.0,Evil_Twin
80.0,-4.0,0.0,0.0,1.0,0.0,179.0,-5.0,81.0,Evil_Twin
80.0,2.0,0.0,0.0,-2.0,0.0,0.0,-24.0,77.0,Evil_Twin
80.0,0.0,0.0,0.0,0.0,-1.0,43.0,-6.0,82.0,Evil_Twin
80.0,-2.0,0.0,0.0,-1.0,-1.0,178.0,22.0,80.0,Evil_Twin
80.0,0.0,0.0,0.0,0.0,0.0,0.0,-9.0,83.0,Evil_Twin
80.0,0.0,0.0,0.0,1.0,0.0,-67.0,20.0,83.0,Evil_Twin
70.0,0.0,0.0,0.0,1.0,0.0,0.0,-5.0,84.0,Evil_Twin
70.0,0.0,0.0,0.0,-1.0,0.0,86.0,2.0,82.0,Evil_Twin
70.0,0.0,0.0,0.0,1.0,0.0,178.0,2.0,83.0,Evil_Twin
0.0,0.0,0.0,4.0,0.0,0.0,-3.0,-200.0,-200.0,Evil_Twin
70.0,0.0,0.0,0.0,-1.0,0.0,0.0,-11.0,85.0,Evil_Twin
80.0,0.0,0.0,0.0,-1.0,0.0,0.0,-7.0,82.0,Evil_Twin
60.0,0.0,0.0,0.0,0.0,0.0,0.0,-15.0,78.0,Evil_Twin
80.0,0.0,0.0,0.0,0.0,0.0,0.0,-13.0,84.0,Evil_Twin
70.0,0.0,0.0,0.0,-1.0,0.0,0.0,-11.0,85.0,Evil_Twin
60.0,0.0,0.0,0.0,0.0,-1.0,178.0,5.0,82.0,Evil_Twin
80.0,-2.0,0.0,0.0,-1.0,0.0,178.0,4.0,80.0,Evil_Twin
80.0,0.0,-1.0,0.0,-1.0,3.0,0.0,33.0,63.0,Evil_Twin
80.0,0.0,0.0,0.0,-4.0,-3.0,0.0,-13.0,85.0,Evil_Twin
80.0,-1.0,0.0,0.0,0.0,0.0,175.0,-7.0,81.0,Evil_Twin
80.0,3.0,0.0,0.0,0.0,0.0,0.0,-12.0,80.0,Evil_Twin
70.0,-2.0,0.0,0.0,-1.0,0.0,178.0,26.0,75.0,Evil_Twin
60.0,1.0,0.0,0.0,0.0,-1.0,0.0,6.0,80.0,Evil_Twin
80.0,2.0,-1.0,0.0,0.0,-1.0,0.0,11.0,81.0,Evil_Twin
60.0,2.0,0.0,0.0,-8.0,0.0,0.0,-10.0,85.0,Evil_Twin
60.0,0.0,0.0,0.0,0.0,0.0,178.0,5.0,79.0,Evil_Twin
80.0,0.0,0.0,0.0,0.0,0.0,0.0,-4.0,80.0,Evil_Twin
70.0,0.0,0.0,0.0,0.0,-1.0,0.0,-7.0,86.0,Evil_Twin
70.0,0.0,0.0,0.0,0.0,0.0,178.0,-9.0,84.0,Evil_Twin
70.0,0.0,-1.0,0.0,0.0,0.0,0.0,-10.0,82.0,Evil_Twin
60.0,2.0,0.0,0.0,-1.0,-1.0,0.0,-8.0,78.0,Evil_Twin
70.0,0.0,0.0,0.0,0.0,0.0,178.0,0.0,82.0,Evil_Twin
80.0,0.0,0.0,0.0,0.0,0.0,178.0,0.0,82.0,Evil_Twin
80.0,0.0,1.0,0.0,0.0,0.0,-143.0,14.0,81.0,Evil_Twin
80.0,-3.0,-2.0,0.0,7.0,0.0,37.0,-33.0,96.0,Evil_Twin
60.0,0.0,0.0,0.0,-4.0,0.0,0.0,-4.0,82.0,Evil_Twin
70.0,0.0,0.0,0.0,0.0,-1.0,179.0,-2.0,82.0,Evil_Twin
60.0,0.0,0.0,0.0,-1.0,-3.0,178.0,-38.0,76.0,Evil_Twin
80.0,0.0,0.0,0.0,0.0,0.0,0.0,-8.0,81.0,Evil_Twin
60.0,2.0,0.0,0.0,0.0,-2.0,0.0,27.0,81.0,Evil_Twin
80.0,0.0,0.0,0.0,0.0,0.0,-76.0,5.0,84.0,Evil_Twin
60.0,0.0,0.0,0.0,0.0,0.0,0.0,1.0,82.0,Evil_Twin
70.0,0.0,-1.0,0.0,0.0,0.0,0.0,6.0,79.0,Evil_Twin
50.0,0.0,0.0,4.0,0.0,0.0,34.0,-200.0,-200.0,Evil_Twin
60.0,2.0,0.0,0.0,-2.0,0.0,0.0,29.0,81.0,Evil_Twin
80.0,0.0,1.0,0.0,1.0,0.0,178.0,-12.0,82.0,Evil_Twin
70.0,2.0,0.0,0.0,-1.0,0.0,0.0,-19.0,83.0,Evil_Twin
80.0,0.0,1.0,0.0,1.0,-1.0,178.0,-3.0,82.0,Evil_Twin
80.0,2.0,0.0,0.0,-1.0,-2.0,0.0,-16.0,90.0,Evil_Twin
80.0,0.0,0.0,0.0,0.0,0.0,178.0,-9.0,84.0,Evil_Twin
60.0,2.0,0.0,0.0,-2.0,0.0,0.0,29.0,81.0,Evil_Twin
80.0,2.0,-1.0,0.0,-1.0,0.0,0.0,-10.0,89.0,Evil_Twin
50.0,0.0,0.0,4.0,0.0,0.0,-3.0,-200.0,-200.0,Evil_Twin
80.0,0.0,0.0,0.0,0.0,0.0,104.0,-18.0,81.0,Evil_Twin
70.0,0.0,0.0,0.0,0.0,0.0,31.0,-5.0,82.0,Evil_Twin
80.0,0.0,0.0,0.0,2.0,1.0,0.0,10.0,82.0,Evil_Twin
60.0,-2.0,0.0,0.0,-1.0,0.0,178.0,0.0,78.0,Evil_Twin
80.0,-2.0,0.0,0.0,0.0,-1.0,178.0,9.0,85.0,Evil_Twin
70.0,2.0,0.0,0.0,-1.0,0.0,0.0,-2.0,83.0,Evil_Twin
70.0,2.0,0.0,0.0,-1.0,-2.0,0.0,-14.0,88.0,Evil_Twin
70.0,0.0,0.0,0.0,0.0,0.0,169.0,-14.0,81.0,Evil_Twin
80.0,0.0,0.0,0.0,0.0,0.0,0.0,16.0,83.0,Evil_Twin
80.0,0.0,0.0,0.0,-1.0,0.0,0.0,-1.0,80.0,Evil_Twin
80.0,3.0,0.0,0.0,1.0,0.0,0.0,-7.0,82.0,Evil_Twin
80.0,0.0,0.0,0.0,-7.0,-2.0,178.0,11.0,85.0,Evil_Twin
50.0,0.0,0.0,0.0,0.0,0.0,-14.0,-2.0,77.0,Evil_Twin
70.0,0.0,0.0,0.0,0.0,-1.0,0.0,-19.0,86.0,Evil_Twin
80.0,0.0,0.0,0.0,0.0,0.0,178.0,-11.0,85.0,Evil_Twin
100.0,0.0,0.0,1.0,0.0,0.0,0.0,12.0,112.0,Evil_Twin
70.0,0.0,0.0,0.0,0.0,0.0,0.0,8.0,80.0,Evil_Twin
80.0,0.0,0.0,0.0,0.0,0.0,-62.0,10.0,85.0,Evil_Twin
80.0,0.0,0.0,0.0,0.0,0.0,59.0,0.0,83.0,Evil_Twin
80.0,-2.0,0.0,0.0,-1.0,-1.0,178.0,-28.0,81.0,Evil_Twin
70.0,2.0,0.0,0.0,-2.0,-1.0,0.0,-15.0,85.0,Evil_Twin
80.0,0.0,0.0,0.0,-1.0,-1.0,178.0,-11.0,85.0,Evil_Twin
60.0,-1.0,0.0,0.0,0.0,0.0,177.0,-7.0,82.0,Evil_Twin
90.0,0.0,0.0,2.0,0.0,0.0,178.0,-17.0,108.0,Evil_Twin
80.0,-2.0,0.0,0.0,0.0,-2.0,177.0,-28.0,82.0,Evil_Twin
80.0,3.0,0.0,0.0,-8.0,0.0,0.0,-17.0,83.0,Evil_Twin
80.0,0.0,0.0,0.0,0.0,0.0,178.0,0.0,80.0,Evil_Twin
80.0,-2.0,0.0,0.0,0.0,0.0,178.0,-8.0,81.0,Evil_Twin
60.0,0.0,0.0,0.0,0.0,0.0,-138.0,-4.0,82.0,Evil_Twin
80.0,0.0,0.0,0.0,-1.0,-1.0,178.0,-11.0,85.0,Evil_Twin
70.0,0.0,0.0,0.0,-1.0,0.0,178.0,9.0,78.0,Evil_Twin
80.0,-2.0,0.0,0.0,-1.0,0.0,178.0,-10.0,80.0,Evil_Twin
80.0,0.0,0.0,0.0,0.0,0.0,104.0,-18.0,81.0,Evil_Twin
70.0,0.0,0.0,0.0,-1.0,0.0,0.0,-12.0,84.0,Evil_Twin
70.0,0.0,0.0,0.0,-3.0,0.0,178.0,4.0,83.0,Evil_Twin
60.0,2.0,0.0,0.0,-1.0,0.0,0.0,-1.0,82.0,Evil_Twin
70.0,-2.0,0.0,0.0,0.0,0.0,178.0,-5.0,76.0,Evil_Twin
60.0,0.0,0.0,0.0,-1.0,-1.0,0.0,26.0,80.0,Evil_Twin
80.0,0.0,0.0,0.0,0.0,0.0,-179.0,2.0,82.0,Evil_Twin
70.0,-4.0,0.0,0.0,2.0,0.0,178.0,-12.0,83.0,Evil_Twin
80.0,0.0,0.0,0.0,0.0,0.0,8.0,-5.0,82.0,Evil_Twin
80.0,-2.0,0.0,0.0,-1.0,-1.0,178.0,20.0,82.0,Evil_Twin
10.0,-1.0,0.0,0.0,0.0,0.0,-2.0,-200.0,-200.0,Evil_Twin
80.0,0.0,0.0,0.0,0.0,0.0,178.0,5.0,83.0,Evil_Twin
80.0,4.0,0.0,0.0,0.0,0.0,0.0,-23.0,85.0,Evil_Twin
70.0,-2.0,0.0,0.0,0.0,-1.0,178.0,-19.0,81.0,Evil_Twin
80.0,-2.0,1.0,0.0,0.0,-1.0,178.0,-22.0,83.0,Evil_Twin
70.0,0.0,0.0,0.0,0.0,0.0,178.0,-19.0,80.0,Evil_Twin
0.0,0.0,0.0,3.0,0.0,0.0,-3.0,-200.0,-200.0,Evil_Twin
80.0,-1.0,1.0,0.0,0.0,-2.0,178.0,-21.0,83.0,Evil_Twin
80.0,0.0,0.0,0.0,0.0,0.0,0.0,5.0,81.0,Evil_Twin
70.0,2.0,-1.0,0.0,-1.0,-1.0,0.0,-30.0,81.0,Evil_Twin
80.0,-2.0,0.0,0.0,0.0,0.0,178.0,0.0,82.0,Evil_Twin
80.0,0.0,0.0,0.0,0.0,0.0,-145.0,-19.0,81.0,Evil_Twin
80.0,0.0,0.0,1.0,0.0,0.0,0.0,20.0,87.0,Evil_Twin
80.0,-2.0,-3.0,0.0,2.0,-2.0,37.0,-26.0,94.0,Evil_Twin
60.0,0.0,0.0,0.0,0.0,0.0,173.0,-2.0,84.0,Evil_Twin
60.0,-3.0,0.0,0.0,-8.0,0.0,179.0,-20.0,82.0,Evil_Twin
80.0,2.0,-1.0,0.0,-1.0,-1.0,0.0,-21.0,83.0,Evil_Twin
70.0,3.0,0.0,0.0,-1.0,0.0,178.0,7.0,78.0,Evil_Twin
70.0,0.0,0.0,0.0,0.0,0.0,0.0,-10.0,84.0,Evil_Twin
80.0,1.0,0.0,0.0,0.0,-1.0,0.0,-7.0,83.0,Evil_Twin
70.0,0.0,0.0,0.0,0.0,0.0,151.0,-15.0,80.0,Evil_Twin
100.0,0.0,0.0,1.0,0.0,0.0,0.0,3.0,104.0,Evil_Twin
70.0,0.0,0.0,0.0,0.0,0.0,31.0,-14.0,83.0,Evil_Twin
70.0,0.0,0.0,0.0,-7.0,0.0,178.0,-4.0,81.0,Evil_Twin
80.0,2.0,0.0,0.0,-1.0,0.0,0.0,-18.0,64.0,Evil_Twin
60.0,0.0,0.0,0.0,0.0,0.0,-158.0,4.0,81.0,Evil_Twin
70.0,0.0,0.0,0.0,0.0,0.0,178.0,2.0,80.0,Evil_Twin
70.0,0.0,0.0,0.0,0.0,0.0,178.0,-10.0,84.0,Evil_Twin
80.0,0.0,0.0,0.0,0.0,-1.0,178.0,-4.0,83.0,Evil_Twin
80.0,1.0,0.0,0.0,-9.0,0.0,0.0,-11.0,83.0,Evil_Twin
80.0,0.0,0.0,0.0,0.0,0.0,-46.0,8.0,84.0,Evil_Twin
80.0,0.0,-2.0,0.0,0.0,1.0,1.0,2.0,84.0,Evil_Twin
70.0,0.0,0.0,0.0,-3.0,1.0,175.0,9.0,77.0,Evil_Twin
80.0,2.0,0.0,0.0,-1.0,0.0,0.0,-15.0,95.0,Evil_Twin
70.0,2.0,-1.0,0.0,0.0,-2.0,0.0,25.0,77.0,Evil_Twin
70.0,0.0,0.0,0.0,0.0,0.0,178.0,-13.0,84.0,Evil_Twin
70.0,-2.0,0.0,0.0,0.0,0.0,178.0,-5.0,86.0,Evil_Twin
70.0,0.0,0.0,0.0,0.0,0.0,0.0,-4.0,84.0,Evil_Twin
70.0,0.0,0.0,1.0,0.0,0.0,-2.0,-200.0,-200.0,Evil_Twin
80.0,0.0,0.0,0.0,0.0,0.0,0.0,-5.0,85.0,Evil_Twin
60.0,-1.0,-1.0,0.0,0.0,0.0,178.0,6.0,81.0,Evil_Twin
80.0,0.0,0.0,0.0,0.0,0.0,0.0,-4.0,85.0,Evil_Twin
70.0,0.0,0.0,0.0,0.0,1.0,-20.0,23.0,80.0,Evil_Twin
80.0,2.0,0.0,0.0,-8.0,0.0,0.0,11.0,82.0,Evil_Twin
80.0,-2.0,0.0,0.0,-1.0,0.0,175.0,2.0,81.0,Evil_Twin
60.0,0.0,-1.0,0.0,0.0,0.0,0.0,-6.0,84.0,Evil_Twin
60.0,0.0,1.0,0.0,-1.0,-2.0,178.0,-10.0,79.0,Evil_Twin
80.0,0.0,0.0,0.0,0.0,0.0,178.0,-4.0,79.0,Evil_Twin
80.0,-1.0,0.0,0.0,-8.0,0.0,178.0,-4.0,81.0,Evil_Twin
70.0,0.0,0.0,0.0,0.0,0.0,176.0,-3.0,82.0,Evil_Twin
80.0,0.0,0.0,0.0,0.0,0.0,0.0,-5.0,85.0,Evil_Twin
80.0,-2.0,0.0,0.0,0.0,0.0,178.0,3.0,81.0,Evil_Twin
70.0,0.0,0.0,0.0,0.0,0.0,178.0,-13.0,80.0,Evil_Twin
70.0,0.0,0.0,0.0,2.0,2.0,0.0,13.0,82.0,Evil_Twin
70.0,2.0,0.0,0.0,0.0,0.0,179.0,8.0,60.0,Evil_Twin
80.0,0.0,0.0,0.0,0.0,0.0,0.0,-8.0,84.0,Evil_Twin
60.0,0.0,0.0,0.0,0.0,0.0,-168.0,-6.0,78.0,Evil_Twin
80.0,0.0,0.0,0.0,1.0,0.0,178.0,-24.0,82.0,Evil_Twin
80.0,-1.0,0.0,0.0,0.0,0.0,175.0,-7.0,81.0,Evil_Twin
70.0,0.0,0.0,0.0,0.0,0.0,-6.0,3.0,82.0,Evil_Twin
80.0,0.0,0.0,0.0,-1.0,0.0,0.0,-3.0,84.0,Evil_Twin
80.0,0.0,0.0,0.0,0.0,0.0,178.0,0.0,82.0,Evil_Twin
70.0,0.0,-1.0,0.0,-1.0,0.0,0.0,-9.0,83.0,Evil_Twin
80.0,0.0,0.0,0.0,0.0,0.0,-148.0,2.0,81.0,Evil_Twin
60.0,0.0,0.0,0.0,0.0,0.0,0.0,-2.0,81.0,Evil_Twin
80.0,0.0,0.0,0.0,0.0,0.0,0.0,17.0,80.0,Evil_Twin
80.0,0.0,0.0,0.0,-7.0,-2.0,178.0,11.0,85.0,Evil_Twin
70.0,0.0,-1.0,0.0,0.0,0.0,0.0,-13.0,85.0,Evil_Twin
80.0,1.0,0.0,0.0,2.0,1.0,37.0,-31.0,89.0,Evil_Twin
80.0,0.0,0.0,0.0,-1.0,0.0,0.0,-10.0,84.0,Evil_Twin
80.0,-2.0,0.0,0.0,-1.0,0.0,178.0,22.0,80.0,Evil_Twin
80.0,0.0,0.0,0.0,0.0,0.0,0.0,-6.0,85.0,Evil_Twin
60.0,0.0,0.0,4.0,0.0,0.0,-3.0,-200.0,-200.0,Evil_Twin
80.0,0.0,0.0,0.0,0.0,0.0,0.0,-5.0,87.0,Evil_Twin
60.0,0.0,0.0,0.0,0.0,0.0,0.0,-9.0,85.0,Evil_Twin
70.0,-2.0,0.0,0.0,-1.0,0.0,178.0,0.0,79.0,Evil_Twin
80.0,0.0,-1.0,0.0,0.0,-1.0,0.0,10.0,84.0,Evil_Twin
80.0,2.0,0.0,0.0,-1.0,-1.0,0.0,-32.0,77.0,Evil_Twin
70.0,1.0,0.0,0.0,-1.0,0.0,0.0,-10.0,85.0,Evil_Twin
60.0,0.0,0.0,0.0,0.0,0.0,-148.0,3.0,80.0,Evil_Twin
70.0,2.0,0.0,0.0,-1.0,-1.0,0.0,20.0,78.0,Evil_Twin
60.0,0.0,0.0,4.0,0.0,0.0,-3.0,-200.0,-200.0,Evil_Twin
50.0,-4.0,0.0,0.0,0.0,0.0,178.0,5.0,77.0,Evil_Twin
70.0,0.0,0.0,0.0,0.0,0.0,0.0,4.0,81.0,Evil_Twin
70.0,2.0,-1.0,0.0,-1.0,-1.0,0.0,20.0,78.0,Evil_Twin
60.0,0.0,0.0,0.0,0.0,0.0,0.0,-1.0,75.0,Evil_Twin
60.0,1.0,0.0,0.0,0.0,-1.0,0.0,8.0,80.0,Evil_Twin
60.0,0.0,0.0,0.0,0.0,0.0,-168.0,-3.0,82.0,Evil_Twin
60.0,2.0,0.0,0.0,-1.0,0.0,0.0,28.0,69.0,Evil_Twin
60.0,1.0,0.0,0.0,-4.0,0.0,0.0,3.0,80.0,Evil_Twin
70.0,3.0,0.0,0.0,-8.0,0.0,0.0,5.0,81.0,Evil_Twin
60.0,0.0,-1.0,0.0,-1.0,-1.0,0.0,-9.0,83.0,Evil_Twin
80.0,0.0,0.0,0.0,0.0,0.0,0.0,-6.0,85.0,Evil_Twin
70.0,0.0,0.0,-1.0,0.0,0.0,178.0,-13.0,86.0,Evil_Twin
80.0,-3.0,0.0,0.0,-8.0,0.0,178.0,-17.0,80.0,Evil_Twin
70.0,0.0,0.0,0.0,0.0,-1.0,178.0,4.0,82.0,Evil_Twin
70.0,0.0,0.0,0.0,0.0,0.0,-144.0,-4.0,81.0,Evil_Twin
80.0,0.0,0.0,0.0,-1.0,0.0,0.0,-14.0,85.0,Evil_Twin
80.0,0.0,-1.0,0.0,0.0,-1.0,0.0,-14.0,82.0,Evil_Twin
60.0,0.0,0.0,0.0,1.0,-1.0,0.0,5.0,80.0,Evil_Twin
80.0,0.0,0.0,0.0,0.0,-1.0,27.0,-8.0,83.0,Evil_Twin
80.0,-1.0,0.0,0.0,0.0,2.0,179.0,-18.0,82.0,Evil_Twin
60.0,-1.0,1.0,0.0,0.0,-2.0,178.0,13.0,83.0,Evil_Twin
60.0,0.0,0.0,0.0,0.0,0.0,178.0,4.0,81.0,Evil_Twin
80.0,0.0,0.0,0.0,0.0,0.0,-60.0,5.0,81.0,Evil_Twin
110.0,0.0,0.0,0.0,0.0,0.0,0.0,18.0,112.0,Evil_Twin
70.0,0.0,-1.0,0.0,0.0,0.0,178.0,-8.0,81.0,Evil_Twin
80.0,0.0,0.0,0.0,0.0,0.0,0.0,-3.0,83.0,Evil_Twin
80.0,0.0,0.0,0.0,0.0,-1.0,1.0,-20.0,86.0,Evil_Twin
80.0,0.0,0.0,0.0,0.0,0.0,0.0,-13.0,88.0,Evil_Twin
60.0,0.0,0.0,0.0,0.0,0.0,0.0,-15.0,78.0,Evil_Twin
80.0,-2.0,0.0,0.0,-1.0,0.0,179.0,-2.0,80.0,Evil_Twin
60.0,0.0,-1.0,0.0,0.0,4.0,0.0,27.0,82.0,Evil_Twin
80.0,0.0,0.0,0.0,0.0,0.0,-3.0,20.0,84.0,Evil_Twin
80.0,0.0,0.0,0.0,0.0,0.0,34.0,-200.0,-200.0,Evil_Twin
60.0,0.0,0.0,0.0,1.0,-1.0,0.0,5.0,80.0,Evil_Twin
70.0,0.0,-1.0,0.0,0.0,0.0,37.0,-17.0,83.0,Evil_Twin
60.0,0.0,0.0,0.0,0.0,-1.0,0.0,5.0,80.0,Evil_Twin
80.0,0.0,0.0,0.0,-1.0,-1.0,1.0,-15.0,85.0,Evil_Twin
70.0,0.0,0.0,0.0,0.0,0.0,178.0,-4.0,83.0,Evil_Twin
55.324566748962916,-0.1376939566169999,0.9753313714252766,1.4160803071547294,-0.7105999271424503,-0.9677617754022042,-78.87776782518496,-27.325842479029703,75.25072778964697,FDI
76.26458068776155,2.4911125856692173,1.722478250509836,1.53657795088237,1.6518975129775508,-1.2121162595503625,168.3625146534552,-71.05039144991238,97.21428397419359,FDI
83.47312640215951,0.2762865116797155,2.4535709426409587,2.625832713243434,2.3401077750150234,-0.8505418774866598,104.14964387800111,9.811263075608782,84.1097587397299,FDI
72.95835940267419,2.652100069054381,2.5179360569916405,0.9003127829985809,-2.188985742464421,-1.0992986959671192,164.53825985994473,23.2486878479487,89.06172491658847,FDI
66.87163276386796,3.4523124398543015,2.206208406813708,2.0156827726836424,-0.07152040660025544,-0.6237721963780645,14.759599162224085,28.66357976873751,106.9332818332808,FDI
82.766419449008,5.0166751797209495,1.2376459375824984,2.5807038833792832,2.519189844758958,0.22315023476800858,115.73956563895902,-18.641757568975212,89.88971198397233,FDI
51.62809299033143,2.436183202886151,0.7628134084411078,1.8082565021607793,-2.783599111145822,-1.580071111425421,-74.09698493519495,-28.548516144219292,-15.952590670259497,FDI
84.82189963691546,0.11352479992140974,0.44768709633871506,0.9919108621052383,-2.6107868392712303,-0.35349111094841845,57.690242213960346,-16.28896805228548,4.825164643753425,FDI
82.71664222555552,0.24334739623184487,2.1205654577518094,2.3968717802916406,0.749859822262231,-0.5797284412448672,48.70395334615166,-11.09308190529353,6.401927174583584,FDI
43.96748379274627,0.8224812620687783,1.7460578320060005,2.5165364249714157,-1.9523218993158789,-0.4068792946192717,51.43083682685238,-34.47894036190214,37.46108415908056,FDI
77.6682396829865,0.04959047586314114,1.5966731283525908,1.8684327049158136,-2.5535332346728836,0.2677460579838057,-55.024915958333594,3.7390285609217386,19.256817408856257,FDI
94.22103841139926,0.5150367777769628,0.5929675338135094,1.32508008772066,0.44960937625851083,-1.168474139671078,159.09602727728407,20.394717908982212,63.51190722111741,FDI
75.87127541312105,0.42386955713899876,1.2615215306349417,0.9871537676788138,-0.4839535348020448,-0.7469479768737461,-10.145656237124982,13.439274379750906,45.27369523822368,FDI
97.53303035008044,2.4690206982434724,0.969635812889848,2.171695203027706,1.18688576683159,-1.4465749872201923,-39.47879440520198,-36.15020961497525,40.24176874098278,FDI
79.80289723702317,1.925957531545861,1.2899657749192717,2.5309281363141696,0.28756741359032156,-0.7608445019338161,95.46321504947257,-22.227540573565683,90.15321265416864,FDI
78.74697852127116,1.8445496835484516,2.8034347002334767,-1.0804434838055355,2.375158523762745,-0.11028892016365568,96.13967536673229,-43.194479413514486,135.04947186166532,FDI
85.88815266333675,0.7389045342352025,2.135219401450352,1.558545189967377,2.7201265398077705,1.0007818557372476,-83.97388682929541,21.436997694040283,-2.641510196619052,FDI
81.77544666947307,2.4504566809791197,1.9342347105367546,2.33628336599139,-1.3872509466560683,0.5447801234531904,321.4122337506543,-5.048545791334121,18.82104425534157,FDI
67.88950137711203,3.092545383124195,1.7119662867756051,2.518588650291667,-1.09151519368532,0.16490654376237537,83.06374122319407,-62.40233641845103,74.38965363668773,FDI
68.80219222925179,1.3434991649018737,1.8505794164255067,2.3885309516668003,-3.094507322141621,-0.23496166176563052,136.84817479774603,68.13251829438249,125.89844122510209,FDI
92.23229367451064,-0.5054488457401201,2.563785468049383,1.5676823435036422,-0.6797298235090963,0.6357718279354798,16.214125941021365,-103.19885605583832,-23.016853814381093,FDI
73.78156341022668,2.6861582300510105,1.176166758957422,1.8694504485504926,1.9136474920263928,-1.0892180152362367,90.78723304872713,-30.659003060286256,151.7491016017833,FDI
58.81716891067255,-0.1817044990715695,0.9917305866966643,1.5156159454505445,-1.4629964458200588,0.07532107871238727,180.19367279082206,-18.051194707437713,126.57886243950603,FDI
66.96894400815877,3.342571466670601,2.0894288654912794,0.8931662833190515,1.3434617656734265,0.9985742962453383,176.2820258764229,-67.13109063763949,-13.859178158267383,FDI
79.2324976555942,1.5952486862936794,2.4340638555712344,0.3680074323987783,-0.24148954911839388,0.6067849765196833,-5.782011910580451,-13.558888206453485,72.0808395985186,FDI
62.40042486493383,0.5133647451833128,2.1141378436254348,1.2742236692167082,-1.6011862077231813,-1.4660922149370967,10.0004845611479,-0.9630615227525201,-10.436792803708272,FDI
92.52951084518803,1.1495145365905448,2.2305000139932156,2.421754744644958,-1.2216251975096952,0.14470842893372624,44.132691603573036,89.07114642814348,25.344611256144447,FDI
70.64845757776004,1.4511791156548803,0.5643698159564366,1.0084274294477977,-1.79210569736021,-0.3546224015815944,-136.44445097929167,-5.323465977347068,24.769064375955928,FDI
67.98043895090493,-0.18425411513678003,1.1762111589154967,1.6422345234356182,0.3506396163011861,0.7152904718552411,32.16414318200853,-97.41964427316144,92.72953077089858,FDI
78.15460733932146,1.2979819278196036,1.2064020704522138,1.7565363317486475,0.5224275414930066,-1.1499859406426438,-79.30537911314498,-30.327639258713603,19.871602052849596,FDI
66.0536464288868,3.0308548991938467,2.145808524729596,3.657237109691446,-2.3134506191025044,-0.31438272529529926,129.15445933208457,7.87447804478014,125.33624392312679,FDI
73.24221872658698,3.3573707240701594,1.4234916203027466,2.2627330493395768,-1.445016054749452,-0.3087845897682482,-12.189373703933995,15.971302871396343,22.773320296943865,FDI
68.37312400843562,3.385937122881847,2.2207095185319248,1.3761618737487649,-2.142981028638098,0.06184403281542386,87.08901839918732,-17.108086841852053,12.533107584679783,FDI
74.88053238437837,1.6183816004283735,1.9828702882725464,1.5115194028232288,0.18747217418579476,-1.0218643797004479,-218.2828071766138,-23.234035015887585,6.385389461508957,FDI
73.02203640825464,-0.07025238322851823,1.5002311448920493,0.8971713818199145,0.8904772073829572,-0.2579297122583585,207.38665292367534,-63.16073780863694,8.859950994301592,FDI
56.090336889891375,3.670044362570981,2.3030063005765022,1.4514871987131466,-0.15212825392956764,0.1749916589483775,42.61434486953604,-37.93732941125531,-2.719871712951388,FDI
64.68549000500069,-0.10753079161528634,1.7582655195764236,2.090094784554989,-1.1274725806328236,-0.5067974849230751,-46.24337067475099,-31.03648542324096,25.143656379436074,FDI
81.16450217292177,2.7015051434728456,2.2048062087360316,2.3318125126399893,0.7453440347212315,-0.8984034887324414,6.620994011025218,-12.386083077406285,7.861714392755339,FDI
70.86242697938636,0.19809828397363782,1.4029809223885417,1.6681386137093934,-0.38123698043879206,-0.7748270815473852,189.58295431643228,77.28521986925774,45.980379936240624,FDI
88.35393193919464,-0.5764619314700778,1.444332841079031,2.7588345423288114,-3.6403472562163515,-0.05659107153029988,-100.79534654162596,6.247081547283642,126.31890482198042,FDI
65.26888460019819,2.07449563873987,1.4132525896915782,2.7841962969305074,-3.0811284505131153,-0.16240459814588104,-30.920664168137137,4.817596194579156,66.43468615386702,FDI
76.53923816915368,3.76037831756204,1.2696615878353443,1.0257327802742704,2.8823004193707646,-0.7109677921623991,195.7016280457221,4.6156709589583365,-60.850151925329484,FDI
69.44431404789822,1.9469664127925512,2.1195539465151323,1.8825259693540246,0.9840434076805578,0.8325763251828577,95.53497133748822,-3.816966747908115,180.02786640815094,FDI
72.73338051302183,2.7265143626774013,0.9124817561874434,2.3256275736217944,0.5803442892479713,-0.5655459315384948,27.946236661320523,138.3790241285921,54.474752672374166,FDI
88.09819181016766,1.92527895917013,1.4112482990232786,0.8271984718279091,0.9232049466109837,0.019960661585770728,-40.24035890649195,-22.38400995399195,91.33948190899481,FDI
39.391522971363116,-0.26716927364036547,2.6453312951870167,0.5990562921524916,2.4585904499855697,0.3014194389961101,64.13170995528988,5.412230293512028,-22.68203800638355,FDI
85.69823042239213,2.73016750661193,0.7109170750346745,2.887255663634246,-0.6656079891057738,-0.6541302011907825,115.94488770167878,-16.664708125533892,83.40297700513747,FDI
79.40826335375188,2.8729122586642335,1.8013726151123146,2.4296539083337514,-2.0218627321037874,-0.7999173604445541,-72.46192754822839,-14.775129287149447,14.732703069467519,FDI
81.373828906557,2.168557321273927,0.6467411604716171,0.645513820445554,1.1504889546666475,-1.2597173143264278,78.58247969043053,17.618522916417717,124.39166070173366,FDI
85.61392897096258,1.7014748078650042,2.2671579824687753,2.198121718171734,-1.5294660870927712,-1.891649162921348,-3.7801279982718228,-25.646110783683653,72.47223053294856,FDI
82.52750845471049,3.2012060508866127,3.289437628670363,1.3049905083561337,-5.523325237338501,-1.61175235120959,-21.24791121361642,-36.753989277122244,78.63227769879938,FDI
86.24484910801999,4.525821613895589,2.0306950353863145,1.6685911264437687,-0.12943286232386858,-0.7943527263133259,257.6909235709221,5.598485212244725,32.75906539809237,FDI
86.29070078102811,2.9331113024380167,0.6484165610781559,0.99120243418929,1.6819564514807264,0.07533527462429393,139.14427580802874,-5.160785253256705,16.726852688878473,FDI
69.01990911615198,0.7804275557763984,1.8280653872383974,1.8007613384098664,0.36382736474006727,0.8172398010985897,3.70944673488696,-82.05823494068846,35.20041705543876,FDI
90.42777462977438,2.701116123030479,2.5222238651171143,1.5164289493503997,-2.275851046459567,0.7450489138088071,119.29996902561058,20.526881744584845,82.5156855789803,FDI
59.13011457870309,3.0032988064199153,2.578810211770795,2.126337027702659,1.0527590188692784,0.43893813214154753,64.52236190910183,-68.33094610234224,45.112672194825635,FDI
84.87970266256214,1.2517599189728816,0.7504883728687914,2.5354194416767024,0.6364768239048151,-0.2532243890949539,84.44825277924096,-13.028534976510368,136.97462814713305,FDI
72.7891900939605,2.40620377688342,1.4567785657968333,1.8262844431637435,1.246876495859274,-1.0321087997509257,112.68143447890633,-45.13937347492214,21.3443991613126,FDI
77.12344554597742,3.2398136777225472,0.5016403453076204,2.2518876717155827,0.0579995438518357,-1.366777799934179,-146.95996032950592,-19.012919868033208,-4.7855981898230056,FDI
71.92865630769394,4.30972814116859,1.334835313652826,1.1911703240820288,1.0049242648950067,0.3319203880559394,7.2873036427008415,8.74506116716762,81.35584459707097,FDI
67.04774356326115,3.1845868065684084,1.5979077850359982,1.4943867189691713,-0.34595693138835093,-0.4939857942491458,-65.4692144016143,8.03989667596311,85.00434178577845,FDI
68.9913165388682,0.9059188199881871,1.5293403016792042,2.1049534852592022,-0.5565504514449346,-1.1797280399715075,43.98522979574192,47.89047216577258,0.016234074223518746,FDI
82.600079356735,1.8538589901229239,0.9364292711647054,2.1806588994874314,-0.9620532114207181,-0.2558349079428301,-57.5854897949593,-5.707976409786204,80.26731226496219,FDI
92.64680574083874,3.1889412236397057,1.1796999368909842,1.9236658490743168,0.719531795666918,-1.0325095307235235,72.49622475546782,-41.282083510435854,197.73696588015804,FDI
102.24166686980023,2.6825118616479147,1.3760260681044867,2.408751460872004,-0.1924398179223527,-1.6294211439464115,69.62064893105428,-49.27230408179096,33.197358063384996,FDI
78.97358741078152,4.164846028710393,2.326539487121952,1.2701308631669297,0.8559921893755669,1.0689747578822164,26.55636708828285,15.979260868049934,40.29554519655092,FDI
66.95114775628743,1.3789266812758074,2.0079378719751357,2.125689451358988,1.711177646286332,0.3713858446948958,264.1181161936182,-77.4570094936483,-9.765479398028234,FDI
87.54115556752977,1.616816124469818,1.6219608560545782,2.548178522847526,-2.1909078775634288,0.20606573301167672,141.40027654485047,-14.965727696069731,60.542119331170895,FDI
84.88500819944606,1.809201912046414,1.833841600410917,2.447804323732248,1.3799048183969818,-0.03209283040482111,189.94571583907992,-57.55346465828451,58.09542768797763,FDI
81.80944231477199,1.4705731618391655,1.9806157621778773,2.19563620187024,1.3902050131982329,0.46314862866653683,-6.096207880335584,-63.84272911617556,27.056211894561145,FDI
89.24120504065675,0.8861049362001516,1.5703013058413946,1.7355478435692704,-0.800434244091622,0.08439494999795985,56.930317097213596,-21.711459256272622,135.1414492383926,FDI
64.09716206942963,1.6144853879343524,0.8774819330299668,2.5412058194941176,-0.9119428415288369,-0.7082998600917055,144.69725347800374,-27.605992377860336,136.92471024944973,FDI
68.46003456737294,1.8639220491880821,1.3723005994889745,1.9004222335000283,0.6832605843424271,0.10609812612364353,-10.072463402045557,23.079962485468418,25.238206789426933,FDI
77.26499607691514,4.194443092758563,1.3455845494335401,1.2958151832994065,-0.10358094572736715,0.9999648316087526,111.0965307317725,-41.072416119462154,155.3598142989013,FDI
47.75191235191643,1.9669692572812223,1.4272176827370737,0.8752221969315473,-1.982496905912082,0.6160952830072993,41.32449515195536,-55.2583402889548,106.95395567540227,FDI
82.65225792303178,2.4181465952996697,1.4093449962122317,1.6524016503271084,-1.0824540080624763,-0.43648714327419386,74.37415724637123,-11.460118421940237,121.47598897785589,FDI
88.43569220754672,2.153393222683371,1.2713438133368875,2.8412960395957905,1.5188806794970031,-1.0834324146089493,31.75116968063812,16.49823598138603,61.0748413028525,FDI
87.55414524461476,1.7698162507286044,2.1907926934896373,0.12828833489778035,0.9334450719987317,0.505969559215941,105.42377040479411,-42.503740500285545,92.96700851324802,FDI
68.60250411643098,2.3807565190775097,1.7092940465408537,2.37507779344517,0.33524126878263993,-0.9274667119638041,99.07447088838808,-28.47083586542484,33.51881761239721,FDI
79.2454084225348,1.1642944662536001,1.2197183841015455,1.8266853167198476,2.06458242059363,-0.15329528558548422,137.83831920634555,-25.872144104961492,100.95369862815545,FDI
49.94068235451833,1.495276616155504,1.2024584806172969,1.673007231638813,0.04452629091415039,-1.2590176183860873,109.94872664740404,-31.111926975066563,131.3408645362695,FDI
63.97044494572732,4.3395900680040755,0.5622706437278144,1.2200318804772363,-1.3155528331719255,-0.6391201211730131,128.82091093140156,-95.9438921672204,101.32210246411611,FDI
57.753929917930776,-0.09052516409240785,2.059395358051917,2.9323003687827653,-1.511919958753585,0.17806726501434147,-19.27294587290183,-22.918266266822833,160.84991090063457,FDI
87.8849409616713,1.6506695457406257,2.1608290505718495,1.6686669052149035,-1.761043239077877,-0.35511818292743225,-22.668140471099477,40.0100385613447,0.2675642425653706,FDI
80.02324697968291,-0.8852344638585179,0.9210218145038577,3.0238911358051785,-1.2846162054619943,-0.6504500897284207,-3.248889796185132,-51.673899351584694,57.410631636908136,FDI
68.0795256100462,-0.7198090644788957,1.6151237662231734,1.8531884456105774,-0.6058787655994823,-0.8819014142741051,62.778186550199734,-19.89053370236404,28.60370815296215,FDI
58.072513640288804,1.0092844571401822,1.1895640315286033,2.1077014990806373,-0.15229001998540231,-1.3867664935311768,121.50742048517411,-47.49307713004727,102.2475009765919,FDI
65.64254835490465,4.794192176503701,2.717941498697788,2.454387357596937,1.3670206879727087,0.4068895235067491,-20.276406415149523,56.47553183275069,101.6165366072217,FDI
46.311304061391425,-0.6255227847154878,1.7512560227519958,3.309549898229887,-2.0424626250515656,0.00416687647681474,175.43978994649433,73.28909462931023,68.40723809472185,FDI
66.5416171601363,1.105620240165488,1.6580853056053466,2.833681060417502,0.07687898703232499,0.37596315261772095,-10.429717994326964,7.987412231550618,97.77794418909075,FDI
98.45567881137482,2.855096953255041,3.2352007244786023,3.1134805658238793,-0.07144582370918695,0.013703651711966441,15.910761423099657,-46.71655021704767,36.08261833292969,FDI
55.79828423221059,2.6961976934340375,2.1759413293034875,2.102147865648326,-0.0007323410863957491,-1.5119074848351266,69.80675288759448,-16.701773010146564,41.53433482216194,FDI
72.02846494805891,1.5802335890782753,0.4657690554895165,2.050356808162962,0.006879044978197579,-1.051672429964655,55.290049197778934,40.37858874810152,11.565046102402874,FDI
55.78489209428843,1.0727537472103732,1.5647597673012101,1.9624204570282924,-0.37029455382814763,-0.2982209383011741,122.08295525682404,-62.22487363441688,127.24851920122519,FDI
77.33491508531829,2.682099946462481,1.831952400113647,0.16216158114681556,0.3362370821043096,-1.660900927693454,122.74139989588903,-4.7508816408276555,41.08352999790779,FDI
71.40609340569007,1.4830510938811696,2.1665862329438057,2.467402177495499,1.7626088298502458,-0.17929688549772527,53.17465831388194,-45.87712969486739,12.713147753940518,FDI
62.35880994020689,1.3229736519778987,0.8701895607343539,1.0978695074479572,0.9271624945183874,-1.4755444235164445,105.3838255720966,23.661593360221357,42.271043248746906,FDI
70.8987825779849,1.9525431324762055,1.386610715033882,2.9466471645377688,0.9744719461995031,0.38446463319282065,-32.290112309748295,-43.98125928089908,97.28824801407505,FDI
57.97466118944248,2.834918896231228,1.5727766187338,1.9624098922297082,3.4169850308540193,-0.6966817569135596,-11.921162664507008,15.132150869134513,-26.07787782655693,FDI
87.58374776424682,1.2598376857988056,2.0651861533198086,2.0993351387395385,-1.5100135927394125,0.48534252789380605,137.7980705027698,-40.18564469993326,40.5393018383985,FDI
95.82050596921218,2.2404230808678642,2.591330777821471,0.503575365849901,-2.450051323493919,0.6580578983549366,100.98565767231042,12.673093227235107,77.3098708667495,FDI
64.67170396683088,3.019627742824971,2.0809433515823805,1.8219851245592014,-0.002255022701075138,0.7813449659830503,-106.64493421124486,-16.437202306367332,-40.05008157298295,FDI
78.50607564981016,2.468866174990848,2.2325518281760526,0.4978076274399402,1.2912602395158408,0.15297694062117825,2.527272003525411,-16.866193419759227,196.40707979227943,FDI
73.54377361045032,3.1155965994371986,2.2402533493816676,1.6815628505437492,0.866158284456096,0.20036563514052588,53.19883477893195,-37.019310600641745,-50.755787815713845,FDI
70.739606262911,2.864237935569934,0.9495319126258777,0.6968796137529385,-4.186780560177979,-1.0039225690238058,160.05504312738805,-54.30508943206823,95.62172461434864,FDI
90.01786217087091,0.8008830997924359,0.8895711182714525,1.1250197517642633,0.2321386743119972,0.6459517240805761,-157.27170875210442,-60.8530056398464,85.26892835467645,FDI
66.79997896565773,0.6390597690376083,1.3224855759050969,2.3961323835907433,-1.0578642774845841,-0.5427116087950075,279.0107645295943,5.904336216534407,137.3546999420842,FDI
77.07502327195745,1.211149501797804,1.704841417857222,1.9773794137672,0.2888091752222355,-0.5756926129557753,193.98518193806717,5.504340990053034,97.20193896337395,FDI
64.33674781363412,4.3340484243977695,0.9335757304945453,1.8611064637553079,3.4505039333235414,-0.24130028819866464,55.72756179000313,-97.19760852983177,97.18179082537632,FDI
80.09964675231926,1.43227630724407,2.0523484606001476,1.8736732053655176,0.10289238881926854,-1.1020332065918328,-47.37841799431381,72.0928061596068,112.99078948728683,FDI
80.67117907964291,-0.9031687069250065,2.811711603766416,0.8941270191811788,-3.702811598994648,-0.013282300527696994,103.67636524813156,11.750654389182628,11.972322747591868,FDI
93.28197255986848,1.7944687082090949,1.6862183054398043,1.205280237738747,4.222717298636119,0.18474099924301043,21.09354127129408,11.103075601048399,30.863968140545566,FDI
85.93470460761922,2.4769922548774725,0.49425098775979226,1.497068086295933,0.19448469101153076,-0.6454351081333574,-25.459133754130704,-92.30419989147997,123.59467825647916,FDI
78.52047307977719,0.5255594084367926,0.7745465327642598,1.5587722856847959,-1.3721597363516604,-0.18423042908832893,0.504218481696654,-1.4958724349866035,134.67739573363673,FDI
58.22410123720758,2.4337809516542612,1.4669892862029537,1.3856455102670826,-0.8373495343018695,-1.1469027081689025,-25.103983032334853,-18.33300047008724,98.89453319949865,FDI
90.33811118444456,2.9685082722325298,1.2517377109572463,2.008659574778701,-2.9356631559839705,0.1829678761835031,110.97294753347842,-37.73837449819483,60.329523191227075,FDI
56.55803104411548,0.1567204661048378,1.5975707937039267,2.731877983516079,-0.49798656618381776,0.4185327218975946,57.89069173341121,-38.43079391580514,83.20356277179634,FDI
74.76105309929524,3.68851934989312,2.6329509405966025,2.0047128460547863,-1.830296887428875,0.09886571629981136,86.73912715178967,46.669125631884356,174.4084726198297,FDI
65.46771656525242,4.0954806509071515,1.2572983379538012,1.4594991447245746,-3.718571356293717,-0.4611401135536712,54.27562699677579,15.439707144634085,77.55661556261784,FDI
78.55568590238973,0.3425864705194114,1.5049493694361322,1.6519902664515302,-0.7817162322125761,-0.6909483463560303,37.192022486587284,112.49044437651816,-0.010530730525900367,FDI
65.41502873492206,1.6419437003445965,2.594489503227944,1.9714332694905623,-0.7794337004144697,-0.3718592744487964,-5.823807047019528,-16.935885563005943,94.63529699281784,FDI
56.406927759723956,3.1374723709776102,0.8270926024832237,3.6972048045493215,1.7141533562078404,0.5625294737199542,-91.96642270214478,-37.185747557988336,27.87639139968435,FDI
48.46716702191194,-1.2308959955153171,2.025459903513384,1.6857368733586993,-1.9053319073751986,0.09022381590670372,-6.657543567387471,-44.57681484530387,25.87805235092557,FDI
61.958577510456706,0.5084882723908879,0.5775298704711287,2.1936365289148143,-2.2706359736136315,-2.2156046322369933,58.4542348181427,-72.06082841662166,70.0248410809633,FDI
59.43198332149456,3.5912450844583192,2.38472386665732,1.5568857732875625,0.8571524892465441,0.9823182487544713,10.79951701880644,-63.16646168519185,50.33894984742429,FDI
20.445980532301302,1.94256323307356,2.4406311122048194,1.5002663619185426,-2.119261022903694,0.406756464747592,-16.888622837295557,5.942222036316956,136.64124860986456,FDI
72.22314741454065,1.7964191825602573,2.226266985204077,2.3835805265541703,0.39216117361906866,-1.2254395189298926,118.62298151090276,-52.398237702203005,-2.9036468755934948,FDI
70.24753443446616,-0.4775581989599378,0.5353597723676758,1.5202895590692407,-1.7696823831205062,-0.40210069978480645,-39.04700830709679,-35.10816398825999,50.18179612972858,FDI
86.0458572649278,2.7103805733728064,1.9275148614279494,1.2378072330971084,-0.11961705670044004,0.077260642386727,109.72473250545104,-24.73392351179654,80.15428113006269,FDI
46.28257676560359,2.9038859639606915,1.3825008643294174,2.4484855932816685,-2.8019259086562958,-0.7008136273523873,49.43250711544385,17.157261989467866,105.17607295549311,FDI
63.17557142518411,0.2893784115819016,1.432394881965633,1.810161861902541,-1.473980726773601,-1.0042632158987606,24.28183690152708,-11.10831482499841,104.25749129891688,FDI
63.018706321180886,2.4135072523176406,2.0879109077796274,1.788305512076966,-1.7724563670389915,-0.2368428849030043,-35.148634491856455,-47.97201229604855,154.7656914189178,FDI
106.1892332721173,1.8608932495332495,0.2439983918106794,1.5227686379672472,-2.8008731256546655,-0.24326121400491374,31.852760627106573,-51.69917773348162,16.33432495895711,FDI
75.43277667116509,5.629646114929388,2.225331480963914,1.4798480489727908,-0.9101276565813614,-0.28314462060689755,-6.516484541633076,24.18691213472845,130.06708029736802,FDI
78.34018039118318,0.05381314032632534,0.5519919372163024,0.807426669045722,-1.4492819333680154,0.33456509662295997,96.59265523194492,13.057965387736964,35.83979862295708,FDI
71.5834864709095,2.1680639271946385,1.7204531879951226,0.9705003941984897,-1.4094097136028747,-0.19215796431415738,69.6694337543498,-44.57252956603253,75.7842372086126,FDI
65.38253623432308,3.2168090643941873,1.1895389417419773,2.1943359979090684,-1.6355048388515818,0.3557856232461547,94.24405909507269,-35.14663151953917,120.08822837578926,FDI
50.391048397456025,2.5532790431955497,2.163001384439472,1.2079438174839274,-2.188636546883604,-0.8925668469258051,18.2580164082272,-43.340467362832996,22.982382093918865,FDI
91.86759158527728,-1.4419685486365763,1.2012496505068075,0.295216810756622,0.010353575598745501,0.4965143087175361,-15.935663208561067,-7.3543655840902105,57.85526290847955,FDI
83.48633072422842,4.682201475972578,1.2008373953811422,0.8101873207570862,0.19292218352888713,0.2521285739288839,83.71153007216986,-6.8489421460290005,23.99667670225967,FDI
68.13253533806471,1.444931365797407,0.9506573167846761,0.9708822629280434,0.12445702704201922,0.9494182422235515,2.218420543495519,77.99149434641862,144.66378371966465,FDI
59.01841437599111,3.8381297121959808,1.065364898230065,2.249618532203175,2.701631174496659,-0.5664557049785753,-3.6382192705344494,-23.629974331354887,116.4277158416549,FDI
68.68737183301553,2.2177526623145094,0.7995121395815579,0.9497726028042972,-3.358137212907117,-0.6379764092742609,143.33483461582261,-24.49256887762043,117.85752875272578,FDI
72.91354902723515,2.360069877447137,2.669608160138511,1.7841898012083226,-1.2779629047405456,0.5042853778269679,54.07794717549879,-27.881696801439922,152.7180296033489,FDI
82.36508859995551,2.0629721612659515,1.5488223542645772,0.5131236507741386,0.4058399610143967,-0.31803422371553786,110.93372363588762,-47.17214398201615,109.56922745399234,FDI
47.92255997512471,1.5417085790783436,2.078753865344453,2.350746096988136,-1.289715118001446,0.6835371090008344,51.989796327028564,53.86847528366437,26.017852374890623,FDI
84.1844693023582,2.447517963109815,1.686234679740371,0.5972810034338618,-2.111506602542058,-0.29952559600839546,-15.374845986811252,-27.562217705469543,77.20952864630935,FDI
63.56112544835589,2.3476549366762405,1.0223481517356987,2.23009525682149,-0.21528432489033905,1.2633875613594803,70.26640796838217,-51.30229507495986,186.8119405085628,FDI
71.7335206317317,-1.1512480585976375,1.0438286855707077,2.7256298183535073,0.8873037657431102,-0.07552354317442758,-48.33292928930149,-134.01726042803034,71.79954390323401,FDI
52.19226790184934,0.34163623684911837,2.060179665127622,2.345454689319167,0.8276399292822629,-0.03480112421304776,-35.75229351552389,-91.77689056480665,131.40999410747145,FDI
75.4603872625673,3.0551648053304143,1.0687114594270846,2.7284692369673267,-1.0798506507176189,-0.9412495286964674,-31.53130527940249,-55.77688306896641,67.72969106019441,FDI
77.91021862220205,1.9754436631080372,1.7576609345367584,1.0178818470049666,2.7925096997747776,-0.7064527832766246,44.42788270771136,-12.814195643854578,94.28669285480507,FDI
85.99433272106207,1.7919993799849014,1.5379106960218782,1.4876103766668878,2.6304036735965406,-0.9966580233998573,14.668107754161184,12.2564825173528,138.0623974523428,FDI
72.5714668475386,0.29183939802687286,1.4114949981267755,2.2488332506886315,-3.4147324488057302,0.4060557400204645,98.22670435361806,-73.53850350585522,-54.12763812384975,FDI
65.94971073881172,2.399002269288958,0.7036017583949725,1.1225120106614925,1.6249615232437769,-0.8487778291257093,122.90801533802995,4.781731146280439,-30.361688578161534,FDI
64.77223493182154,2.42984668499998,2.201594974688029,1.7949179358017509,-0.8496562198452098,-0.8119752138056742,-2.854322682730725,-67.19727560238522,182.34460909153654,FDI
100.98090095332749,2.06811641330339,2.106795369861928,1.0798456860491528,0.6976895668226037,-0.057075453497807765,192.21546649927546,-96.61166055290319,139.27951409189973,FDI
74.24699511907711,3.0906583776886505,2.541361687047693,1.8921218798741375,-1.3329310758512714,0.4011427157332945,140.7132592313659,-85.27004472184477,21.313235493408783,FDI
78.67691109153347,2.020285989576513,1.438727532818412,1.8678926790661095,-2.6212901519181164,0.0542294441573892,185.19996917145096,-109.1716195800107,28.550363127230774,FDI
71.40922273718803,1.7201033901069365,0.6301593949078634,1.0488862561992123,0.34104051040620353,0.5455819923964011,9.001647369046331,72.61649051075298,-18.895598657080257,FDI
55.62561036413689,3.151447546579438,2.6304894225193376,1.9042682373933195,-0.8280337623971965,-0.8938788746128036,6.132837146583647,36.70820893809197,55.30805754397703,FDI
78.47424463738444,1.8287040226485447,1.2766376980827485,3.339377623388078,-0.00013769995720869233,-0.1059722406396156,60.2405320956992,-85.70790953106751,122.66130274738858,FDI
84.45534014729107,1.3140810778996799,2.092258234001322,1.8468268045710963,1.5273421291711593,0.40569843276893347,60.079946498944736,-43.439686983258056,166.09892732985486,FDI
54.37614195822064,1.0883542582860213,1.9711152303771056,3.148265196328421,-1.7244271168060754,-0.1833979278110741,-54.19324449901568,-46.16483097341941,85.90117188679864,FDI
92.17316666406506,0.3568646177680146,1.2492904679076406,0.9733235575846546,-3.678446092958172,0.9027567003911579,15.587656620674252,72.32033878174514,-24.943130757127108,FDI
90.00847662104535,2.639012886416875,1.485246207462485,1.63080594407304,0.5052785019614174,-0.5813820243794329,208.37667385736347,26.06227827519403,-30.505747625462092,FDI
79.8378087138442,0.7192079698403884,1.3562148405741745,1.8696864546362884,-3.7118760017316488,-1.0436434011350428,188.66981468682667,-37.48877738361679,98.92466671164604,FDI
84.40542928222487,2.683579337600396,1.7399921428729626,1.4977564585749414,-0.8800759974843939,0.2597672133904425,123.61099730452314,3.4450202336604683,137.3225140465005,FDI
76.11022421118285,0.44431503204060996,1.970182460721481,2.5519644676557447,0.2713671881375598,-1.7058363556249143,25.095719774348773,-75.7604827957414,55.06725699933308,FDI
70.71908234617115,0.5729204537658174,2.3290239198843325,1.2008629317348996,-0.8046410911446467,0.6436152216699883,108.01649606510782,-27.342399602200306,111.47971750556975,FDI
72.636231650477,1.087224507624461,0.8140924425286438,2.2735566132178904,0.5974988692720695,-0.8840995492656504,45.09749048658343,6.07131614314812,84.14605610747344,FDI
77.41352171811175,0.8393894839482072,2.7148603969791303,2.0276129127075886,-1.2023630845297038,-0.5334672829065529,133.53294019688877,-97.69472052519787,71.74481169428245,FDI
82.73022752883445,2.9758412663715412,1.2332577555796531,1.1948104862480813,0.5258963495222755,1.4560793429008174,-24.951028722009,47.574291918004604,17.66462241667915,FDI
69.59608764770068,1.6093331785927396,1.4589725329980363,2.094986782627618,-3.0516784612377927,-0.6613877492648641,-12.622654265680481,-43.171201931603925,33.0516203014317,FDI
92.02527844856832,0.12615689355467619,2.315558968315426,3.6854422579598713,-0.2732118986119858,0.26630075824414245,173.0810117072531,-42.73257175148939,88.2328629038573,FDI
82.26925848863186,0.9092852461881145,2.353045619284497,2.4431662274137027,-2.2544780050654185,-0.9910889282740756,118.52185782037122,0.2843002984358751,-0.41323699136857783,FDI
44.33873496525831,3.7587372648574617,1.6631987382462523,1.9330699730614396,-0.4961118000657583,-1.298505702778683,89.02100228565317,-39.05893822385136,12.058918011112837,FDI
55.50698545330131,4.439010061666017,1.4588417762844552,1.202739591235237,-2.1978829316577664,0.2764683434409221,35.183141419283395,11.355371246885145,8.407071795925454,FDI
84.55746788004271,3.1928170213527407,1.6637517757262121,2.337089477521461,-2.436598572013674,0.6058794391372141,80.48008818534781,-23.958505146766015,98.42451759336419,FDI
84.24049883948754,2.5689378608441857,1.7594885276143128,0.6750621581256326,0.7230446041191549,-1.6609862532680275,61.98466494028498,-11.775730608330582,61.59971014637789,FDI
86.79956023462977,2.5076027456250625,1.082034974181422,1.2019330098796972,-2.4413437554511894,1.0432510203542111,18.7591640872415,14.476526126668261,115.0207184599152,FDI
67.84092260279851,1.2572420899286525,1.8957075361639708,2.211822406598041,0.5167546074925173,-1.492530874712066,66.26949971141799,-41.477628183630294,215.19431628537603,FDI
71.40989484319967,2.0712372479340715,2.427845148279064,2.1032866070041596,-0.820488138157963,-0.4649804845993446,-26.598808956308844,36.46834659976007,139.99732467039266,FDI
43.24098500730337,-0.7808840424808721,0.9247927004265422,1.843730190007121,-0.5889475540452612,0.5801423327263313,41.33284854182692,91.60420359682372,114.90099061679703,FDI
84.34966105945475,1.1409037511832572,1.3019404111518753,2.1488899604720837,-2.5149417051601133,-0.4463505577642872,-29.452097350053748,18.458303265111322,61.22371666336759,FDI
78.17066716986425,-0.2825647499244941,1.2279374198680806,1.2214233389460123,-1.5650257695797405,2.00702886906862,164.03586047893995,-83.61806116762523,68.65394128021715,FDI
74.00396306256457,2.9306487537605044,2.7937261909419346,2.0853243525806584,0.6899491326598421,-0.058707078652315864,24.940740793578478,-47.754567885932204,172.96131112079684,FDI
65.32709627920387,4.754665868081821,1.6435547110271915,2.5152244652656326,-1.9457454807304406,-0.7739950345802505,17.856768879009614,-61.27418872718137,34.033812255162815,FDI
76.2219376817736,2.8440776261604084,2.574679755108129,2.4336810709613195,1.8437790401592384,-2.224933852698149,291.9895613786384,-23.037150917667987,83.31717252334427,FDI
46.27315737860375,2.59447604215287,1.5368895394832798,1.842515784578691,-1.0878884585848159,0.532155697275719,-58.7122257320665,-17.08969043403365,25.13574880633547,FDI
76.87349479380477,2.5863440019268173,1.577439399073675,1.597194765994888,-0.5094830475121838,-0.7194476039967981,-65.17006841538077,-23.416160416659338,102.57863383380825,FDI
83.30174562923456,5.081958083389628,1.9121199859665687,2.090661154874282,-1.9567497890379097,-0.845970073836824,188.998237272989,-4.654542433703718,19.036862213361395,FDI
77.9492306334437,1.4493073966446537,1.2799722506377875,2.3312915927453517,-1.9434633483928867,0.8644075171275121,96.681260416036,-82.44071946543815,130.19120222556586,FDI
63.06815645356674,1.3085827193202828,1.8550071521428104,1.950902613078386,0.6579033965605467,1.2315840740412385,127.11810291661467,40.868386701736824,70.94959560546575,FDI
81.57603909802377,1.3371625567622074,1.8531258920447875,1.8592072625265867,1.1787063469755479,-0.08368481511207959,-6.215636521446363,-76.14378463591885,132.92831349658258,FDI
77.40363360958213,-0.2916013354383993,0.9503253712265849,0.8127068532919706,1.0795529499399412,0.9972355420919017,53.92587413803646,-45.368964426460145,44.009022611719246,FDI
65.15031530546413,3.466196317454525,2.1115101420658458,2.919698527546018,-0.6237271194569649,-1.1552223734112366,158.8254269653449,-65.51646067737872,81.40240642288501,FDI
67.40609059755431,3.7889646715415086,1.4953365019377753,1.3075827715840906,-2.9972847909903004,-0.010266455931821211,27.05883860742025,40.22707045093021,78.23142096267875,FDI
91.21977109651631,3.1790116576397596,1.7441015041551973,1.3593228320089763,-0.41235362662542424,0.576932756581247,-104.93105184019247,-36.321450109150035,31.6013524840521,FDI
86.30067533565636,3.032703355155065,2.0889909965529534,0.9043377653387705,-0.3112185494568387,-0.17225318979659698,139.6217380479043,-13.101482817239699,52.436893011012245,FDI
68.19575649254236,1.1356909551380734,1.4264557606370214,1.0009764834540849,-1.2275924693833158,0.4210074946229444,60.467002276382175,-36.83199022093443,78.98513948265659,FDI
62.40030043846746,3.279387400369831,1.79352889507982,2.1926006174649237,-0.5399485895864305,-0.7888428672640181,104.06073189956182,-134.18337476433476,84.01234051023279,FDI
79.29095028564441,-0.12973972164921865,2.471288520586103,1.1825906449397678,-4.056745528023878,0.23259651726796218,168.9454639931983,-26.602172761039043,95.54105768232536,FDI
85.87355167476201,1.4680768508966366,2.3373593090342424,2.341874567131974,1.8031742926493532,-0.1338071084677218,-77.64447181490048,-85.59646578131581,73.64694600061803,FDI
96.43391728526898,4.440073067817945,2.3920975087535186,2.0633284273552044,1.2971700018079528,-0.7141101669553861,58.0244158506027,-97.78139348075871,74.70651922755519,FDI
66.77489708672339,1.7669983390846922,1.9636780999258432,1.9938812271170006,1.5714905292216568,-0.3581197884284394,-52.34497458701611,22.49386219363244,63.452800099335164,FDI
80.93581064486936,2.253857383411728,1.262905421160738,1.1707661702512167,0.9349440730485028,0.4371588558427638,181.56354339003047,56.74963521256328,73.87778955693756,FDI
70.2928300886772,2.3444662228387547,1.5083231858047357,2.4503588185386564,-0.25839734086848437,0.3924744267244976,210.36485544588731,15.247229415067274,60.31133288359386,FDI
51.69213483486544,2.1520635772396997,1.7507670012966945,1.7305898615257076,1.4282439952536672,-1.8726866131651356,11.265709722679595,48.50381192381039,-10.405507053258802,FDI
86.892919207605,4.132215277703516,2.122514442007758,2.6528059369389156,-0.826009471519169,-1.1403511691853083,20.37233101007549,-65.57056206183307,78.34902031278881,FDI
79.98066925829063,0.4143735737398295,1.0912496692921398,1.454828188153357,-1.1562315794486557,-1.0334698105762923,79.58567174154756,-24.061799893233676,118.89950839309242,FDI
55.67115736866041,0.7472469101856649,1.3011231077466046,1.4924941187800504,-1.2703318094599614,-1.8081477970204756,64.4312477058164,-52.46034882141295,14.138298325368709,FDI
61.33525525947876,1.1793584285755787,2.93482280899864,1.8469728793189073,0.11153588340808207,-0.3707324886962986,71.03894097733577,47.24417282653138,88.47173906240174,FDI
75.19932907990251,1.7422586333169956,3.2546661531502448,2.1903778643938785,-2.928889941806599,0.6278710180500888,78.86647957435868,-57.325906937046284,18.881214496256234,FDI
78.84880662570484,3.6350648693382954,1.8566650324000595,2.7407424047801925,0.7244134993235767,0.42240529339961763,81.44150631832248,46.49373062301787,66.64668631478693,FDI
97.10657703101985,0.38098444846898927,0.7866802498812998,0.856604532730771,-0.832170485052883,-0.5774434801279186,145.4211078471856,-41.43701015710814,87.13792654358639,FDI
80.13395645951077,2.1494832148254637,1.1047325876066043,1.2684515054398242,-2.6884646516081183,0.11211236215508927,73.38009012164872,-10.322556947514247,-49.82938983932104,FDI
90.98912378132972,2.5395701934829207,1.6790736369060817,2.4845483365062924,-1.0546742241370914,0.39726862263015483,42.866115734797624,-21.02526545247056,87.29874610919381,FDI
91.55808943474928,4.68305827115234,2.5675012971559705,0.184610171226268,1.0361822469266158,0.34995565713601706,55.23746157537701,35.15952217739641,136.5725454731039,FDI
42.39687542750023,3.089511676568677,0.5863658590381658,1.4635918052497872,-0.3427646763686964,0.5890513205309004,119.6368547192887,21.089967561126404,92.6524094170727,FDI
64.50449022072648,-0.5534772546993825,2.616351618561034,0.9644035885169486,-2.823672414210699,0.501422869587835,56.10779079653426,-41.97383069830232,15.901279783972655,FDI
73.67017059270964,1.3029130389042332,2.2345729335679696,2.5468505475174696,-0.8458984288939463,-0.8115708632006874,173.21896102017482,14.29416824495462,-0.7499706503445651,FDI
53.24691750520933,0.904030394932446,2.1066904329123983,2.1469570721641604,-1.4487553128789026,-0.828412549415089,26.610701154200544,-7.372106858323319,58.49340539173666,FDI
55.897595885091114,1.1823724627948256,1.5586000789644638,1.3613878511080755,0.10215413599094025,-1.8304054979976483,-100.83442558823428,17.60006382414931,127.08398942793238,FDI
84.85061225315054,-0.23219476392239224,1.3177924920194404,1.464390290085088,-0.2906919743486844,-1.4253312100118711,51.75301331412995,-2.993295311043987,119.93390430967676,FDI
67.91051692464404,2.063892540524315,2.184002710936163,3.2075498323860168,1.666132541722298,0.8302818650569437,30.20666647160448,-43.83991277592271,64.39225973752853,FDI
90.09364321268119,1.2574651763318536,1.4334601777160672,0.76051700824122,0.14269475771221485,-0.2538958622568101,228.92222169738744,17.523483869858705,202.00718150830664,FDI
76.81541032204662,1.5571701378387526,1.9851845671907513,2.200829466734065,-1.6519609583189687,-0.5709446113722045,-87.25880930784855,-21.600575975094916,80.45801513322134,FDI
52.676862520180535,2.177518222224,2.2271350118806046,2.554289235387639,0.2140892128074514,0.26661586472377563,-20.76962345534102,-45.6501961477144,83.11489084607865,FDI
72.92048880300734,2.515693766652688,1.3116976823958149,1.0677337299328338,0.6474488991533647,0.5172211883661019,36.202641810337255,47.60647106716691,20.321961013145355,FDI
75.5242162355122,2.3445597924711055,0.9114441727922067,0.6432318426542915,-2.3070686497200876,-0.05919945435537344,-7.486484574146203,46.78636230766135,37.01341036056975,FDI
83.9728328888219,2.683561988716044,0.7724923900053082,2.484188636520244,-0.2900894918490886,-0.6299607225163429,37.187357077745986,44.25932944129349,107.04576589455286,FDI
54.78477682447545,2.3284635900676287,2.507062369591597,1.032686704730509,-1.5747027279633843,-0.7179928110813345,150.22516561113912,97.17697783415221,107.21373362851575,FDI
67.05601951879932,3.1991002657174654,1.0622202850776459,2.723808456918811,1.3527470498611474,0.0058316653844496524,-92.14166158092955,6.599358638501851,127.63465236251912,FDI
76.7720739715452,3.079097960867384,1.0884561547015117,1.778428024742769,2.5587740352837907,-0.04692615191398908,1.366078178309138,-42.44677498325032,25.981893361757827,FDI
65.51376587532076,0.7827304300193972,2.2922824801080344,1.5692972160789158,-2.674422161485344,0.8005444667230266,219.15757681082698,-85.47735416250791,135.91971391139262,FDI
85.18941012134493,2.8971253861698236,1.7197047221426525,2.4363639898745904,-0.858797801998898,0.5964321042627793,147.84554533088124,-56.1288448745066,65.23317530390044,FDI
85.70055642197029,1.220195550758719,1.5530956987093698,2.357228204686657,-2.5460533979554545,0.24066646630184416,228.0338198343361,10.432815085157443,90.47081192853193,FDI
74.3448381221516,-2.468787260400811,1.362448857594366,1.271954600894561,-2.4289232995964944,1.0509249100279405,-19.419107255938442,43.36391735787484,111.15741460758142,FDI
95.2340894640412,3.2083960323414167,1.8749814947522032,2.8637038399455115,-1.6750832168575125,0.22616083455251965,131.59252177971678,-32.985033001402215,8.028573118176595,FDI
56.75442633724321,2.2379590956599515,1.7357870004696776,1.2308426988418713,4.067548627702823,0.4353198837785853,37.6175277955829,57.5282490493496,75.76557522471515,FDI
67.3424742041811,4.6959427731058865,2.8353521065334744,1.4714425113313858,-1.0950214733148287,0.22861992707481624,63.866703258045476,-26.26140383933853,55.28044921558691,FDI
74.04680456054227,2.18219391329069,1.1206989330013961,2.8438246570834496,-0.14468658858140315,1.417067692077909,181.0911242287682,-15.864998135840118,120.76117264754862,FDI
91.95955230907342,2.799225076800047,1.4563363110981034,1.053492114621867,-1.9662056357148654,-0.9454366405206576,227.91758718063852,-61.00965955654968,22.900028044179976,FDI
55.303711951616194,2.4401646786816613,1.7034162700956725,1.9692975551231087,-2.16731084666557,0.26537540831842843,48.62265260198418,-50.20104045406276,138.39987774864417,FDI
66.91887527485092,1.3341262344130453,2.444386798396579,2.475893320617991,-1.9193221820527036,0.004169674750876318,-39.82398270398177,5.498986497639045,83.98365274691427,FDI
88.58687133697319,2.4380661540577546,0.2538591210186668,1.2629259467077347,1.4100731487267948,-0.5182800247550988,-48.95915127789395,-15.367183665673952,-88.99025400633927,FDI
50.308607513868694,2.1723214713937384,0.6366699205649625,3.418645638135251,0.7032277128305156,1.1225430563684504,157.6839493333922,-37.11254286042728,209.251941733994,FDI
80.27020379458045,3.0127824583703458,1.9838206273597452,2.9845738783326166,0.0728451189501631,-0.4295311849295451,204.4452057160073,20.36692461870823,98.75721167258698,FDI
61.882090317655894,-0.5656811754575721,2.6649153041540146,1.8416446485650568,-0.7522533885369416,0.51661795771046,78.64374708103362,-4.416866754699933,80.7023519673272,FDI
106.04090379773874,0.4833323475395188,1.7210259400608114,1.0354951835795256,0.03355628569287805,0.08925116274304054,126.39179616286738,40.10009131321324,75.37621034263145,FDI
75.86200373777409,1.0177772839843193,2.762994309979697,1.9936971066405247,1.789115881140274,-1.0152421092380752,11.674907536908236,-84.31752486037696,124.48777159243363,FDI
81.2747574524277,1.658253968636542,1.7074740045586907,2.6997326023132344,-2.477828709264312,-0.44363669630997293,56.690357025223726,-67.10306379693075,26.289731064607246,FDI
86.90353913370608,1.3700395193463368,1.838192673373333,1.4042251465301534,1.0740752484450697,0.49442088559869135,39.26475530217455,-9.512778768049944,3.390634923875666,FDI
72.97798676561902,1.3858534024591636,1.4288304718866291,2.780931310138976,-0.3432010258992341,-0.3816218996539314,122.99801277628731,-8.61176350387175,178.30648551519732,FDI
81.67434213110644,1.8577466637512599,1.371059235899383,1.6912942924072987,-2.3808287312968845,-0.9438419267575204,57.82144298859852,22.3093074714667,1.5974459104123753,FDI
67.06527336118705,3.381129491095331,2.9524077689249504,1.7255603795826997,1.222958432274965,-0.9862907960229944,80.68498834264886,15.188735479128049,118.05323954105367,FDI
70.94394041693288,0.15739447829716557,1.1852988805941516,2.3313047285566006,-0.6724041412368222,-1.8244579243239245,61.06416746917746,-0.005995645290830964,36.45896301801247,FDI
73.94300468015817,2.069173782436621,1.5132996653693345,2.2142390300557437,2.5458346144746633,-1.257115953255696,49.89088063334354,-71.35102844276835,100.69140088534512,FDI
79.44023408924299,1.4005963821131326,1.279572294413289,1.4999109293143256,-0.5929706642665851,-0.27512682669007266,-29.01925722976921,-30.92222550903802,-11.76645964924829,FDI
39.25939656340107,0.32202262716654917,0.9119035262451634,0.5308385315079402,-1.5186563065940908,-0.5043320771260373,-62.5088888720789,-49.659469016511935,61.300932725545636,FDI
82.9068567918448,0.3195370181341094,2.621560707950875,1.6820130094889088,-0.8017586507280445,-0.48986889539971934,136.64246060048822,19.8335457422785,15.859645572442709,FDI
73.47670969913283,3.5023102794218213,2.0415320252277747,1.3032619530908827,0.6507018201330141,1.1922500871020176,60.59414742011418,-47.490430706630804,102.48432811127948,FDI
76.839718557177,0.3201451439392151,1.5674620443730798,0.9097837794467307,-1.6151697010525803,0.30039278715617035,62.20150908445473,40.55116487797292,133.83525934556206,FDI
92.6196359281908,2.9517810789920285,0.7786585342294787,1.748932754816806,0.8688017626403461,0.6785326342817908,-74.51412611610861,-6.023812429670187,55.3094244470002,FDI
61.63440000323199,2.069463335300319,0.6901094937197866,1.3331295524747282,0.30010787670710115,-0.34158952504486684,-10.147656829602553,-37.70145618471781,64.41297014715026,FDI
87.40565885982204,2.211208485923113,2.080829254076328,1.9344495041647187,0.3874874062650663,-0.6432339483354487,25.730576343511462,-29.307805376655253,47.36848118983507,FDI
84.52241500462459,1.5030401603671646,1.385350488264636,3.3579138755501674,-1.563625781750049,-0.7713893933900011,-130.7002102012686,-13.634977580184918,-31.787887386311837,FDI
80.6588366824275,3.1237414889594968,2.2464404913867986,2.442613996718763,0.25458692373583525,-0.9920824366347663,43.92651025700185,-42.71810236459214,97.64091928029974,FDI
76.85712324122873,1.7615350798312226,2.0076825387842163,0.3573806231482418,-3.8752152981764576,-0.5984194170053293,50.74812284781038,-40.53760176939651,141.7839870205266,FDI
58.378252157224566,1.9690050087546933,1.6806390476872473,1.8659579716986563,-1.3264867562478875,1.2400737791864467,3.8931294065864392,-22.684995963130824,176.00895426108534,FDI
63.916313558243225,3.369778442774139,2.224520973477111,2.7194127382661746,0.3164935590909186,-0.1637337575975012,60.60070960369811,35.554170871117236,161.99220259841422,FDI
77.92863044357834,2.6751224070883404,1.3612426202583023,2.1322290338982777,-1.056027882619586,0.8478332838248608,46.36191598331283,24.52258565150147,58.459575812921,FDI
78.43423300414334,2.47776860968144,2.0621089936320063,2.357982277337004,1.7044428304196033,0.44042691708906856,122.12218539041301,-6.125261851291666,-47.28646507373344,FDI
111.72085886878546,-0.041459491173914564,1.9132091438638046,3.1149502058145933,3.304611060551202,0.9502825270535675,108.18739301727658,7.911842130672216,119.49302459936469,FDI
67.9975165508465,0.10106815178015505,1.530641231898724,2.2141695121210203,-3.355515833365949,-1.5498056620881107,137.32873769559126,31.00416402421715,-50.78938005696507,FDI
82.69659589263418,0.5124373048054369,1.1905219303188297,2.383244213341371,-2.304064691578021,-1.304655912211368,51.66056956049473,-25.017929376230896,-16.642750153033788,FDI
51.615960026178435,-0.007794512984954816,0.8010793617395673,1.7166972420991766,0.6138281206440059,-0.030982674574250302,122.14142278818451,-7.608238635102429,119.99784440302534,FDI
105.00014890519094,2.091885490141518,1.5552813509544583,1.7039978283336703,1.5322900318956647,0.6904194666576909,-14.933040568825092,-43.256168410197084,168.77552240844705,FDI
89.0264782442649,3.1620520561610173,1.6929527000608038,2.6993703186236973,-1.896623332890675,-0.6493644558874665,48.45792630339921,-35.92814897326378,86.17444799769676,FDI
66.18371225276826,1.8301115487101267,1.8251809715238865,2.3621281967827636,0.386257352690926,1.361494140341092,16.73232956141853,20.736001895947762,45.15516297764008,FDI
68.15133632794493,3.0208969337745746,1.3856516790772606,2.959683683691597,-1.5109878113977273,0.3321129487957232,64.29140465799105,-10.454641412149174,88.51793698298806,FDI
83.1545637203095,0.18209318928397877,2.313525939177651,0.7503651679235068,-0.4996139250421024,-0.13547651129263505,45.11885578270354,2.611744205957425,61.9062625349219,FDI
86.77732307526473,2.335037477627834,1.2483626208857865,1.3760587059026104,-0.03325660073583758,1.4346689897165117,-89.08658332066729,-15.377783369657305,120.68559797475797,FDI
75.39954429700863,3.4215935013238927,1.4341471292671713,2.7429989869319824,1.577931371641984,-0.7696234991148189,-80.11231791824953,-16.85114829422303,78.84887353082448,FDI
79.9625414998705,-0.08271701594809056,1.0016103672231356,1.5016734589358967,-0.5066269459939228,-0.07471080373703584,183.28972092834292,-26.6479471074492,42.30813853858281,FDI
67.867438890357,-0.1939713212930292,2.0670721990298473,2.0539284041856716,0.28847484826463277,-0.18626191829189345,114.36744165790469,16.262021871890628,21.355610535942,FDI
77.47513183611261,0.4203180592784278,1.5367616781534659,0.16027876910804117,1.064651943318351,0.5303621491434566,115.58514432928936,24.99064098175381,123.90445632000458,FDI
81.05195898955498,1.6534256994821757,0.9900263048733746,1.6687687205304076,-0.6310007405765335,-0.3859538713176415,-64.29336284995671,-7.517273246952913,-13.951319838262663,FDI
91.85702254912958,2.629424035631808,0.9527088428210936,1.9715153150890323,-1.8831344243624386,-0.8497236523739037,406.6107766528578,-27.58561303946933,-44.67058709903881,FDI
100.85869000999212,2.4872440047835127,1.309313433522062,2.203957962789109,-0.4335080744375973,1.6378678116961036,74.48323928357394,13.850924639707522,3.569480682668356,FDI
88.72397870898622,1.370489992060596,0.691370708978335,1.3485398767084305,0.11003870305585561,1.4251050078712486,51.398125794308186,-33.67480596579386,137.6702217255467,FDI
80.38265434299788,4.269621971995764,0.4280379836666077,3.0439640732783224,0.19174322851545655,-0.5730414766773121,-4.04144381426282,28.897591351720106,51.94480298892782,FDI
60.66907469607829,0.09327765435176616,0.8509112146432056,2.5271669251457416,-1.883028486244902,-0.15917914856530313,143.94440358364295,-53.65941653836194,68.2884663235506,FDI
41.80450449868805,0.677547859815202,2.592406579497321,0.8591470083202362,-0.2148014256656352,1.2037484391814246,-110.03765104660495,-52.58128038713555,35.005448433930844,FDI
68.35125540686296,0.5611329442259013,0.8005841346884,2.9387685352960498,-0.4440822883980772,-1.8012534862064704,73.1955213099592,-23.038259315424746,34.151399733647295,FDI
76.95735930639998,1.690136775389695,2.453573317350343,1.378687703076815,-0.7158177226175167,0.4057654810265927,200.37993159330853,17.53838424675786,78.37155542467161,FDI
84.69279713442087,4.226435749247277,2.1817383203444534,3.029415469805672,1.361939499790889,0.11184028434140678,230.94057415567062,-112.0731536072557,76.65201015594634,FDI
88.63566070707041,3.555655056421167,0.3879880870380603,0.602980391009746,-2.2549811291553294,-1.3716150454943379,-14.792392126328153,23.671870715530755,84.19842844826692,FDI
66.54106005638022,1.2000629238660478,1.924609226046801,1.4810180137915994,-0.356114757219648,-0.3515510414619408,196.1825867771243,-75.6050973590054,84.5856332473568,FDI
60.228721320454405,1.9182082479691556,2.4730340098957675,2.183456382985465,-0.032659784009985704,-0.5097062186807468,31.711653151373525,-5.210248264107182,45.454675438935794,FDI
80.0949539964572,3.2699302068125253,1.684076468604223,1.8081325024168737,3.302121832352123,0.1642362601519978,-14.260604957007729,-39.97838761051544,52.42526936849633,FDI
56.88097184095408,1.471175183696027,2.0488434072327473,2.8300633546969203,-3.18263972934402,0.8182859743970878,48.29960793942253,-2.433965340915753,152.8612612300377,FDI
71.38628594788204,4.206847684868759,1.1171378702442722,2.5362316862355607,-0.19024974951498325,-0.4961142356726337,-18.580590471612453,18.55261189337457,-17.32722941917173,FDI
91.31464043342388,2.423530205886847,0.39317160807748697,3.3056008828921053,-1.5354804692668935,-0.10671949202885225,-152.25008257648386,88.07112644815413,-2.8893299699720103,FDI
63.860555888679954,2.4865662004469176,2.2583962462450704,1.5681841526491276,-2.4175876330285186,-1.073241918507421,47.361832047270155,-21.271870494455847,-36.44635625435174,FDI
66.58498598713085,0.09794549932744956,2.2531254587676934,1.5359112966556674,0.9056390644324079,-0.255215497842235,-40.441408298381305,-80.23913551311695,84.7238007565867,FDI
71.77273910654482,2.5330228684308254,1.8551172583522353,0.5608477661068274,-1.2551581262743885,-0.453528649171542,73.97332932720025,-43.424176193040324,164.9117059708318,FDI
74.14495583862626,-1.6680349061988822,2.3615568848841613,1.946436550061985,-1.7470526363845866,-1.4165956258588779,-61.85208227281191,-16.491313476403416,-64.9315775364304,FDI
82.86180921978338,2.045061757816754,1.5893936766895094,2.2845977055615085,-1.3757816032305468,-0.473900231049582,32.659737485098304,65.01288719981122,55.101250121104016,FDI
76.20495716363602,-1.3250577557102696,1.1022312201918978,1.428780488085076,-1.6943479619949307,-0.0044511286460791055,23.987883620844297,-29.781152340127232,31.38467935034233,FDI
88.2014804531602,1.865962355519376,2.5354275665701027,0.9753460379340044,0.07189182386954152,0.28883999114442305,27.69181899006347,-71.57223080380838,-6.234063669656706,FDI
42.643184155291635,0.730732555747357,2.134041143465992,2.8579981267745787,-2.933145189902725,0.5660703732354796,72.77717024308782,43.3806975735842,35.29264070153054,FDI
76.5515996016281,-0.5768149176244071,2.133511661239611,1.0569110963054682,1.8667750172397224,1.2261411574892185,167.0528407358265,-15.655239972009015,27.246617112370373,FDI
85.48847292862055,2.1427774629098035,1.1229433950354113,2.153683861055379,-3.181267748394786,-0.5763744959882998,155.72854085139807,31.408841542270782,161.0984636171843,FDI
79.90577846155026,-0.06857929641332516,2.630284365442565,1.5213850075788617,-1.8091300445794267,-0.525878715826042,63.468565848715905,-10.08372232250039,223.89764287710256,FDI
77.9901591232697,5.2653813158209575,1.3610383000796245,1.3112046962972423,2.1147122013890343,1.8185879913636271,40.20312366982011,50.95668308719398,44.547823430237344,FDI
54.91875742007278,2.7463136042577925,1.6868681685216855,0.5712594492899352,-0.9721712290695292,-0.08383885775813871,1.2732289211520964,86.44229997493773,192.60304852932978,FDI
85.33941212866617,1.4040818398295865,1.458708943382312,2.613270555576307,1.474173494448358,-0.8858589784153518,25.085128338855228,2.3129663699233127,132.58335892932513,FDI
79.47067876076704,1.1552896580538485,1.4079022393922758,3.0469475988023653,-0.347370006530748,0.23772034468087924,-186.0289649006524,-17.71126815250224,73.87321892605735,FDI
84.3433460039994,3.577087573374855,1.399502194749385,2.2612976778360303,0.2905986703684744,-0.21427384351948436,137.01311557081198,-41.19377966837924,21.058423174701204,FDI
74.12484200628454,0.4635036706565613,0.8211056719965806,0.977404416145927,-3.57859278180345,-0.9362056024535739,56.428260000271244,31.947481325415087,38.95227870461292,FDI
89.75025377180579,0.8184478097047597,1.7887096532284188,2.139659778648173,-1.2309351838170404,-0.3936425173282833,182.87198941035462,12.978690580188093,49.4969747805719,FDI
77.73647049740096,0.057264353469356655,1.0592505406434252,2.4632221837604544,-1.9381395758881235,-1.5036506128718983,246.21592099155436,34.964454614209956,72.67572189024828,FDI
54.48604932068709,2.005959168849569,2.2684174543139797,1.7043251837342408,-1.886792034925917,-0.5324892713144072,31.94259244493349,-92.67937941099729,33.008618537552984,FDI
80.61498416209439,3.6992452315844915,2.714559236149325,1.979263203191746,0.4440484997389147,0.9108128307164007,-58.13072108635369,25.862479598637865,148.233858864137,FDI
99.5093275006305,2.804790647053099,1.1712604820521682,2.527133335581578,-1.123905997211745,-1.7277912076065933,113.645559679582,42.108152873812855,165.3905319382381,FDI
64.15761448095208,1.3929537066075577,0.8278342209288911,1.440486059051474,-3.3294913063548677,0.41982734967009017,85.45129499291615,-19.952461571528044,59.986090736182575,FDI
70.43839143125078,1.0502615786735654,1.3375015566048887,0.7194890093932516,1.3894736078373686,-0.10912245010549504,35.52301594339817,7.401885293086412,20.862798924344574,FDI
77.06095067557297,2.5667567948127266,0.6628274425120114,1.470730916807212,0.4637927766265735,-1.5513904584494094,198.12206600244997,-12.526440162777,89.87714120487234,FDI
71.09784625180991,-0.18119923087592849,0.7594500767640586,1.7085063345226383,-2.2832420331222947,0.29693888754124886,99.78927616864945,36.53720190561758,-22.973021333111745,FDI
64.24242010073142,0.3755904864874249,1.844347754828519,2.2656501122651838,0.8181177351293802,-0.3227731807863282,31.427653256834187,32.11414384643865,186.04300928207704,FDI
73.21843570057592,1.9142291332259644,1.820469319932748,1.5291539263994667,2.5228112288569404,-0.07598008371775727,32.92154160722073,-31.49864999817115,46.694247230262796,FDI
87.39343149106625,0.14092525660542488,1.1411088081195915,1.7245932587277917,-0.19411892966275052,-0.13958429091549907,70.9285735126617,28.622754916809452,95.88637235515343,FDI
59.69755423514751,0.021952439850591476,2.492701918477063,1.251581828754786,2.9038118805903297,-0.029673296334484178,-80.67419169102784,12.012858489346783,44.1697651570327,FDI
85.92644042839056,3.0763895343675793,1.8637008914176625,0.9435761089773995,1.051765429998176,-0.6679546538698321,28.544847330071867,-22.668138750288847,132.19831615844384,FDI
56.50557239961525,-2.07653883805549,2.2097900436057194,0.39290730982947064,-2.901257551031261,0.2000714951896652,30.77706351954502,45.12758976727147,-20.73210921646431,FDI
95.59428958027469,4.548249924629435,1.5935783032306357,1.4783593140480598,-0.49215234358495563,0.1745066979876281,71.35280557974437,57.576402544314874,-17.227383442270025,FDI
72.32294540976707,0.14471604545284755,0.8515392968390458,2.806960260960073,0.3186088025183125,-0.09494781594025906,84.16394630656245,50.71976993883811,178.4746893042861,FDI
83.38951002501432,-0.8008329626958623,0.7576207316859802,2.8452645611517235,-1.221398952805056,-1.154005496035867,126.12500060041808,88.40572213810741,320.85619517155465,FDI
108.52680083982737,1.0054475499598512,2.1053152478458173,1.9732614363860725,0.17858642912921108,0.13840860094092464,-57.86391995685344,-0.9070526218923831,37.163869360143195,FDI
75.84796469745964,0.7455929184736898,2.5039667831954646,1.419849032462745,-0.6282929653823036,0.5526828882989372,65.131015152571,33.45905942866921,122.26753914768473,FDI
76.09310560561559,1.276478452143088,2.7543726176198238,1.939051832237348,-3.6266228675998837,-1.009132704270935,6.8491651267296305,-6.396787649331788,94.43479319660744,FDI
92.88590927520335,1.5318823979457967,1.337700315132323,0.9569450296573204,-0.5018331351932989,-1.2747313141661454,-36.03409209491737,-54.54844285779859,118.94893344351051,FDI
94.93745101683517,2.6828276841441108,0.7447539351081407,1.5157142070405958,0.04351991707878078,0.038533624409333916,-10.560891958806963,-58.153088624803644,114.85905248279822,FDI
64.23982333303579,0.9330640866598897,1.9865952164287564,1.2539227654112197,-1.3716733696022931,-0.6885005840759095,48.581313461260876,-20.049037531280888,161.94452216849794,FDI
69.19179122743961,1.952706439906533,1.786234206526153,2.1288131151777034,1.4038721767873787,-0.06490402331586798,131.23165859203937,-27.375315218432608,139.41845820296226,FDI
77.95781377258574,-0.12339687822750967,1.3976286539712788,1.248410617170296,-0.40441958811225653,-0.5772801773729683,178.91516739128198,59.16666583463196,57.81642702447333,FDI
73.39428529266713,4.376379574895621,1.6151868744554367,1.8982947659865037,-2.4624494032819175,0.46874513913166005,48.552849920312944,-22.21670979971387,182.2950574326278,FDI
75.50290731571101,1.835415350044776,1.9319364364922422,2.4063993649815534,1.0017937724357915,0.3524375400803421,46.09950369003482,-5.2504456878706876,79.56053123119855,FDI
79.0027726200306,0.6364522076485777,0.926017208827551,2.022631236257242,2.0251008576415277,-0.2715759750709147,44.04313600934696,33.49127043410057,118.35127903732436,FDI
48.79412327490678,0.5142654577049388,0.3921086235905641,1.7476925370004328,-1.7702436673447537,0.18217264230987393,204.7430005034886,-4.576485763486112,-40.355459361442,FDI
84.1046070900906,0.936800612513939,1.643419894237566,0.7518046496315255,0.37663431425127036,-1.1398649031834316,119.46832686805652,-32.75367369444831,-2.72995938195659,FDI
85.3221173046962,0.565699941917031,0.7228703872298738,2.490785487852136,-0.14590516535473275,-0.9028946549495366,203.1449264916314,4.153099437755888,206.25655565940525,FDI
77.61032048170102,1.3480079853666536,1.5412231431806713,2.723610730749855,-0.9351157970940844,-0.3436371871363537,102.5661646073336,-62.628494111153586,-59.477763076867035,FDI
87.76856999854327,2.9990576664690245,2.220707835577945,1.523464181872346,1.43880512081797,1.1311445029609548,201.90288687723768,-20.989417695915563,242.62053913137117,FDI
82.97666664819447,2.3707756461560656,2.4224733914251333,2.3906914108416593,2.8276755326492298,-0.24826744375091522,114.30547689819497,-15.693708756465096,118.52001760597933,FDI
69.69423163353693,1.278141886215766,3.1027374122906677,1.3733145800407756,-0.1310034372654741,-0.9906700505436544,57.29925337451027,-102.05791078494147,0.8953231559393089,FDI
89.9496467846904,0.38271283369440035,2.6076773323029303,1.217460132759547,-1.1045451121407446,1.5055993829068945,5.973458706395263,-16.71954576044679,42.15340927987151,FDI
60.15358281337459,3.432851976333982,1.3615986919981746,3.1803166706142454,-0.6472274779793976,0.6321124039041635,151.6510971030867,3.7194980155733894,28.82699093201294,FDI
72.86650114041838,2.5472218744681863,1.4565281700654849,3.3712387247781983,-2.018966528142613,-0.8004627883282663,114.65354955673888,-28.801400518239877,-5.1053937661182545,FDI
80.82289161419229,3.493929908654761,1.8383903587840025,1.9662407951698726,2.393958417022537,-0.7245660112267883,-15.961621358131111,12.162547875189016,53.10244859372421,FDI
69.59225674838335,0.4822798417303906,2.9352578265694307,0.7867719446199108,1.6100541402296604,0.3217880350940585,50.853497129977505,10.378978033063845,26.237615910145948,FDI
75.54727153582076,0.35996344408365166,1.6846013542027833,2.5209347570437,0.1200187517009279,-0.29514624300712683,-35.96100419919273,-89.26099957423837,53.366577104572485,FDI
87.89603787682918,2.2636638692951556,1.6330118931743733,2.5057904498983112,0.5369451071099587,0.6254018318584712,-50.269061517571416,-53.632040051579494,104.55206537412293,FDI
53.413465990259915,0.19280689798179695,1.6627971886845976,2.0361231963302306,0.25803551673630576,1.2967766077251115,130.61499022167817,-27.358021069185305,64.7634186042555,FDI
70.70181424341344,-1.206172590103853,1.7741052946530527,2.3803225846455147,1.3000324222013224,0.11541568108319952,233.13058560590878,-19.32861935031625,157.65515667993077,FDI
54.631468755200835,2.3780979574852026,2.560172677446728,0.5843599526819709,2.9497513068283725,-0.16167641616844622,72.7519930950756,-1.758602968938435,169.6625576918993,FDI
65.23576868617239,3.1776227538300112,0.7416826041829985,2.355310304350366,0.6303912169015593,0.5634974247932658,290.839757947754,-13.263834710240477,156.27448489774002,FDI
74.326856435085,1.1752602819762712,1.429677782695468,2.182115735882199,-3.348956952032635,0.926743547844673,30.847117752831984,46.47480513656703,122.0508125578288,FDI
79.45430967212903,2.989154126119383,2.314691622187964,0.3143355928970829,0.9168946002642626,1.1080417000464504,27.761215853285435,45.71753966117477,-32.095427473653885,FDI
101.16531043358525,1.6950501716139228,0.9431084774158279,0.9086013013572014,1.648434235087069,0.11002618788788418,98.25118854851328,40.06753003727418,16.720708272634702,FDI
78.44732259766698,2.276835215681632,2.5071529953837492,1.3671429620347162,-0.9798852252411736,-0.4873234186129194,-5.076316634801707,61.47797058046926,101.99446616723685,FDI
65.34253620977861,1.8449493125126515,1.866201279538898,2.0289186060101048,-3.42230373755822,0.85969137629455,41.89419145101,31.83006433958811,-22.19189946807542,FDI
88.6990501200288,-0.6345738203574036,1.5865208666063029,2.203278527377755,-2.0701990812333,-0.23229731195261202,60.74540074265196,-33.99095165920103,87.68522524582053,FDI
81.61207603762449,4.022864520044039,2.5280324126439737,1.4406797373545226,3.0454012689111085,-0.9037777617506247,31.771858641743396,27.257967518022635,0.2679936743422644,FDI
67.23637280232418,2.540980138834916,1.855720143849866,2.9924318653479505,0.47983858912514754,-0.7760827391449776,45.249994973788084,-35.085699468496905,127.56727545004509,FDI
84.02275297401887,3.3574307069030946,1.2272401831436492,1.712833361390674,0.5000151429327302,-0.4463821230850006,126.00374782058314,-101.49234875001814,149.13105020899246,FDI
68.67070963662906,1.677259053843546,1.0938627380100416,1.531928843116384,0.6416085870048092,0.16999417729987346,149.1309455231256,-18.504786583444364,79.72098489926867,FDI
55.14861677180708,2.168545718015306,2.115015031487819,1.0564677049850142,0.0006753524425839874,-0.06974562547400759,198.5358148270313,5.15649460954894,21.159060575285707,FDI
66.18514619083682,1.4458932179744441,2.5658688638699627,1.7229108377893985,-0.18951980744886604,-0.6243177076431314,90.31145259588891,42.364821000674795,63.30311071862241,FDI
75.77711425137753,-0.44359254571744056,1.766410159415597,1.4511576231429735,-0.030792595278112178,0.23472830570575912,165.3955792783982,-69.8126218023905,95.5739240104127,FDI
95.86989999318621,3.411592532817824,0.7645200712981782,2.656025376163023,-1.459328177079255,-0.5264167689955779,157.48925265362118,7.712260150843839,22.59877464711964,FDI
80.55952000741543,-0.38627539966142055,0.9298585553952405,0.800397859820501,0.9796816394489303,0.34989384856031924,4.544484206481172,-37.92159589816136,-52.32170879558133,FDI
81.10607950358614,1.893123629602904,2.3644088687509663,1.9674407695042628,-2.6655300937791937,-1.8110179188847588,91.72100334027488,-9.965327410560135,14.15447790437431,FDI
74.32078699939703,0.6466806674096978,0.7824936971089784,1.4860870397406987,-0.9074855487998783,-1.4340463045771712,290.21434211439384,-37.98093287633243,77.73903827705091,FDI
61.91315085530854,2.1440274689567502,2.1281911301961247,0.8882963684298785,-0.7712680893776501,-0.8066797537365189,-163.55439805502118,-10.724514001006053,34.32991521251829,FDI
73.55930349760368,1.423700999079761,0.24307481442389633,0.7010353178187272,0.7905937537514525,-0.6949901818001852,-24.533068875650955,19.111104625807524,28.916211760090803,FDI
101.8147060448341,2.69254078849839,1.9833170671477534,1.8934360131754955,0.09670221342759644,-0.4759459632988633,70.88825260456952,7.199277724313557,-3.4972092562742603,FDI
81.21403332294504,1.1754745951354162,1.0427525940402111,1.5749597269588067,-3.127773169060357,-0.09582845946833532,104.8844611174915,-51.48726637129603,54.73045274516155,FDI
93.99866326344278,1.693287089523893,2.43973001111307,2.9627433295807752,1.702218934132149,-2.494321818393311,123.59061297067818,-9.579174436129275,53.13699110375246,FDI
105.26915317555635,3.2257970764950734,1.4667753227541316,1.6823367154214421,-0.21039439371783597,-1.2397143653854197,174.10983127752235,-17.283414432649966,56.70553667343865,FDI
59.449501206310416,-1.1627884558447696,1.0038613947823056,1.845779636807787,-0.6322707117196004,0.5151217703002072,47.11071177332923,34.791585957861926,27.840335042390663,FDI
56.02358575255322,2.274174662267833,2.1466392712462063,1.2009014629709542,-0.9705893442612754,0.03572347282668156,201.44839610683408,-18.69452960364939,45.864866447837024,FDI
91.74584218889271,3.2331942263059674,1.4330514301303405,3.092068815948853,-1.47887041426978,-1.053353221282281,221.50894623300547,-18.45431532631973,153.5112010521707,FDI
86.87229158875473,0.9747672757833103,1.997455613216278,2.9831123091726575,0.021462103810988675,0.42876653559383615,51.01070707022055,-46.006365520990734,90.68112294434441,FDI
75.61300928689273,1.5028010776926684,2.4072711917218728,2.1161144689628353,-2.314112283943095,-0.00835572376658214,-77.48583287027797,-23.342923603518308,43.23669100176545,FDI
75.32584720317708,4.146440102210602,1.287868348208932,1.5781232962932996,-2.4980182460297042,-0.8367717313440171,12.2011717840712,29.386614647025578,36.533936910822455,FDI
84.29779678120116,1.1096195433768004,1.5021155666151293,2.2129578909835157,-3.0392481308539256,-0.6734652752923287,176.26857116740388,-20.758308829403624,50.56593781874777,FDI
63.891629107349,0.6726592891410534,2.6445736344156905,1.9081321025645692,-1.9476793730779585,0.9944011435842417,75.28156133324153,-100.39401473839179,157.50200036096618,FDI
86.97696189287267,-0.8687920589990386,1.9336409348646417,2.437336181589701,0.05965154715292764,0.013137335899355201,8.900980070669831,-2.4197287205346196,133.5850496637986,FDI
88.31821987867598,1.58539397819732,1.8122684738459047,1.8881010457932308,-0.5735350389260618,-1.943104017609708,26.742289755227098,-51.12467965493313,88.69745971709892,FDI
101.01836313572149,-1.105806657292383,1.5945578049781295,0.9865116844863572,0.5370078557935123,-1.2106437366135265,199.6331169951834,-60.00021693246917,117.86146000451035,FDI
78.52990700743284,1.5898128185139777,2.3653108844103694,2.9327512707201486,0.018540078390838155,0.025794019621048908,47.75393775943828,37.15986544122225,-9.579778742204482,FDI
92.25028415920048,0.1689665496195043,2.659927892873568,2.2683586012479013,-0.33231871962034654,-0.36557148838708087,259.92032240020944,-34.614482546526304,161.88350645743247,FDI
61.16609634125742,3.4937944763168813,1.7793756964010012,2.3197432412426817,0.975898116152597,-1.2941644881146375,112.59648280205738,-106.0180802044198,25.485158873294466,FDI
55.48565283613566,3.466272382211388,1.348558504031784,0.5138619757685652,-2.244873374970222,-0.6882750557810152,215.3199262795061,52.03074680875743,1.800351410997095,FDI
94.96929290802674,0.9757233262106386,0.6433841433533238,2.392452024806268,0.22184922870882107,0.21132756138025297,-121.89154288958734,18.6941878254643,33.19150678476428,FDI
98.23271302567325,1.427304408804668,1.970338794877698,3.234240176423479,0.5413926109102694,-0.26440571157225856,-2.4420311677651156,39.76770905098171,115.31687786609783,FDI
69.13341924562751,1.1635204976708553,1.8476334156745597,1.4390484293254553,-0.38803837598857926,-0.9653237164767636,-19.985086765375584,-16.526603951802198,132.50855395913138,FDI
78.05138295706844,-0.006133145052632072,0.9039949532603984,2.4433841576929436,1.085454982122349,-0.965763439172294,-27.108971356834417,-42.426084499950235,23.3176380750865,FDI
67.96022274516449,2.7230302147937655,1.5384122388734913,1.421787209356165,-4.565368848728887,-0.05273793973759114,16.84007183419105,-94.01577936065759,51.765269942407286,FDI
77.58079263124732,4.108463752352833,2.209058893853352,1.2844754320103005,0.4525363473591514,-0.07113721006873203,52.85314437627551,47.43147696725373,-110.29200304825245,FDI
61.40630502101663,2.2198851187284028,2.677810855204702,1.5273100711780805,3.2821005611292957,-0.048743897404310954,191.84142070078428,-28.50465157144054,2.363556817694672,FDI
69.40838412800986,1.5225137508369346,2.083032496576044,3.5034243774179403,-3.2531469276834253,-0.6188287135965311,115.82939196124501,-16.345860229174065,151.8655806971321,FDI
72.77397479735748,1.0541982287541234,0.9399687053671664,0.8467985227154369,-0.10156735683282064,0.3070538646791171,-112.40772299220292,-33.885098473441076,80.30079262103477,FDI
67.19122452873434,-0.7262698191689836,0.9289581145889337,1.7604941842708042,-3.527391972486579,1.324335362669188,60.94846774377878,-32.13830974041389,134.47269701566483,FDI
51.36216824764674,1.551168127954576,1.7244655743020025,2.591871808607228,-3.1868491321199413,0.274583891097937,205.25924062535654,47.87837783187891,69.15258105357832,FDI
50.55320659800305,3.7385948302066003,1.9394262183063304,1.400672561648071,-2.983313217120531,-0.36958945226950485,9.548334127919631,-6.721204963377512,119.12370654735875,FDI
72.90584273486306,2.036329486229343,1.8558584307204637,3.260935628867658,0.2849338822868671,-0.10151665071289162,19.582144946435037,-2.9699135414994213,68.5001445789801,FDI
83.70625674184669,2.9990470539232987,1.433929601962558,1.982872656251542,-0.2663365313725176,-0.5984670085490694,8.979603064014213,31.88895015269335,109.0516778080231,FDI
81.51755864672994,2.8130546431857013,3.5420495186656176,1.6566911337172878,-0.39205667960814117,-0.28654605245561104,-27.221568507738738,-17.784226117181955,38.02815003567384,FDI
64.21091804880272,0.8220131418740835,2.895464539722906,2.3733526439301635,0.7581572996054882,-1.5056382276306262,21.509712074837317,-77.78254514924716,45.6414868597488,FDI
76.13055009697153,0.5808830731771017,2.200386098244927,1.0589530818877442,0.023324439185824386,-1.3942729000896321,168.28491798501383,-66.77466447747976,10.553503027878627,FDI
90.38367641480608,2.316303456245173,1.7531618837971057,2.0285399313469137,-0.9652759683833854,-0.8889797674701414,20.69501068922166,-2.331853871250731,-17.80983520792843,FDI
70.22587319378157,2.6155897093486726,1.6346402801059903,2.558152159181015,2.5673067093155737,0.4358883304830983,37.54242847534641,45.26668238869604,133.60182638409492,FDI
68.11592102819014,3.9861706402941923,2.186092417748076,2.2778110507823555,2.0858367887315463,-1.6214557806817855,-31.109757915465366,-28.19837222449376,104.87884516551061,FDI
117.93238070270174,0.7487045142667293,2.4013613216040874,1.7977722575411406,-5.677833359747948,-0.1567627857992987,130.65519723165738,-52.91514940909677,85.78179930422081,FDI
76.88969341147485,1.9662106127071273,3.077188659586347,2.3952644061263477,-4.380956379076425,0.29348278387769977,38.679594749516134,-3.8925719005909745,111.20906380917299,FDI
74.53437738755024,2.0368144598561986,1.8712011502733346,1.8895406490274438,2.013974001728627,-0.7790977999931329,-0.3423879218345931,-8.118200194320188,41.39736353390879,FDI
84.61512087938542,4.621543866344739,2.016793010992215,2.9090162090437,-1.0697152039594415,-0.12824016497545496,59.49722733895751,-11.288602003856454,-28.846315353426803,FDI
49.17034287949326,3.481916514352495,0.9963510810971545,3.1716274671882374,-0.9381741789342255,-1.178714715207731,190.9623803220482,5.080736166178475,76.01413646404521,FDI
87.5369436353072,-0.221168080458213,1.979865518967992,1.801743807534951,0.11072867086333038,-1.5545047506865148,18.468011334881517,-56.757343751190874,127.94937947290288,FDI
72.87605590327374,0.782630935072969,0.9845986658023226,3.114248042609792,-0.051978555400409354,-0.2912880555597233,79.0251058749747,39.139325911369255,-90.35676569035051,FDI
64.24703762681521,2.4186894423582537,1.2776200170937568,2.57610110204105,-1.4387347220778484,0.098804618395223,58.1083287788878,-12.928677408888188,49.35019932466885,FDI
72.59662754431733,0.6080988497845932,1.7328738510773825,1.9095535811365738,0.24875466887063158,0.9508769697500297,-143.44725170216066,-18.310143667898128,150.41240805053582,FDI
96.70860507334098,1.2064874779346786,1.1994869185046926,1.5185287415036395,-1.9111132537159414,1.2079915087063016,51.65172400842985,50.34708584855278,16.7254536266475,FDI
93.06657566897402,-0.07875012960116745,2.3557573766231537,2.653242880030411,-2.889474178420798,0.6559531419774791,-21.031775042661053,6.953019404858292,-66.35764935702854,FDI
97.72576852713931,-0.5333036796421426,1.489137149524224,2.1775943890998932,-1.987196038690818,0.1169724184139547,14.169787808723598,-120.83185982888592,139.1885628807546,FDI
71.9859791591998,2.99381891475422,1.5614535008609987,2.4840228263025796,-1.9323223047049405,-0.521618283334347,25.849367565882616,39.75974777998506,57.22216536737455,FDI
75.85657947433478,1.8887129319569613,0.4869119113070931,2.445776745020226,0.9569825522939768,-0.6487175211332062,-0.49247883127398495,27.27896907278767,8.300481877928178,FDI
61.624422267641656,2.192130211509581,1.7886047768984352,0.6912329178785745,-1.4451787543230254,1.1767370644828916,147.50624053839744,-79.62709315299944,29.364986215167626,FDI
64.9941642335581,2.820950287333412,1.5654953101843838,1.1838575111973804,-0.6471067832769386,-0.31213271465327896,-37.845914262609384,10.145912312480988,27.06165631454686,FDI
77.66084289053195,-0.4332382067498899,1.5224647583516404,1.551241508913828,-0.45324780329940983,-0.10002295861252147,-15.13328345006218,-4.507040909645752,94.17761833266671,FDI
85.71278516931974,0.2766281627075089,2.0789952636016005,0.8196850029416447,-0.40865504762926663,-0.5075891734682354,-162.18524707422432,-32.23483051414893,-25.372105655081484,FDI
71.78484883941648,1.9576713485124289,1.368845965900198,2.158677324212568,-1.244345632017965,-0.15726730798269511,101.85805252385012,-7.278653648376532,108.07454214162463,FDI
75.62135639305261,-0.9800888600377151,1.8442369076860814,1.9826151671212875,-2.205380467035055,1.1110876465575759,48.55110636214467,31.657165942049826,134.16535664773335,FDI
74.33928934616247,0.4686927918592354,2.141878935892099,2.0168139462015606,0.3336749450025941,-0.021255230277752363,109.98494206011961,-6.279940708989069,36.212394725553395,FDI
85.79493456082537,2.4927054520288623,0.651539925415455,1.3864593257443132,1.386509351365745,1.1081942266353562,239.8087775990743,-120.04927799587736,14.116967580601624,FDI
64.49724662761155,0.8451007173514,2.3267013526082856,2.6777653713114664,0.10710307561722354,-0.45694853545158565,-17.334476159475898,-22.208051135519458,96.40681747816333,FDI
90.27213318608847,0.9516153033244386,1.7097264591760315,0.9093719495450248,0.642479618695053,0.6235643689222125,14.290999721466207,4.476924474807706,64.91250585603156,FDI
56.13597653911174,3.2990165727093377,2.1691052004251965,2.1827453331376168,1.2606057526248333,0.6984674847087676,-47.37208048683202,49.72676018931267,131.29236599287594,FDI
56.02536321133118,2.3817104563458558,2.3827230384022995,2.836505000389614,-1.7513245082358808,-0.6028018259064308,-214.45465039011958,81.50176248634375,51.82807464751512,FDI
93.24298546171316,2.938970706141489,1.6797412290182472,2.4882198542738037,1.5135887208414414,1.0866756398127804,-75.20402774269722,18.272711802963382,57.151168445481076,FDI
61.12180303535363,1.3146160545711605,1.5994446151351849,2.1193313373749167,-6.092097416538466,-1.1524049447552802,-160.4452551252919,-0.30626640221639967,51.02340749730648,FDI
62.364351606534136,0.8180290288715246,2.013633993962962,1.269803775761873,-1.728021797651069,-0.22526699721122873,22.785947284277015,15.05867499131811,99.29100985614481,FDI
97.40357676065511,1.4925612436732212,0.9084988848381255,1.8662905400031309,1.2495332551858835,-0.8429992963722642,151.4617629645892,15.738710575538132,143.40857473848723,FDI
67.05498974165947,2.880373502673605,2.4043874533269882,2.090821006834532,-1.3909031709531603,-0.6171317202501425,136.5295533593205,-111.05696261335153,-33.9511604426217,FDI
73.6273826653209,1.7059989884618774,2.159961451560796,0.7715820781718967,-1.5384091757677822,-2.0416934461939964,71.2034336021606,-7.085599762899607,57.270941494286674,FDI
89.56589773740107,3.6714424994794106,2.023732995097893,0.6422384252936557,0.7096696305337671,1.3150508153901679,-34.59742619413572,-70.40818944939943,-12.583049861262978,FDI
95.12628588147237,1.1052968781656693,2.708143591499515,1.941036346993502,1.261942047711422,-0.6690313120101803,-149.89503354844516,-71.52738078399585,26.009674866862603,FDI
78.43752437814811,4.189351186718637,1.1485253822088097,2.30053960023389,1.7443614922952448,0.3284205539150389,127.93039263357825,-88.41935990300993,-19.24158044805378,FDI
69.52431888355291,1.5592794637569518,1.2724201908262356,2.890043850139751,-1.8283167545323542,-0.30109158748537135,110.10393124312932,68.69262092614173,59.22938926743487,FDI
81.55523567426658,-0.05805097379402002,2.342937833451271,2.1370164240210228,-1.3509787130612807,-0.47124795154921584,38.83798531100355,70.12464296196053,75.24553238320993,FDI
79.73543002788841,1.6265703483548892,0.8316992063678086,0.33206347894022015,-0.9398209593479896,0.4311759966999734,-14.024355649216204,-55.533740694519565,65.98898926039575,FDI
89.596462596973,1.0111558495475073,1.8298658759264157,1.5133933132107815,-0.5192357675446805,-0.1678344298364014,101.47268132500668,-70.80099424977764,69.69552598114394,FDI
80.17994882069532,2.3642509487686882,1.6042910032965132,2.3740750011405645,-3.0029070180464483,1.1829279353426652,40.01112882523852,-29.47103830201665,60.592597435965665,FDI
70.39574307702125,3.2989373675061877,1.1575081978861583,3.605805439947723,0.012362327632943315,0.43106436555228766,-40.360432722210035,30.078276586875415,127.15757293513398,FDI
64.17973624864948,0.8290178738864153,1.278282601959746,1.30404877433977,-0.28501536138627825,-0.6143458903758746,-32.683731679252105,-32.30799672599534,125.8470837584838,FDI
79.95495261958453,1.2356601252883648,2.5656500038647185,1.2604032025131342,-0.71175244269398,-1.7740941220573385,99.69655323703057,-63.14428544451249,62.054990588021255,FDI
57.40217830409975,3.7508304745100647,0.43133932125565333,1.8661017966250588,-0.32695690063639693,-0.9813786999236787,-62.65618734694823,-19.741646367685735,82.77655146878973,FDI
42.216585514285676,3.2557794660735473,2.034162623193054,1.549612953298072,-3.118721558466693,1.9671131426198705,110.48865340292804,-44.87610566911622,88.12732354616116,FDI
69.61248721873184,1.0122993888405427,1.5455876587602149,2.085739417621242,-0.5529194314123771,-1.0670738600233471,18.360090395564036,78.83018166720933,24.42150961756993,FDI
82.78280785676479,0.6437509587546787,1.9410943298043617,1.8419894570176911,-2.7724244499458193,-0.3664094767773044,17.297023109591528,-28.954592242498066,64.50358011984703,FDI
100.03259539339017,4.47170378634595,1.5220878351344929,1.5079566443564218,-1.331548598869518,-0.9079897948914051,137.5387291568818,-17.120872670341726,-2.5404833055466156,FDI
58.64214848747238,1.7480772114439478,1.7697161584889143,1.6548764901983959,-1.1540293470122829,0.6085963272012863,-8.622471168107538,14.291196309019323,-7.856089362798741,FDI
79.43461690590502,0.09841287362936835,1.5310122402592037,1.127691297667285,-3.591161353828481,0.8293818100554113,82.77664910407412,40.17016012918893,36.47023869712507,FDI
86.9050483874115,0.6721055716516777,2.3550721260994187,0.061373784387983354,-1.6875620068774002,-0.514623389958887,73.5120477602149,54.18466164786679,17.177241652652796,FDI
77.54444988220152,2.6791836339891146,1.8546666596942418,2.377855576192708,-0.38682696869379357,-1.429536778471453,40.74547535562391,-49.6858796049181,96.75534780721924,FDI
49.602667987588895,1.5012718782766004,2.1504448702772736,2.061477750194335,-1.731402534185647,0.38499200204228334,20.140248288305287,24.177165534073165,118.67046057227932,FDI
74.86922183795694,2.3570240615374805,1.8003554874759948,3.1032950249082076,1.0629959676680845,-0.200690835395672,-47.69998134798661,-42.56428901262028,-2.7254571852677856,FDI
56.7134113828964,1.7409263642763917,2.288372364171543,3.0208073856751145,-1.0497623781552705,-0.8508826344683426,185.48554221964037,-30.4931599080715,95.39248583876719,FDI
47.06595484846254,3.6591372046489434,1.6565477955550763,1.0425936281343235,0.08649573268908806,0.6738187410980101,80.31866147535739,-17.198072580288432,121.60497218667317,FDI
87.94784286502286,1.7557905013060768,1.295576367710693,1.1277489094048587,-1.1026594158663476,0.15853877206560638,79.26349361775222,43.97460560482291,66.17280209483616,FDI
88.36395975978353,1.7969480102471345,2.710207160572006,2.230232360497874,-0.18591962844775967,-0.14938981791465022,84.7760865875773,-8.997532568801896,147.12491538549494,FDI
57.771563549077726,2.4915419661890295,1.3602006312173165,0.27159342064534286,-0.5678988722310702,-0.5890490295376837,109.67289787075734,32.30173287398017,63.16637622365942,FDI
80.09104221066283,-0.98964611099932,2.833798057717204,1.429257512841342,-2.6652725492892992,-0.4706787759662005,22.86780814270761,-5.054941569306941,155.29894340685894,FDI
66.82597468871785,3.241123817717768,2.5293217989096943,-1.1839549384890504,1.164350508424424,-0.5424454774779603,155.10578173231133,-8.426060394470241,39.883158584621455,FDI
68.35483778202317,0.9876904665885875,0.36977490943853475,2.402951488180861,-1.319189911531829,0.27997580965675994,6.358195495607617,-45.13148150500883,31.119268467065687,FDI
54.50161178192439,0.8223469305299551,1.5288923962074719,1.9528388026901524,0.5574604262416143,-0.16370553694256612,98.93464951858317,1.8202526095567606,68.72706887098717,FDI
104.39643931097952,3.2726770684355646,1.4002711045476817,2.5014449858793677,1.253511151050227,-0.4463525512247643,39.816647227404005,-41.852142129640015,76.2537266163223,FDI
93.38933663530278,2.9224328371343704,1.0837054941340958,2.6180288484261327,3.214674052617502,-1.2516712729394712,-28.13212130948851,60.49531240961642,-27.81154970612738,FDI
71.12128928712545,1.2583233643274547,1.1789143152027701,1.9774350212064606,1.124189791853756,0.5003575268756929,136.5381175666223,-13.638259223018496,158.3356890591794,FDI
81.86485091203338,3.126875988179046,1.213313894771141,2.1999381697994504,3.4498575088079013,-1.90916803689878,32.65287700006374,42.296454556775075,1.774161888369477,FDI
63.87490761670978,1.9683795593947337,2.1177402255091162,0.3802361602273935,-0.141701352524922,-0.9737490617775252,-25.872036502036607,-58.57867698334222,-4.905120350058169,FDI
99.15854859271356,3.1908029194844927,1.3022442607905216,1.3977788434011393,-2.1946992791668527,-0.13382355699122359,180.48972749760856,-23.92785123341971,156.22832555416625,FDI
58.75325529937426,1.7114440182768251,0.7652708830602121,1.339167450198639,-1.0229583737084942,-0.19446220270497006,-11.12217461526653,-33.94104271103026,131.93951551715165,FDI
99.11760727472026,0.8778311599048797,1.2649589792970855,1.5757143455237959,-1.7460212527134567,-0.43393804876478326,217.35490003045578,23.037330211593765,175.10614432132195,FDI
71.11708384499107,1.2299582123015687,0.9451977998037093,1.150021054116759,1.221199322680383,-0.32950158976791366,110.86703318138052,-46.822840381721775,138.90294603635851,FDI
67.8508990463001,4.700257536573201,1.999645502534472,1.1097531831778058,0.5418086891379721,-0.4095180756596005,228.2469230865815,-56.47658309622834,32.66655772169718,FDI
67.36665337438782,1.8115183747651664,1.5466000506466717,1.8940014281443471,-0.4509136475117716,-0.663295724064988,109.19063537049385,-75.13134720134794,9.470042725028563,FDI
82.60729716637613,0.4186833299202819,1.5466190967438955,1.7338316031136007,-0.8615533973993983,-0.8279840324401724,69.76773147318073,-9.98648749237889,64.86574330828667,FDI
75.51854934915241,1.9583316237433026,0.3066089910288692,1.965982867315971,-0.5891234010980921,-0.6864443635634618,39.57686311745754,51.77192315820861,180.67882125992924,FDI
94.50000552948394,2.643098472186138,2.4354889605630934,2.9505643562745765,-0.14667373422148405,-0.06979192388474775,119.40594020790415,-45.07311357193338,77.11043377720043,FDI
107.3115808216302,2.083680720179133,1.8103892156701415,1.4485962893115327,-0.4679219066331323,0.07847782495739539,125.83654085120442,-6.870363394431999,120.18653969702396,FDI
62.28861704344209,1.1545449581486504,2.3548596901628147,0.7153675951465002,0.755828056110647,0.0817448755384714,120.3826940265627,40.67721297211092,126.56649976672044,FDI
74.157540326604,-1.4555930719948589,0.41538147778586554,1.0421912036921213,-0.25707483837094525,-0.653762768242265,156.80960748822062,24.612101209609644,116.16823785368157,FDI
97.18547723891747,-0.20033500357413314,0.7068884051751921,2.5451176275984757,1.30367478918126,0.4433925510821758,28.96777265785601,16.020253755553426,207.98875543300636,FDI
96.56611323019905,2.1973697338608584,2.03914257478128,3.1425423305027067,-0.4609518591334119,-1.1213090599442577,206.08349338030274,-68.78492761261202,162.39098946214386,FDI
93.27865843497666,-0.4393930268519921,1.3262124515844338,3.4035231113254767,-0.2591399694837032,-1.2919873694666084,-1.3694833732067409,-12.623164072166912,56.72740361809713,FDI
77.37504449593044,2.5518156489003663,2.644244981163146,1.5076376424496125,-0.06476810745729022,-1.0024542497097495,1.209119106583735,-27.591558874770158,-15.273542773985298,FDI
47.99597371813723,1.149103527336969,0.9000348384275431,1.0330343375385826,-1.7451763578574115,-0.09488622156285054,55.19376095663659,-19.240031684200005,78.63042704931502,FDI
92.02116475091692,3.453518625831128,2.4314553176847977,1.8371142422863014,-1.113373561027041,-0.3859185706140851,-47.74899149153805,-4.424408066232875,-28.537169429642518,FDI
53.79178852528334,1.8816334086580115,2.198959827925677,1.5085078161414063,0.06337967740279438,-1.39273776501362,27.789579858725542,48.63674638674641,55.17277098919459,FDI
65.13931311702592,0.730907569730533,1.7654975993865687,2.336494363807038,-2.515190344950833,-1.8008106760023537,143.7032422164371,-64.05756493485039,79.75064691999017,FDI
72.36219114944252,2.1741268830462674,1.488298894510569,2.31340120621134,-0.0034724130612285853,0.9777394149179162,-33.94971812344443,-10.025800736165575,45.54968487670537,FDI
68.72417583357382,-0.5309505885223447,2.1973467011808845,1.519222225876836,0.47637177784281537,0.8376836064944173,69.20128618910348,-6.628256057735519,42.615351742417275,FDI
97.1994996440558,4.337029165012961,1.2819232408647463,2.296481557796935,-2.1847897445207947,0.14976538339665577,56.71031199856854,-79.4978135016777,12.42183652548502,FDI
74.6406998631582,3.9342522950859804,2.048928862555654,2.0338761490362542,-4.449974588623002,-0.5922318302311922,24.083898408901856,20.201973625470064,93.16605685345954,FDI
66.01484480676561,2.287753452016928,1.090240302700876,1.185691721972417,-2.9945228501626717,-0.06720154493392111,129.29465220559774,-81.17701482061574,-15.525181398456482,FDI
78.05790367637671,2.690770443896228,1.4688430116780287,2.680505523404835,-0.08552636645877743,-1.4017896908452119,6.363502472919265,-45.38419221943861,206.49170146027535,FDI
50.79011006725526,1.8729296814449576,1.799765980825448,2.1888722770867237,0.017712671070947872,-0.29700218665123473,45.527863259721535,-18.515778092910743,159.34932866589088,FDI
79.77717655941534,0.6622514475191118,2.246223593366808,2.677064891757145,-0.9866141248262345,0.7012019666896202,105.73304249574045,-43.77812382033615,24.97474544677936,FDI
56.510293675174154,2.4769258004443064,1.8959587980400043,1.5856468753760096,1.322727356195316,0.958370486152925,-34.68837301239249,4.46763058905281,0.2709164398028747,FDI
74.56552027914891,1.2111726587711087,1.4676849071720048,2.901440860857681,1.9499538206344924,2.078877452948889,26.698519957875604,-83.92130472866529,76.98981300943007,FDI
82.02135336561427,4.161295564705819,2.141406823987698,2.9668248362781333,-0.9078376575404514,-1.2170730183638903,100.56223982495666,-96.40414124300794,45.434411380690314,FDI
72.59538335467255,0.17056279917230888,2.369141794430636,2.6374052668364447,-1.3755727561866395,-0.5403776233861335,-9.68551214387844,-25.938914922545308,74.46057772721605,FDI
92.94376047922043,2.6192670356916112,0.877654027857533,1.9508628540891808,0.38110208532310685,-0.6213112398893857,-54.49881873452199,26.580804524860287,38.0451223306593,FDI
67.12532013748574,-0.420303397790007,2.7707390587680347,0.9482977142043805,-0.7033370813542674,-0.09678032502065761,86.92617561528662,-54.467153202373865,7.010962705476146,FDI
68.84371023287001,0.9276384965212467,1.563190310179083,3.3984429342650087,-2.1283336548470806,-0.7009025813689959,54.54531795828116,41.59486254015685,-31.46617614106937,FDI
76.78434917373912,3.3959732716806785,2.5135468683071207,2.4742536729042914,1.4743857669826081,-0.9897126246394334,50.638207333405816,-29.772630840674324,35.732325453976316,FDI
66.85091255852197,0.21238171572423514,0.6958896701744567,1.6465869176470258,-0.4488796597597031,-0.910962520118256,63.64621932732256,-5.586111263983733,47.52533818564619,FDI
77.73348052516334,3.046255550396711,1.5640287591713873,2.4954264385546376,-1.8344841411136188,-1.2708889747340357,-59.6604918167628,-30.143452587100423,50.81122491907786,FDI
87.81945440592088,0.7307029135938825,1.7790569957345026,1.9040357614163752,-2.743269238631801,-0.6375323733983179,104.96138311974374,-126.67325771757258,39.33907355654124,FDI
104.10271372863807,2.4406015602008475,0.8916078277212345,1.2380525093770087,0.21116919510541698,-0.15759448849791013,66.5515767562912,-7.257743844942728,100.6863048375346,FDI
82.47248614058735,1.1404983433467097,1.111362397619423,0.04643267515188776,1.154277412960664,-0.1455162663347958,130.34158880772773,-0.5912828250857896,3.955100913647378,FDI
70.99394608517215,1.8676591569378103,2.0327664306520266,0.1981543291026553,-1.1246850766499024,-1.1207789056931703,195.9223340740238,-43.35350234313081,172.04050976405154,FDI
47.3015827066246,1.9998545656506475,1.5056442858014136,1.7890934128733056,1.0934867483990824,-0.6614461266423932,-41.05550581696167,-63.045658991635705,68.97017982570755,FDI
71.54315329398861,3.9869183492163227,1.5869699213164574,0.6567561129938078,-1.558803114553014,-0.4035918361417674,145.39154465861688,-56.20988215077415,85.03567994241949,FDI
74.9296642942594,1.3157587100780455,2.646126037530323,2.274037480508355,-0.46110466661268484,0.046958987652338774,-83.39770483642495,-126.30409706419654,106.4458288580258,FDI
58.57144791579949,2.2694528232864024,2.734748265780061,0.3926081435380915,1.0179836988292155,0.401568900448406,81.15446615654601,-46.70308546133049,162.36204714134664,FDI
80.2623207831518,2.6125079102404922,1.9616134714039575,1.1080259405443202,-3.2430046934479506,-0.5527423312010331,162.5598565931683,-72.34045747288918,-30.88316622020068,FDI
78.41364742977417,3.737654190790641,2.162346924829817,1.4333111068472195,0.5802957929815846,0.9780237011007311,3.892416875678933,0.28965326254738244,225.41732797183795,FDI
59.18268542831147,-0.2839483504389726,0.44017268919328556,1.0105518388698778,1.6162356868115515,-1.1772449997288796,54.562722830015076,11.921205992809313,43.439231242816916,FDI
56.93413164862982,3.1625273924048853,2.3396048243930507,1.4801595076927447,-4.116867369624073,0.8430266443470502,-2.7724614487650854,0.13495065009398033,112.90067389552046,FDI
64.49856654531635,1.9644210437407439,1.265075215895208,0.5089396939751613,0.7636082349065898,-0.3477146400202031,-99.58264558416793,31.219364267532445,120.91670511395543,FDI
82.31391954544158,2.760951515009118,2.431563349986261,1.1815226629368427,-1.4126189662708928,0.07514665076739016,-175.58693476772095,96.75734103155317,-58.75804933277932,FDI
46.42074932693279,1.509931706939511,2.3986255645487384,2.839883801571718,-0.8494500835543859,-0.734707787450928,128.90226734274472,32.87438291103889,38.94414678605001,FDI
107.25631451995734,1.7926176506779805,1.5346327972249234,1.6902151650942945,1.3619033960323348,0.10861998239671775,-85.8996867293075,5.3303493642059685,144.54460636266055,FDI
61.94342874513886,2.4017301198209697,1.1763037644329024,1.8830469735273616,-1.6773586266461473,-1.1577784819380414,84.07574041833965,-7.638611260489888,82.93463119794772,FDI
76.1346227784877,2.4068538645595967,2.1063285858365077,2.853072251938387,-2.029159533834258,0.3211058778111806,88.50224840339078,29.68712817770204,47.3030105255432,FDI
70.81858876447187,2.003120822535367,3.0891148366432746,2.2654103602002165,0.7662420982507507,0.5834280495457158,217.03099126398757,27.485901156985474,131.61826006063032,FDI
64.81330596233266,2.3849970830446314,1.894403734052117,1.8659163734950928,3.2067601958395757,-0.4597198425263944,33.001211281025014,3.8148163090121443,89.02912632342486,FDI
82.61400690984081,5.9767189228044275,1.8349317656796484,0.7090177427624114,-1.5808291068779883,-1.6352870827861126,165.30958817427822,30.627623388711232,50.31455835543396,FDI
82.04941387368878,3.4718822444701503,1.4327951360295663,2.03574994817542,-0.39720227835399957,-0.7858756817803855,53.49521459013323,28.229944363419587,135.8373215895475,FDI
77.57737779858672,0.98327358268872,1.9923650649855769,1.332496536392071,0.03505420237609391,-0.2423588084484735,-32.27122851817593,-91.59820960959085,70.13052886958296,FDI
59.69624111913549,4.747707164877661,1.120447429176186,1.530186830117081,-0.6184350562978048,-2.540380346321364,68.09518607389519,-45.7087610195504,16.43201643361838,FDI
77.08704841065085,2.4758769673264616,1.4851595407328142,2.1713949340808774,0.9630022468854491,-1.0201912602959615,108.31122634897034,43.775215080850074,91.94184701360291,FDI
90.1866847578578,3.5993607322362644,2.310786962862062,0.9476584865115734,0.7460720360754725,0.539096250151276,-151.81468479881988,22.84557656214213,121.06374972495163,FDI
61.918156322059446,3.63600439913352,1.1773537420874338,2.717015293383559,2.662983980687531,-0.06637952137732958,250.28597872671105,-50.83386538226756,56.7115279792851,FDI
42.487773179832175,2.1392558058249778,2.3495904852571026,0.9899729698729368,-1.2460795667620594,-0.45608455926169217,73.36566338279323,-28.07892707919674,78.98036224262029,FDI
42.85328644648582,0.9379367191791177,1.5954098703912432,1.8076011432679362,0.8723822362817875,-1.0145217083728684,-5.530032455613338,84.71401525346951,171.89154767367864,FDI
87.73760588013889,0.2998292203499777,1.0190984973219335,2.8573851878570324,-2.8772807043362594,-1.128105568314144,-23.678700360568655,-76.26186696606224,182.63016158673528,FDI
61.08669298294705,-1.5888830338593367,1.4862998843618893,1.4754588428825062,2.531466689661663,0.39698505882141955,110.50114904908085,-27.99276998549663,36.407270783279024,FDI
54.985703113184755,2.8751377429687333,1.3733589769719157,1.5696704009185332,-0.8285161534253935,-0.936728715232082,88.72463278608484,-108.79059226719198,-9.566407705585931,FDI
82.96825686416031,0.5089872557082449,0.8854056474588042,1.4976657021859703,-1.8387662042522364,-0.15255536318989926,118.88812759215878,57.61042536784291,137.12823660099923,FDI
54.42909773354942,-0.41084084465805604,1.397332335644962,1.8431789243955201,-1.6666775264741995,1.4288714826231081,60.36487508078602,28.9216047249698,13.780167744154035,FDI
86.78766302748366,-0.05777741351119814,2.3145564884557506,2.2485520625239173,-0.5301088647402756,0.0034238407940343496,-2.9226558103133584,-3.4248919555637105,87.59845252311212,FDI
97.6621387617021,3.21831538269763,0.6162240099992332,3.0158648450362167,2.8213162008931256,1.1851417956930743,61.82568964057643,13.271471282397535,153.1012866846707,FDI
58.0652839462072,4.338255022396015,1.9337529922702765,0.5020086321401971,0.5140932400334322,0.41928821218118806,-2.89755457603453,-24.74717872664704,29.151720931814488,FDI
96.39802196523604,3.1690510493962467,1.0102396268539142,2.747113579774337,-1.8889617779584127,2.5478600764116783,85.37174007682563,-50.6100188316985,73.30820351490492,FDI
80.61228561709761,1.590477122852247,2.2218885396393078,1.7976357233641924,-2.522499432744434,-0.4287945256470037,261.2178413233499,-0.04279556747759905,133.77528830868766,FDI
63.514742496312316,3.249963589125448,2.473576376316734,1.3645077874163307,-1.2268654403498174,0.1554490248563912,195.29010574829914,-7.142774856974969,47.40796959817274,FDI
80.479281577096,3.4109365100008437,1.8494099670047335,1.707845537500606,-0.5360768641516934,-0.37906992390762173,4.077070872717179,27.764400463443803,123.9089344503852,FDI
86.06449656124148,-1.493559226745291,1.133465145340683,2.7485763169927395,-3.441321206829583,0.08723858662369591,5.4006501387117964,-32.14573486636084,129.51025479360908,FDI
106.73431758985977,1.5636272329735195,1.511987435694666,1.396435351534052,-1.3542281863295513,0.8024315902615478,39.358719638904326,49.36954534499067,44.43955578234717,FDI
71.52347291768434,1.7125065568778954,0.703575855633069,1.975855049790363,1.9232491740527193,-0.697379801754404,75.16537171063581,33.945208011493406,-25.41829526698662,FDI
100.11761428702978,2.3692732108189287,1.1321574205395548,3.0808353813696687,-0.6264002964134985,-0.07015664824160231,154.7702006273364,-59.425920167687195,191.6309398335978,FDI
86.16932251849151,2.9033112096525278,0.537119798072986,1.1616123683851933,-1.3912263174597204,-0.21365636306762786,177.19674000855434,42.275986406545556,46.221140060994486,FDI
77.90563445854943,1.676540000023869,1.6511506090997488,2.637064923027869,-1.9863044125944742,-0.34023663918858765,106.74795290889602,-18.467325655833083,80.8804416097313,FDI
87.49170173142797,1.4448637653594614,1.781670072605843,2.368300585784377,-0.8155564068301359,-0.8320114743696154,212.08905261748674,-22.697166458392644,48.441708239346475,FDI
66.09132297007633,3.686157633856515,2.3388709530545544,2.8330765618925318,1.2329338918024737,0.6402982092076852,71.88578231851943,10.785182753306238,85.08839906486766,FDI
82.86445740646425,1.1536996136521065,0.8549322637029465,2.5500768563575464,-1.813253875489321,0.26224236074443896,175.5112349480229,-4.189408673276322,120.19309510910821,FDI
67.503493995743,0.2753350258957248,2.3814233341301834,1.8987905766414013,-0.2783613654399262,-0.3223360997851499,70.60014751110545,-57.27234701943655,161.66375278381412,FDI
78.54540467923032,-1.6444757875599563,1.4799306980239963,1.851704598676272,-2.495522281760325,-0.34122214284062147,-23.1835341333676,-133.93008702493543,-13.386714028132033,FDI
79.62009213617047,2.836192473860004,1.7320259426554312,1.7212047414293938,-1.2168918279178327,-0.3350428333401327,64.12054009984007,-10.002226975882827,-50.53227419547723,FDI
72.41937049037136,1.513571449857019,1.7673170193359125,2.4700911881706515,1.4530552635174516,0.41705128823590765,-34.15952796983707,3.6266208728965097,121.66608949275911,FDI
49.99863619728899,2.74769685775051,1.137963416108017,1.9328601362868023,-1.1066298466557198,-0.9084044697421737,-41.108909471911275,-65.22278749869213,102.65602641001111,FDI
81.0461562105268,3.6251132891226163,1.8589209869593843,2.346871745326581,-1.3494548880897035,-0.25913820147822336,128.00990633807362,32.43561846857092,15.406197375431816,FDI
78.75976098025819,2.2001048724172563,0.3052495574774149,1.6216443813338255,-0.7718993119901252,-1.4041451766697601,121.38891924777181,-23.335454464615317,173.89299595256136,FDI
77.59859810076517,2.235988686772422,3.745038618631307,3.1113468077652815,-0.42049248845709936,0.578450846957439,117.91621909824701,-38.52633106732908,56.773842710305516,FDI
80.74663800081795,2.8841542617640816,2.321216380144209,2.84766777172638,-2.964553371157205,0.06854251815082654,73.49426408959663,-55.168857219375,32.80220852210091,FDI
64.33757917029115,3.008141203277993,0.7831108975054726,1.572536239998797,-0.6589725369162908,-0.7276510555015011,60.27522335078336,-89.21199964908315,76.08421408195605,FDI
84.91199814967658,3.352173234335899,2.449150331197762,1.650795933156338,-0.0914238003402198,-0.9015651952530804,107.06797011004753,-45.833703480716494,43.536256284879926,FDI
91.7143438922045,2.2206784004736466,1.6177885375571799,2.224566606376533,-4.3038917233985075,-0.8195312190294638,71.98894622131112,-58.610584464793035,-56.61399677879025,FDI
89.69255331089238,0.6616195879318141,1.4715957133184145,1.481467353501956,0.6333218887910674,0.18394214549965368,71.036523825264,-37.13001760374799,38.45647002074975,FDI
89.05736539542866,1.4742005687552702,1.1503984759701356,2.132552166100448,1.8340329397972799,-2.445560312997646,16.227183417259546,-73.29106942289093,190.09143756929768,FDI
71.6684064419807,0.7050639991447051,1.1937940321741949,1.1797556678953622,-0.4670717178890559,-0.8242049550889403,23.291521648416364,30.979704630520718,109.48954689873594,FDI
60.62673307441566,1.397430684920516,1.3081619258664248,2.0493891908098654,-0.6935415081183545,-0.12301879595595085,11.150681146114536,-111.0852692552458,57.93119964018472,FDI
87.18053727334855,1.3897145500531207,1.5192168732012765,1.9066649523217216,2.083344489995203,-0.04299197890054382,61.72257073910074,-81.11162799053594,128.03058827688307,FDI
88.46960338484082,1.7225514103243709,1.1934608896530772,3.335860567289726,-1.5613847902941558,-2.5075265708019807,32.442904742507835,-40.35216273527482,11.232671080252096,FDI
48.16880931702663,3.511618245547715,1.917692171241095,1.1006272393278533,-4.808238308615703,0.9860768770950201,172.58326084983707,-47.4535678667055,56.29495602670077,FDI
82.58101784944462,1.6816727196699088,0.9334318690303124,0.41436699022666845,-0.6593399596836159,-0.1582085989748332,58.75594887384365,73.24431828543513,-58.6854883718469,FDI
101.85715462865741,2.734106302740338,1.352255307656321,1.2585404905436417,1.5396728383985538,-0.02845629021609755,144.3428808795389,-103.18158100889279,49.725317229196904,FDI
96.21223969092422,1.9017509712700171,0.36054233628634125,3.193804583918081,-2.8514701583569595,-0.7164652901719618,51.48307694347544,-45.65155576949046,64.11277534922664,FDI
65.31759019173666,1.1065382662916852,2.3049321804664946,1.7867044665077616,-1.6205366031618171,0.37447633925733304,114.28940326790479,-22.351762973192777,14.328310119438484,FDI
81.02727509974098,0.26798181591325854,1.5074660744424215,3.6848073537058745,-1.0418041886789036,-0.3604871307440526,17.849418549637612,-7.847215366426714,117.08277825476796,FDI
69.00248694854605,2.7575850248480025,2.684583208960502,1.1496359212161362,1.743336658937795,-0.8530032746150845,53.98106306890818,-91.11634907625846,35.63211128021748,FDI
59.06299605267528,2.554763094992842,1.3288724988860616,1.7189050859037427,0.41189817580525934,0.12753897026573383,-3.925216898360894,-48.88568469318234,9.010387273093777,FDI
71.34701591006521,2.5705922292038306,2.078273736910705,1.7452646415643263,-1.1611018970132727,-2.068066098340196,69.75582470385842,17.239345940498776,65.14850076805554,FDI
82.02923647771551,2.3814677516508467,1.9062935081809336,2.437746965360796,1.1093602790776917,-1.1672487364933608,-132.84125400786053,27.48983955416212,-29.02191229092037,FDI
81.44376548157007,-0.2325799477328121,1.292644150096383,1.7457801464878366,-1.3413817106621362,-0.36889966991261397,154.6100751973077,-22.93372312511101,49.1799978697685,FDI
65.9469889377032,2.6804269860308096,2.294029648661713,2.5139693018425375,-2.712930355895481,-0.45817569119080814,-8.53684718955249,-9.289516143877991,1.7257929202702371,FDI
72.97185224059541,2.9607853359459053,0.9720693803634184,0.692651460433633,0.32485934757262325,0.34165659124169856,177.16814311525883,-54.814645076330834,-6.691304497282118,FDI
48.8216382209139,1.7847064065501244,1.1425933366288252,2.796837130905429,-1.4630931555052888,-0.14419408998318822,-91.80021141121402,-95.70276145598969,26.914214754705107,FDI
107.62888466816688,2.5184287179641722,1.434856576327331,2.4923295587453347,-3.275487932984377,1.9959333000638422,196.17870024959575,-51.58319714729923,155.03129906945836,FDI
71.44450941733784,1.9064565460002065,1.300552413607714,3.184022069983498,-1.1814633810904853,-1.17815954221216,131.42160409442397,-0.4764855927828684,70.56178641454724,FDI
76.75206004411082,1.1197440395331353,1.6085696672877823,4.147152603164134,2.1444061403482078,0.5576267932268301,-104.64192368679902,2.8754214072954305,105.64166280953732,FDI
83.41722927092484,0.33422963622359925,0.7587432194143477,2.3047836901434677,-1.237788073727787,-0.5719815212062198,129.41274224584896,44.96722400520237,77.7485378240896,FDI
98.4176760299953,1.3315196312983364,0.8598912246850989,0.8102282314623608,-0.6246584266003508,-1.199939787850919,97.92117608008886,31.448515339356316,15.990184754456038,FDI
76.1312677824683,3.17075186083305,1.1366783047850328,2.0926889512720233,-2.823613643968402,-0.917987806502707,89.18300362478777,13.97135907199938,191.5980818784612,FDI
75.30756874249693,2.2600885192279714,1.0937731241055801,3.205853227395642,2.135419922573175,-1.056243033255244,1.7290096989915398,-21.70287370520573,79.55651724947427,FDI
87.27947027629104,0.22396768545372225,1.0090035613997237,1.4503134683501697,-2.6358258597257676,-1.8310682443848874,-37.90976947157823,-43.71079993263423,-9.7443301664471,FDI
85.38673079316956,3.500487079246957,0.5521142769449133,1.755434522365874,0.7977746128069649,-0.3497761740102999,25.20559820096866,-100.99758658623753,104.4173041934892,FDI
81.13398233075861,3.7103055053725154,1.6582627559595096,2.1681157827556587,-1.5173142343987704,0.5301151362243302,-25.269000053607385,94.98362408283623,116.00502338848071,FDI
43.99803284325537,2.8849233813243487,1.112229689643625,1.2713722692426814,-1.6966297244367152,-1.284060942082991,93.34066395733898,30.876148053884418,-64.92307396440835,FDI
77.2881567932094,3.097979485372862,1.8404518108256231,1.363583991956488,4.09411769627529,0.0938165174847839,102.67777000686442,-20.97746294096527,15.048593273639867,FDI
66.90650541264841,3.7952190652176148,0.8050262066482292,1.662994473888086,2.7864754691135305,-0.7068520340382421,219.2284632935942,27.868809390937823,91.02762094854215,FDI
89.0859418097614,2.320939756223813,1.1130885216685253,2.9544714764814644,-3.9034500990186514,0.44559602633968853,265.73217981345607,27.785194820863726,22.77401335635328,FDI
64.5615798565907,2.2585356599723165,2.0117659283403775,1.7574291904718904,-0.03312746169254621,0.5073669223576681,142.30193158849875,-52.51447343381385,92.47672213000486,FDI
60.35943239519991,0.7235268677572295,1.4004800445411913,-0.16268006257224,-1.6159792616343056,0.4794580327811129,87.64949584780503,-7.952848676632114,126.70570172682218,FDI
75.48532859059468,-0.10579712966669108,1.9635508383473521,2.0331204633542517,0.3285604102564488,-0.6657745759944134,153.00954092136595,-12.11928116690985,37.26799824438528,FDI
61.59219957912596,1.4585885845708915,1.5173960015822634,2.1269920116564722,-2.0608909946703013,-1.0685623318188735,139.96860605664637,35.09621799066147,28.57317164286124,FDI
83.12656520655112,1.4964140468083673,1.947559285665538,1.9574682248843893,1.6923073292253588,0.22004750907080092,191.58151914396234,-12.998237967850487,79.73515354021937,FDI
59.21081221784721,1.92498479612866,1.777834241709049,1.2889963102798998,-3.099331524195401,-0.4983139094480058,-15.217421107964412,-11.068731812689757,-39.711176575503316,FDI
65.30624815784775,3.28716210897373,2.0280930458238218,0.26087213105855167,1.8171044182053453,0.2256767181462361,73.8118545623638,-48.390511798637675,97.79864045514051,FDI
94.07725958912177,2.5198515782605435,0.5786438428087026,1.1499263502214339,0.3393282520278673,-1.4335993919241954,-29.229960601518712,-80.80158754616103,124.3291658956295,FDI
69.33542594022046,4.471134365347187,0.6180621924294399,2.7358347569110295,-0.25566403442715147,-0.4980018017010487,9.641896477519396,-15.83742865712708,186.1912375226483,FDI
68.35974869287736,0.4834531863828089,1.4800593753913807,2.0568429337495333,-0.22490598317502336,-1.3122359291483747,95.18878630633932,0.970762691812034,-27.957059133180522,FDI
78.69120498189196,0.2561195250154713,3.1815525044576374,2.450595496463823,2.704967616409929,0.3146157407281902,87.97962838151903,1.6758734028878752,151.52121396310548,FDI
64.00660343810351,3.444235519304734,1.7409615626983872,1.3901620147397304,1.9044108929755683,-1.8779944699779039,-94.9281475161293,-8.437874168082015,74.21008815764837,FDI
95.3570800475168,1.1378711198327447,0.9377602950157546,1.8748872399144652,-2.7847200522041273,-1.1223832913027363,110.44591326938473,-116.97667875584378,1.6953184422427654,FDI
78.00723812482553,0.3565215825211716,1.4477458812757464,2.592000477144059,-2.0275309541446846,0.5772619578605532,41.44275749459865,-26.158500247395473,155.2560819487747,FDI
99.26189372791103,3.0629949760100157,1.029979900828492,2.538752225099585,-0.4611648343768169,-0.6028004128846369,226.95759650056925,70.40591104693145,145.83039966831927,FDI
71.93812223714362,3.4824602584791884,0.8955006584732061,1.2778353201874353,-1.5132413585229458,-0.2073264281251363,-38.46852150954591,55.87642107779182,90.53972986214931,FDI
54.79861800094345,1.5096557993996502,0.9609458531571702,1.2233833829862673,1.0605020362197566,-0.4096461330707837,80.92490061284781,-33.67790169228904,-61.37016926415912,FDI
69.46203218883976,-0.5601558052361342,2.5904469460717787,1.3271072256740049,-0.9377512971527069,0.1154370153770766,47.7993197122614,-29.605819854412577,157.88890270706514,FDI
58.890345553968004,0.8475962982196928,1.4651223462326448,2.669111241297024,-1.791009861973745,-0.21948603183081242,93.99208683991799,23.86927306157484,113.9549793012007,FDI
76.68301760862359,0.7213495907304724,2.5678777694978843,1.5973478207121081,0.07054361195526115,-0.9533732438854122,39.26531815101531,5.881071636549564,61.710610546601245,FDI
60.394109575047786,1.7043480591098168,2.8155960839566547,2.4216852025417555,-0.05657726061974677,-2.6483964876998307,156.62412458166614,-49.90573813579246,12.253610692690486,FDI
91.12346250414625,3.025158078151149,1.964516982941642,1.1331406959275272,0.801461727947913,1.0843779367380533,82.17333325247938,20.94739270275453,103.02821486649503,FDI
66.91459895529934,-0.28124862386784377,2.247338806600914,0.8356447069775073,-0.7576349553762532,-0.7518199826373364,-48.21950529591511,-66.66940418759192,-55.76219408256232,FDI
67.67363655718549,0.9909184593026762,2.454297251998237,1.103969274011329,-0.7107442394647269,-0.27028284496802824,27.844876621674928,-2.323243279231921,77.54963905760066,FDI
68.78858190303166,1.1195527954229094,1.7327788712468921,2.2104233055861995,0.26214539876621945,0.11618047512057403,-1.5039887993320704,58.51652236154439,163.195711287775,FDI
38.151445689570195,2.404569227132016,2.8296151072386446,1.9149864581590754,-0.5988937267961258,-1.717193405096637,121.05294134017545,-31.467448354640158,126.03008751681529,FDI
85.45160072676308,-0.07679685779724088,0.44053775650755833,2.1558041493854487,-2.2931362886540523,-0.28073200099734213,69.0672189005065,-22.13460150374891,-16.965466184223132,FDI
46.28137099755605,2.4891284169960812,2.2886422935674373,1.5751504326754442,0.2051111113936861,0.31040405587251607,122.66139296718825,-36.85002066720119,80.08533170345345,FDI
84.43333328241036,1.0074166137198128,1.5484397152923857,1.552967893619006,0.4210422861927613,-0.024265104446259123,55.65438582108341,75.52630262644027,80.9203890773646,FDI
80.5272278077262,1.6998017183958554,0.4172082951969821,0.4067622413095059,-2.535931021445135,-0.8784659745573173,56.919971678039865,-29.45199754708123,-72.51352075423209,FDI
66.33965134351521,1.5699104954243206,2.041593808715585,2.2927639268127646,-1.0707432795196121,0.4743740450208229,210.6495743399525,24.00016035879676,-32.50989820496663,FDI
90.57159696717865,1.1851876404634853,1.1135258562559323,0.8918510919267855,-2.7792083995923083,-1.2659926360881184,29.102971148106615,17.419967797206304,86.40498584987762,FDI
80.50475162738151,0.7872942836843437,2.4139228615049557,1.2513426342560767,-0.0841049103988184,-0.887872456400329,-50.78490507579538,17.979791935295868,142.18916298451668,FDI
75.84269963301047,0.7740598750747087,1.1107276179778394,2.2286049688029035,0.7276021061533999,-0.5900080602313671,128.22382387473533,73.24810138467603,98.0288029227327,FDI
77.91783827579151,0.269281626423985,1.215523011796315,0.7000616471922546,1.253301383177441,-0.5439929898898279,98.2766857391324,39.79691836064461,-14.200495580623283,FDI
53.790491824224844,1.4981066770544507,2.3202447598402327,2.0998691158037293,-0.7166603547384053,0.4653685777974693,-13.256396664696112,39.10387725572748,74.67151322732681,FDI
58.788617302719565,-0.45144887758674024,0.9209737820160697,1.6733279424784184,-4.247803183131989,0.5584947667753666,140.013825718303,16.61434965233856,40.17434540530881,FDI
78.88715153699124,-0.006086449557700879,1.3988302356414208,1.3609749430980056,-3.470419112880063,0.3942083968673816,100.9923072897432,-141.83196288809543,129.96021783573062,FDI
76.59024026234094,2.4586737801397365,0.9888101277986278,1.8587884449417995,-2.431015701202179,-2.066353827753958,-120.79305502297915,74.46580704175756,30.6324746268809,FDI
86.289459350261,1.5499173652171443,2.5225727927979538,2.092106587190325,-2.9726864944295572,-0.13822476027264124,-51.65688158059206,-63.6072909624872,173.0353378661814,FDI
100.56795695749746,1.0678101739136099,0.8254727208479207,1.7470195407496139,0.056351934679948146,0.41228747119337417,92.86160366768866,-23.101107943724053,53.40307178353114,FDI
62.73837765780482,2.3671738759817225,2.2229610887978293,0.3564066668564322,-0.7853526799998908,0.1683538811608503,-107.98641898877018,-29.732966865807597,4.706083361414095,FDI
61.08689338527934,1.486211467292451,1.1371143684345748,2.5606220950857477,0.13810900236207957,0.5420674005394832,83.5574524182611,-1.6884333107803204,55.402108740487755,FDI
88.79401576698858,2.31653999973616,0.362361365802757,1.3747963535098917,-0.5598153003513118,-0.8528602454407626,51.39448507386094,19.632660291400594,146.97436428912897,FDI
83.53556447939553,1.1053515042367128,0.9908976084858117,2.4516320989752747,0.3948287970125779,-0.37279940931046107,28.91492498370815,0.9382031327877645,7.087164168460426,FDI
88.29929626045255,2.2686446306135646,0.9174619725698905,2.5381568515787616,-1.0475208783859247,0.30558715598587105,104.87486538779368,-27.495032295983385,63.65375265694358,FDI
82.25250283330107,0.9462123130005233,1.1982892912550098,0.9094236071166795,-0.7744044006153186,-0.24771698556190233,92.75683503491672,-24.49875262423516,3.647395900781163,FDI
61.33082057549242,1.0455428148275527,0.5525052556205395,1.8295165615914828,-0.6638026001982832,-0.29243781007288283,58.39659533928927,-45.54499652049505,128.7821594940176,FDI
67.58984703004377,1.9892997299359834,0.8598667238546644,3.010067204859295,0.3602363317821673,-0.11200208606508605,-38.93691426443216,-14.075029188254469,130.14109468855438,FDI
58.787543190864625,5.732534416510345,1.3709135262205396,2.8796505625118023,-1.3486350203455229,-0.5320129482588788,172.04906762341085,-7.5295308463765735,53.64581503732158,FDI
61.9731101165619,-0.26628319424024927,2.0101943895990484,1.6997499738985682,-0.0036008655249066823,-0.38165880592262363,-50.82718075308806,4.177650691165585,19.206131137189637,FDI
75.30262419629932,2.8878297971376368,0.9727864526171341,2.6507110160980623,-3.20756743292364,-0.610934529194295,122.15745882277542,-69.06348508094601,19.67270999328283,FDI
82.45121104424534,0.5743929172707976,1.4611780121691258,1.544472533384752,-1.3575037855412835,0.3757074454660968,-41.99976386925984,-38.14509123568041,123.46982736673809,FDI
63.57268198876518,3.780899375300791,2.5950290207085387,0.3039036567831982,-0.34429065079776977,-0.38383335370732385,176.77658672581688,-48.28906703044255,34.52684914396291,FDI
83.20195933995547,2.6364598407833304,1.916576962078611,2.499570496601585,-0.2877530514467068,-0.46377356971534545,64.4750346311942,53.59698492634972,-28.22139207550711,FDI
66.69073374100259,2.361894865979097,0.8718718688672535,2.553262555106995,-1.3936432754373782,0.01938851833989061,151.79504407085693,-95.39124641677355,17.625027754530485,FDI
50.820181387837785,3.9267951166856654,2.906647673158217,2.3531420993290686,-0.1592140269041002,-0.38384990376293254,13.11745684665302,-64.96542846836729,108.8569525725877,FDI
56.55237055889635,-1.796698221820305,1.2621971412870292,1.7918325255745258,-2.0319130226520965,-3.051221856370786,20.963157132889094,-25.203464438754786,115.72067176069967,FDI
78.87432459507417,-1.2898921827583847,1.7892954150434537,3.6115848359447176,-2.055182523417714,0.22600733127191733,-72.61779516840251,-4.157232099366469,127.9419584292269,FDI
72.97677690387545,2.017857776467283,2.7095047192338777,0.2666806405308564,0.7325030436914324,-0.973505415549921,168.52103819334266,-14.176855508976107,180.7449916366446,FDI
78.3375344041663,1.8783995585833841,1.3140181221314153,2.6091704764776793,-0.5746675160823562,-0.7676063055810625,160.56345990521265,42.41460707311167,-37.716046836248154,FDI
56.568110103681505,2.662785797371245,0.9897439939728215,1.5157713708061555,-3.8846086911527333,-1.3081893967125675,21.14027409269662,-1.4196067843541353,98.4006642470766,FDI
89.03579041214479,0.9619641581347833,2.3070834896070274,2.871413744118108,2.03861615874398,-1.353831340364534,207.97723397938603,19.11816609181363,74.84103763736856,FDI
67.53219637037263,2.2015151464378526,2.1040133733127666,1.2989096789319732,2.229811493467585,0.6325880440947915,-11.850577409404139,35.440480169595915,-29.624993125144798,FDI
77.69476277645992,2.1052597162086286,2.4494104536166263,1.5483457813095591,0.2811109390676868,0.23178455206983153,114.26298773367986,-16.135102794230185,71.78593387693594,FDI
78.9495921849065,0.39749848087821704,1.986897644704594,2.116538141428438,3.5781371774988227,-0.6642681844520141,147.74295718329336,-22.794823850395552,-14.971537188528004,FDI
92.66792767604228,1.2297239978363188,1.6243729976019439,2.0202741984359194,0.22888472641021784,0.4562762579578452,-91.67239700359544,-49.50378283835285,52.18984918974467,FDI
74.5068681963957,-3.0142804057931367,2.1689938295842155,1.7066947043951926,1.852190799722943,-0.034712872864371386,64.26807979942531,-106.2096468740592,95.08304680011662,FDI
73.72145792355309,-0.8578690092786425,1.9228495949074422,2.9487315333271593,-3.6606934680836067,-0.29373275574744,81.25145387120752,65.68272968256258,134.98351786712647,FDI
89.68740129301423,1.7605632598423298,1.2219899223554107,3.2055486183408446,-0.5869824875379359,0.24314316721619675,24.79467010842405,40.91039650263018,72.22445404367367,FDI
49.370602428472985,0.7545551053840176,3.045817004501864,2.1995673165038236,-0.9995337448568893,0.6419872112886014,44.73316714678413,-60.12515553875792,99.82983075853394,FDI
84.37532686940442,1.0712062131185038,0.7171850595993483,1.2596726924913868,0.30505753938328106,-1.4407669206365543,56.20479307939585,9.539487125076398,31.389347538815983,FDI
64.26373241208925,1.9057524539804591,0.9038765455894575,2.5212490610610327,0.11090689222676131,1.4641036617045207,-21.613536223572183,-16.794852070050077,60.74384630531783,FDI
76.05840129329611,3.242740421549275,1.766929876943007,0.13632870984302015,0.07244723502382389,0.969877311299683,127.02290678862717,-18.89883050464312,136.19478611914332,FDI
52.9999915979069,0.9668300410047616,1.040721964441616,1.0201637963576842,0.5690312404306821,0.416400324872623,-62.19829317387257,23.5616994617713,-18.887252545246895,FDI
76.96391637500503,2.013220271018403,1.568297699836551,2.3786683872642773,-0.19433989713882394,-0.3822041531548178,119.8658812840768,-21.854275002831223,161.10433595588063,FDI
88.82710016560462,0.4800785230870146,1.1514595791791673,1.8257973332177153,-0.0045439151668711375,-0.10708187697894883,161.28849489758892,-78.78822760345096,82.17828234389752,FDI
46.31766216856062,1.8213925876934538,1.8474217814525782,2.9664090372748504,0.2612696749237562,-0.4065102158761455,71.42453244572323,22.334355747103228,100.10208527560232,FDI
69.82842734681039,2.595859310474512,0.8836092924364014,2.8333551650433693,-1.1985924626507276,-0.6142211515190517,-52.16985995052163,-22.930424129726397,97.73905629658013,FDI
79.69524388939017,3.055103521239873,2.547480131595322,2.300976182590516,-1.7954589556841092,-0.2727765246877129,111.74714859906896,-17.084114925461634,98.0441309519157,FDI
75.9745548658683,0.8943799664334836,1.014460020338326,0.6125982094888756,-2.879680672605743,0.1286717920614102,-16.48502345577768,26.63286398969014,96.55532243453058,FDI
75.74363526674047,-0.1733988301593401,2.3926105385922103,1.2719268841754379,0.21244409431552258,-0.36335380145197194,118.25357599997302,-110.03804521890606,135.29972000559792,FDI
67.82532783168212,-0.4193872753856418,2.0073286023096846,2.2411798004437546,0.00212122807012205,-0.20769599534201375,89.49973552295684,65.1485739509637,61.61365031718766,FDI
59.56187487064388,3.110483351544959,3.07609887686706,2.037808996066317,-0.13911774431212198,-0.2607090565482093,23.151792126596284,3.305463268550568,65.67775427453549,FDI
74.22131858838044,1.8610902899307251,2.491553856214144,2.346133619002657,2.5147431657315336,-1.0795292093002502,-54.326223192788234,74.4242842983772,-82.37477001650983,FDI
83.4044689786927,0.8891834147167152,0.34145278545802515,2.8930114969787937,1.8197785194584528,0.7025243129832998,216.01751266743605,18.722578968851064,2.4568530996797904,FDI
61.34690310376408,1.5146159682449043,1.1058922445112578,1.596057529620275,3.815658288449721,-0.6343445738560256,-71.60408006145727,-14.406857949746065,87.71351871891893,FDI
83.92032941010645,2.2493318689361246,0.8525274041479113,2.149423909196633,-2.511546340411686,0.9790257708238665,129.56403006300448,-0.5809539791229259,173.5936528583856,FDI
64.3325291624552,2.16122130215893,1.1478384787288856,1.4800045947782432,0.9211327519315762,0.5680962408680613,41.18344489914766,13.491272591588455,122.86737513370173,FDI
94.9227263244116,0.17620711691441104,1.4138065538671754,1.6115444377123105,-1.7234875704380999,-1.5224332685811721,-201.70378828865285,56.376228970685915,62.57166233779161,FDI
81.71868300517225,0.7364218134231749,1.5533836631354312,1.5087323521641707,2.292229238242273,-0.8327757357914393,214.64909816104858,-59.94960247147284,73.17066603980709,FDI
76.29136889802292,2.3874483826500685,0.9718492938137699,1.3173227319930967,4.033646580926812,0.5282442803995755,163.07039560709194,12.644437124394475,-26.76469134269776,FDI
84.82885797036674,1.634649311782139,0.8470850387476335,0.3839060257758342,-2.0335083747967646,0.6196442900583236,19.35298177503539,4.761861507972565,78.55684367345123,FDI
81.5873897760691,2.839864013601087,2.3277952746444326,2.387533315536245,-0.8171426514110314,0.13160043112718636,-31.630556432414195,-50.98239079914951,37.901015907332166,FDI
73.15755755332644,-0.9745340624758354,2.7406888378544236,2.4815313934628405,-0.8455752891758032,-0.5386793094752441,160.46194670651494,7.511615971948821,72.90721155485693,FDI
92.39751971228469,1.6308602285466838,0.2908015107078896,1.9469860044698581,2.694794417132269,-0.3451413375886439,-131.96494285507606,-37.07704127406451,76.66317859546861,FDI
77.26832700489945,0.9363641304047919,1.1948346783940917,1.8598300856407979,4.182425397993276,0.05023617285777074,82.33588231352832,-49.754479360996626,-16.68424790087714,FDI
105.5354725555119,2.2112623630660524,1.2051654687295978,2.383978246507813,0.5647703443098335,-1.1518959935941808,-6.341657203967323,16.23507902333872,79.57539556269815,FDI
78.00807883712422,2.1220534156141526,1.5623169879677814,0.39046128466805274,-2.0068772446688827,-0.999302242532167,-28.210672480475594,-48.674899416237054,141.42577440795733,FDI
79.01023087085147,-0.052110178945680596,2.572850974534771,1.9857012279032542,1.002703272909322,1.7849813587908656,-3.892610084664838,-50.85964463736376,88.55526263552314,FDI
79.62097041315113,-0.9481505663442489,1.3230350735667145,2.988387169616113,1.1073338901318097,-1.0393272307929806,-75.98657694452503,-82.40480599528641,80.54678380423226,FDI
67.38973827118889,1.315349697851769,2.2514863806889807,0.9898279313336755,-1.3622303307571988,-0.8137112314221358,-72.40132933111416,17.02523500558829,180.564903297903,FDI
64.10962569198581,2.2201344303561252,2.727339952927398,1.9776768497618464,-1.5954638938060475,-0.4579834866616269,129.28809491073926,-46.60901833211041,114.71185668632205,FDI
73.10809929527251,2.9025592011789874,1.6597640485442817,2.029605845888283,-0.8135015232045424,0.965147125568913,159.5208991852871,-100.94358237200046,72.20646621690899,FDI
64.81865120547977,1.8859430863203603,1.781075328195848,2.8289229377730427,-2.0669409559277065,0.15321713496129238,-18.553826439476822,-72.91562643964947,43.59443803977945,FDI
75.21966528853233,3.8978289523774787,1.6250785834843833,2.7195032864034543,0.35561069813981505,-0.7783390086038158,93.00897644628193,-27.003594502354552,23.350128869105312,FDI
64.1664043280019,1.4402527611971583,2.6009611108924493,2.5187239933247225,-1.4637363776483263,1.1731956415692764,239.5215128604662,-13.841336207798113,196.93405780251402,FDI
76.73593843099351,1.99342039719591,0.6184739071958548,2.5809898791161703,-0.17696114476735825,-1.324301803415266,86.03309620020418,8.65833714564502,97.44412499467313,FDI
75.98291298788915,2.7659770416342555,1.0937805763344928,2.5475509413330104,-2.4508179336204536,-1.5311104094945054,-3.420258720870507,9.647913774189774,86.27499714926671,FDI
65.65944778613752,0.4772354674023075,1.7742321866227304,2.3989408233289,-0.9496729885014501,0.0710138510423565,-27.76385911983192,27.682081401058635,58.50146489802007,FDI
83.32296560050278,2.8023911947904026,2.58837564125213,2.2264877142495254,0.7494140322232359,0.05215296185033627,94.96492404001509,-36.916799687964115,-15.920131012413364,FDI
57.57614374155205,1.4572153954867444,1.0609241731937058,2.2676945862594073,-0.7979161332664577,2.181825130256485,149.46267992869355,-106.08965615881644,-4.804097623171586,FDI
90.92733449400045,2.8048369304308443,2.1595196014648015,2.2060214629599146,-1.9056047723913472,0.8215130146020615,98.92196331147619,3.665610659515096,54.87569662120434,FDI
85.9613095466986,1.7087661132757306,1.4035692705931309,1.438159940635738,-1.8056912896024029,-0.6088043531776008,132.18551106718326,1.568414659716412,104.46500570661729,FDI
85.3531700266512,1.4106945356956202,1.8460041832452996,1.819420190035125,0.3629952334369385,-1.087665533988927,99.1390869571751,48.632458964821,-45.71183861967924,FDI
57.58813318652731,1.2184787077685435,0.07818978577540436,0.5595888898735943,-0.24607709999333266,-1.0462243226826786,78.4056425118743,0.7052721205545289,70.72448029051561,FDI
92.74518925856121,2.615446396113157,0.6848750934340664,2.2155830234592,1.797303247572687,-1.1283183167978057,-57.1983694169747,-56.313815154950845,4.479055263532281,FDI
95.19772526311297,2.2132760183779805,3.3155418429319834,2.1638037563868275,-1.797576096736454,-0.30417190692772006,-43.87134928754642,17.561987259336856,54.06051330849186,FDI
85.40004387939892,0.6989679355456244,0.9078307975619493,2.966444486199912,-2.083127927362819,-0.49976017531123773,74.04845243425748,1.793464592058962,87.36770419190698,FDI
59.96801278965844,3.212674472283588,2.0044693759945225,3.2137866338823216,1.4119250805315695,-1.1014747859521625,-41.406396949305716,-36.986504425150905,64.51410755190331,FDI
105.57901837610424,-0.200749446865506,1.9200446246998575,1.617985518094852,-1.138325088539377,-0.17086035901286897,-86.00391508035808,33.99341835917663,59.929513985489486,FDI
70.21801357759492,3.3743290756008992,2.0566395652476093,2.5854593376644392,0.023238217774440018,0.4313280551769799,-86.17941325975018,-4.562255123596069,23.857940544530678,FDI
66.22420879294467,4.800088110362832,2.529920802921228,1.4896490425110074,1.212984868268,-0.06475383922724262,37.37096912487301,-77.29224667842671,101.38152131822311,FDI
65.65728034095872,1.2615988547390793,1.7787188693580256,1.3773931334168474,-1.7619615383930558,0.9930474739694615,63.022367601202816,-26.70618958985014,38.615669212475964,FDI
92.855997178612,2.4910678900440075,2.351511562505298,2.204594079562646,0.9579901516250675,0.4893114253143228,168.4275790103253,-20.05156451332096,21.67557367986594,FDI
73.2541252836258,1.824681310981469,1.6612508999307496,2.175567933550467,2.103750145127888,-2.0306294219839685,191.35188336685172,46.17938366461789,49.89496878201096,FDI
93.46739201370794,-0.507462659271033,0.3892775097972394,1.7690383517533212,1.522099656578354,-0.043026528454637586,245.10816547721362,0.5670381497478925,152.63273004101944,FDI
79.87087367418275,2.0059201352865896,2.5686090079950543,0.9148268802297068,0.8407638361098286,-0.35669315534323276,20.154973836689585,46.04720308061658,2.3659033442470303,FDI
84.54746177540012,0.24689366351024056,0.8019659143058602,1.2608421157983567,-3.7229408496116756,-1.0644042750109095,-70.39905208228772,39.24506037400545,246.36942568708372,FDI
50.228369621008966,3.8344375543132525,1.8331668776060548,1.6996342807524527,-2.3530385425391076,0.5808594242837977,121.12878908168838,-11.897248669973589,82.37457850051501,FDI
79.64349872640985,-0.1227469815757094,1.546751149880516,3.7688387205677154,3.4772478725532654,0.026134901387803805,27.545710004742478,-63.420748849646216,37.99260093194259,FDI
83.1377270271949,4.130918854181482,0.46723338048429164,2.071711510239127,1.7376742581007079,0.7836009642550108,93.03475224621437,-116.03434064767842,135.52443620634793,FDI
81.60630958260866,2.3776312235655666,0.6809758648051354,1.5641085362683826,-0.9569237543304885,-1.1880303475878167,143.90635673968126,15.12234059297898,111.2891267994948,FDI
83.72841161970236,1.023919375743361,1.776328478854355,1.4048978336652256,-0.8203265074951935,-1.1704356645759233,187.8765013695314,142.55730728853874,-4.919609132090116,FDI
90.99982314440263,3.382496717628535,2.1578130612750166,2.4981583552384725,-3.3990757961800213,-0.048245185998272266,39.54154202146976,26.724154306324284,55.13168080778124,FDI
77.0706265246631,2.075493114921785,2.592073840540028,1.5576280038091075,0.748744889269783,-0.7815590307511423,48.70607888873289,-68.59574928792124,119.21974913655902,FDI
61.448991510264946,1.5327579250022612,1.334458472311995,2.7498810717531805,1.9938005352017962,0.663312434318131,110.3625257269514,72.02584348284425,-21.49702192804719,FDI
42.900158353192715,2.423054316140868,2.9184953916664136,2.281615019405434,1.8314844873065101,-0.6484245833676695,165.79963027695612,25.87882531107795,-42.7412348944266,FDI
107.24594834431994,1.1521809676584258,1.742538382037154,3.103131407484617,0.04471018406784366,0.3502706945920073,118.2797589035799,6.295407109815855,-26.102801253745852,FDI
79.6822644415034,-0.4008233346990364,1.1732808049551013,2.4099601867674885,-2.314721086107264,-0.2096212380771939,56.42703129393989,-92.35765220301145,139.45249628658405,FDI
89.87122801256616,2.695171478182608,1.8214616263131014,0.8193425303835927,-0.0827776052795044,-1.0179717803961814,-36.16163448301862,-34.23636797072101,63.96817045126868,FDI
55.93965911651956,1.0550294713425374,1.016248279620199,1.9489302281813043,0.14271950630765473,0.5373499592990467,132.29820839984035,28.967263693797644,78.89416971453981,FDI
86.06726225616613,1.0990515491218484,1.4637107662458217,2.949584785510948,-0.27588071578523016,-2.0282194216125453,-19.183885393735608,-113.97486060875687,-38.734689879513354,FDI
86.49072559490722,0.831550475590835,1.0933319029995474,1.4334504683163227,-1.1177771431619323,0.31010055694328487,-11.186469229161915,-86.97784676129437,-16.381408456939653,FDI
75.11778110136808,0.8862995874189273,1.2959572230401362,2.1015289183389587,-1.228598956955175,-0.19094404250204042,43.69761828129735,3.3992334571327483,154.0047281015588,FDI
78.0826406859455,0.26336716283339645,1.3172989507885908,2.467524532546376,0.683723994001082,0.08602258553300032,76.58119841825089,-43.44235495452351,5.253360435604577,FDI
55.57010014060821,3.1071345371459023,1.9596217232215931,1.370905896099989,0.5562255577779249,-1.3449304105444078,262.6961955602507,57.05010795883082,181.37824907957435,FDI
78.42547026993992,3.2821622017430276,2.022101684796147,1.5061360192786033,1.0591705987527578,-0.10428446063091909,-49.007335851285234,-55.62910344826592,45.873593781705765,FDI
62.552707166171075,4.2971962860805135,0.7928798228861267,2.184881485982651,1.241659407041178,-0.7981480599429385,122.41632144641375,-0.45893307508739767,135.2786147143543,FDI
94.22111368364273,1.3922479183280378,1.9831688591993548,0.39146309686549297,2.163363904518218,-1.4217100663408946,9.44773359805533,-117.7663963106294,7.963735927289044,FDI
62.78687741406568,4.5919811065997616,1.3921026534241605,1.304663860147308,0.38505471739838704,0.23775733944297942,172.85712669806298,30.82361908326558,-7.000564288307359,FDI
61.23963926050341,1.8540698224388024,2.0835267247179368,0.9501399590094747,0.31762729506019494,0.41659846973212344,331.72353666506433,-51.70230185095103,192.5098348733762,FDI
73.2947208117637,3.48454888963272,1.9301221301784786,1.5097845038350504,-1.439389948370172,0.19177805116011734,106.56430170208245,-37.64515081592696,111.21859836833033,FDI
53.04739903234048,2.6607625669953503,1.9618607085263193,2.7863683858410746,-0.009818383889086069,-1.9368799801755445,38.67811282611183,-39.63627666167338,87.99895367747963,FDI
96.82931652255675,3.2082095648497324,2.0446850951241555,1.8509782453009223,2.4390796926482157,-0.36442355323854375,24.33646729852534,-88.3214535642968,103.69413168654128,FDI
69.93191102342361,3.635612050713578,1.6239085652174885,0.9423780327840169,-0.2608928418543296,-0.48809030302018763,53.420563794941195,33.39191921981249,50.38047484015537,FDI
57.671286505847476,2.1269217280209904,2.911397272691951,3.2417800035448985,-0.9959595055712593,-0.9434671249275651,156.62860014501376,40.57948603441943,131.3062621099002,FDI
99.55325591710606,1.4705728170385388,2.0033115954149032,0.8413083887062981,0.2381112678547853,-1.5268079867738287,2.8386285114471193,25.1249626140759,123.35541769704946,FDI
58.14761253507172,1.7474609245106927,1.3397504966516163,1.4833565856739372,-0.4550580704714632,-1.2627076741530516,97.12071654167684,22.245128744195274,104.1051504538519,FDI
77.05411976935166,0.00032107036024298097,1.339316791817702,1.4418500695076015,-0.4409015239871488,-0.03091935386725808,59.279881701596786,-0.09018005462623258,150.9121752290307,FDI
57.06760592915705,1.3205151754359243,0.1657648067226032,1.5214455786576377,-0.3680714047004897,-0.011792578126784303,31.16925838306386,-36.93796785016082,229.9384955360357,FDI
75.71313025474524,1.4409111718338972,0.7042133557162051,1.352595782987818,-1.8172182527950806,-1.217348776057271,53.68897431896283,0.3206477294956276,-2.537275032084324,FDI
89.74216501800018,3.896797533032382,1.2774607667410913,2.1526182917992163,1.0357940801504568,-0.3231153126893169,75.73198105762899,-26.046830908839684,-54.303492396833235,FDI
75.94369191381442,2.2239600933964745,2.204858544094998,1.4315894545989796,2.691054962641511,1.2897227801817803,-13.322027523304698,-40.25103370114505,-20.841302498997635,FDI
84.76440596732162,1.3445464459634153,1.6470389230130453,0.7280217273558984,-4.419811250284976,-0.4267010544378486,117.8907268284332,-105.06430884819953,238.60775488995034,FDI
62.80158222480782,2.566476498343212,0.9071434734570769,1.6450715874572182,-2.3296502851424674,-1.940575176955254,-21.72789000977697,13.31032202815133,38.71828179171922,FDI
77.0207225929712,1.2472394000710039,1.2509107171987337,1.9242684267710821,0.9471471022330729,-0.1581899507009233,-2.682761343330995,55.461162240158174,70.5091658684661,FDI
116.98287994212342,1.3640480667185153,1.4764130808565532,3.1218138804762177,1.105045297784187,-0.5513669214386145,66.53781680472474,-1.4613543430799147,50.04042294870129,FDI
86.06998004996545,1.6340645967385785,0.7404963635740862,2.852226029457896,-0.2967841821845155,0.4890832662706651,-60.983477255104546,19.239076867304643,-14.409501000370497,FDI
72.05601090652367,-0.98817031024467,2.598437313565093,2.9557826199524264,-4.979620915130733,0.9924027999223939,-30.110134278701068,-45.45194177513436,25.806123982636507,FDI
89.4322773312443,0.9800088879917328,1.072005972518589,1.7708753223973939,0.53027609605237,-0.8923676572350467,95.36246622710955,6.246433412799281,25.45398690299512,FDI
81.43435659752598,3.804838851840758,1.5783246319298918,1.7488542750613492,-3.0953301933742585,1.0385581249151021,-95.0617353484726,0.05886725455278885,9.2077303494439,FDI
80.86249552034239,0.7070442151749954,2.161061509868226,2.2977175927716345,-1.6560571264384885,-0.6230355852254906,71.1738540462825,-23.58049610416988,25.532138348854645,FDI
68.45120237699187,2.1083672253971844,1.4204257135575111,2.949375848530467,-1.6712779199690155,0.20511753562393284,84.10174942644858,9.712450788897836,123.30290687127933,FDI
71.14822236387207,3.1097532006311273,1.126739885603185,2.1804613733537925,-0.8753378292504383,-1.645080017872822,86.6398939916283,51.831029089026345,151.59962531746098,FDI
77.23679977931609,3.085138800805772,1.5895773600314376,1.075290179252718,0.4176786009784852,1.1369701375830317,-95.79087604046474,17.578119465707424,94.2056133036069,FDI
92.68456846628793,0.37538560562006795,2.9910372316155653,1.5547635860162023,-1.1691512868655254,-0.24847524075599542,67.0615422880381,-65.62011296513249,-5.417524189036257,FDI
90.26531184914629,2.7647704472905716,0.6416502307834139,2.5943064909766345,-0.16922477715422923,-0.9755391793644429,0.7409887315461532,33.67501413187506,169.18219556939226,FDI
86.16558514445347,2.523405693663989,2.6040965005787977,1.6275097108947203,-0.05452732105800506,0.4203679204060071,22.464631921964042,-24.231378889121636,75.27864555493206,FDI
